WeekStart;Year;Week;Area;Population;Cardiocirculatory_rate_per_10000;Respiratory_rate_per_10000;TimeLabel;NO2_mean;PM25_mean;NO2_mean_lag0;NO2_mean_lag0_WeekStart;PM25_mean_lag0;PM25_mean_lag0_WeekStart;NO2_mean_lag1;NO2_mean_lag1_WeekStart;PM25_mean_lag1;PM25_mean_lag1_WeekStart;NO2_mean_lag2;NO2_mean_lag2_WeekStart;PM25_mean_lag2;PM25_mean_lag2_WeekStart;NO2_mean_lag3;NO2_mean_lag3_WeekStart;PM25_mean_lag3;PM25_mean_lag3_WeekStart;NO2_mean_lag4;NO2_mean_lag4_WeekStart;PM25_mean_lag4;PM25_mean_lag4_WeekStart
2016-01-04;2016;1;Agricultural;60892;2.627602969191355;1.642251855744597;2016-01-04;26.048214285714288;39.666666666666664;26.048214285714288;2016-01-04;39.666666666666664;2016-01-04;;;;;;;;;;;;;;;;
2016-01-04;2016;1;Industrial;338383;3.2803066347895724;1.4185109772063016;2016-01-04;33.09804253717297;46.714285714285715;33.09804253717297;2016-01-04;46.714285714285715;2016-01-04;;;;;;;;;;;;;;;;
2016-01-11;2016;2;Agricultural;60892;2.627602969191355;1.9707022268935164;2016-01-11;28.429166666666667;21.857142857142858;28.429166666666667;2016-01-11;21.857142857142858;2016-01-11;26.048214285714288;2016-01-04;39.666666666666664;2016-01-04;;;;;;;;;;;;
2016-01-11;2016;2;Industrial;338383;3.8418005632670673;1.4776156012565644;2016-01-11;35.03193581780538;31.8;35.03193581780538;2016-01-11;31.8;2016-01-11;33.09804253717297;2016-01-04;46.714285714285715;2016-01-04;;;;;;;;;;;;
2016-01-18;2016;3;Agricultural;60892;4.598305196084872;1.642251855744597;2016-01-18;52.285714285714285;72.83333333333333;52.285714285714285;2016-01-18;72.83333333333333;2016-01-18;28.429166666666667;2016-01-11;21.857142857142858;2016-01-11;26.048214285714288;2016-01-04;39.666666666666664;2016-01-04;;;;;;;;
2016-01-18;2016;3;Industrial;338383;3.6644866911162794;1.3889586651811705;2016-01-18;52.227380952380955;60.166666666666664;52.227380952380955;2016-01-18;60.166666666666664;2016-01-18;35.03193581780538;2016-01-11;31.8;2016-01-11;33.09804253717297;2016-01-04;46.714285714285715;2016-01-04;;;;;;;;
2016-01-25;2016;4;Agricultural;60892;3.777179268212573;2.299152598042436;2016-01-25;65.37440476190476;94.33333333333333;65.37440476190476;2016-01-25;94.33333333333333;2016-01-25;52.285714285714285;2016-01-18;72.83333333333333;2016-01-18;28.429166666666667;2016-01-11;21.857142857142858;2016-01-11;26.048214285714288;2016-01-04;39.666666666666664;2016-01-04;;;;
2016-01-25;2016;4;Industrial;338383;4.225980619593774;1.448063289231433;2016-01-25;51.543452380952374;78.42857142857143;51.543452380952374;2016-01-25;78.42857142857143;2016-01-25;52.227380952380955;2016-01-18;60.166666666666664;2016-01-18;35.03193581780538;2016-01-11;31.8;2016-01-11;33.09804253717297;2016-01-04;46.714285714285715;2016-01-04;;;;
2016-02-01;2016;5;Agricultural;60892;3.4487288970636536;2.134927412467976;2016-02-01;37.378131469979294;36.142857142857146;37.378131469979294;2016-02-01;36.142857142857146;2016-02-01;65.37440476190476;2016-01-25;94.33333333333333;2016-01-25;52.285714285714285;2016-01-18;72.83333333333333;2016-01-18;28.429166666666667;2016-01-11;21.857142857142858;2016-01-11;26.048214285714288;2016-01-04;39.666666666666664;2016-01-04
2016-02-01;2016;5;Industrial;338383;3.9009051873173295;1.0934355449298576;2016-02-01;34.48817287784679;37.0;34.48817287784679;2016-02-01;37.0;2016-02-01;51.543452380952374;2016-01-25;78.42857142857143;2016-01-25;52.227380952380955;2016-01-18;60.166666666666664;2016-01-18;35.03193581780538;2016-01-11;31.8;2016-01-11;33.09804253717297;2016-01-04;46.714285714285715;2016-01-04
2016-02-08;2016;6;Agricultural;60892;2.9560533403402744;0.9853511134467582;2016-02-08;30.795238095238098;31.142857142857142;30.795238095238098;2016-02-08;31.142857142857142;2016-02-08;37.378131469979294;2016-02-01;36.142857142857146;2016-02-01;65.37440476190476;2016-01-25;94.33333333333333;2016-01-25;52.285714285714285;2016-01-18;72.83333333333333;2016-01-18;28.429166666666667;2016-01-11;21.857142857142858;2016-01-11
2016-02-08;2016;6;Industrial;338383;3.989562123392724;1.654929473407352;2016-02-08;34.346428571428575;29.0;34.346428571428575;2016-02-08;29.0;2016-02-08;34.48817287784679;2016-02-01;37.0;2016-02-01;51.543452380952374;2016-01-25;78.42857142857143;2016-01-25;52.227380952380955;2016-01-18;60.166666666666664;2016-01-18;35.03193581780538;2016-01-11;31.8;2016-01-11
2016-02-15;2016;7;Agricultural;60892;3.4487288970636536;3.1202785259147343;2016-02-15;28.9375;27.428571428571427;28.9375;2016-02-15;27.428571428571427;2016-02-15;30.795238095238098;2016-02-08;31.142857142857142;2016-02-08;37.378131469979294;2016-02-01;36.142857142857146;2016-02-01;65.37440476190476;2016-01-25;94.33333333333333;2016-01-25;52.285714285714285;2016-01-18;72.83333333333333;2016-01-18
2016-02-15;2016;7;Industrial;338383;4.0486667474429865;1.6253771613822208;2016-02-15;34.33571428571428;26.0;34.33571428571428;2016-02-15;26.0;2016-02-15;34.346428571428575;2016-02-08;29.0;2016-02-08;34.48817287784679;2016-02-01;37.0;2016-02-01;51.543452380952374;2016-01-25;78.42857142857143;2016-01-25;52.227380952380955;2016-01-18;60.166666666666664;2016-01-18
2016-02-22;2016;8;Agricultural;60892;4.269854824935952;1.4780266701701372;2016-02-22;22.80595238095238;31.0;22.80595238095238;2016-02-22;31.0;2016-02-22;28.9375;2016-02-15;27.428571428571427;2016-02-15;30.795238095238098;2016-02-08;31.142857142857142;2016-02-08;37.378131469979294;2016-02-01;36.142857142857146;2016-02-01;65.37440476190476;2016-01-25;94.33333333333333;2016-01-25
2016-02-22;2016;8;Industrial;338383;4.107771371493248;1.3298540411309079;2016-02-22;30.020238095238096;57.0;30.020238095238096;2016-02-22;57.0;2016-02-22;34.33571428571428;2016-02-15;26.0;2016-02-15;34.346428571428575;2016-02-08;29.0;2016-02-08;34.48817287784679;2016-02-01;37.0;2016-02-01;51.543452380952374;2016-01-25;78.42857142857143;2016-01-25
2016-02-29;2016;9;Agricultural;60892;2.9560533403402744;1.3138014845956776;2016-02-29;22.701569264069263;22.428571428571427;22.701569264069263;2016-02-29;22.428571428571427;2016-02-29;22.80595238095238;2016-02-22;31.0;2016-02-22;28.9375;2016-02-15;27.428571428571427;2016-02-15;30.795238095238098;2016-02-08;31.142857142857142;2016-02-08;37.378131469979294;2016-02-01;36.142857142857146;2016-02-01
2016-02-29;2016;9;Industrial;338383;3.7235913151665416;1.3889586651811705;2016-02-29;26.83566252587992;25.666666666666668;26.83566252587992;2016-02-29;25.666666666666668;2016-02-29;30.020238095238096;2016-02-22;57.0;2016-02-22;34.33571428571428;2016-02-15;26.0;2016-02-15;34.346428571428575;2016-02-08;29.0;2016-02-08;34.48817287784679;2016-02-01;37.0;2016-02-01
2016-03-07;2016;10;Agricultural;60892;3.4487288970636536;1.4780266701701372;2016-03-07;23.798214285714288;31.142857142857142;23.798214285714288;2016-03-07;31.142857142857142;2016-03-07;22.701569264069263;2016-02-29;22.428571428571427;2016-02-29;22.80595238095238;2016-02-22;31.0;2016-02-22;28.9375;2016-02-15;27.428571428571427;2016-02-15;30.795238095238098;2016-02-08;31.142857142857142;2016-02-08
2016-03-07;2016;10;Industrial;338383;3.2212020107393102;0.9752262968293324;2016-03-07;31.833333333333336;31.833333333333332;31.833333333333336;2016-03-07;31.833333333333332;2016-03-07;26.83566252587992;2016-02-29;25.666666666666668;2016-02-29;30.020238095238096;2016-02-22;57.0;2016-02-22;34.33571428571428;2016-02-15;26.0;2016-02-15;34.346428571428575;2016-02-08;29.0;2016-02-08
2016-03-14;2016;11;Agricultural;60892;3.6129540826381135;1.149576299021218;2016-03-14;21.648214285714285;26.0;21.648214285714285;2016-03-14;26.0;2016-03-14;23.798214285714288;2016-03-07;31.142857142857142;2016-03-07;22.701569264069263;2016-02-29;22.428571428571427;2016-02-29;22.80595238095238;2016-02-22;31.0;2016-02-22;28.9375;2016-02-15;27.428571428571427;2016-02-15
2016-03-14;2016;11;Industrial;338383;3.6644866911162794;1.6253771613822208;2016-03-14;33.667857142857144;29.6;33.667857142857144;2016-03-14;29.6;2016-03-14;31.833333333333336;2016-03-07;31.833333333333332;2016-03-07;26.83566252587992;2016-02-29;25.666666666666668;2016-02-29;30.020238095238096;2016-02-22;57.0;2016-02-22;34.33571428571428;2016-02-15;26.0;2016-02-15
2016-03-21;2016;12;Agricultural;60892;3.4487288970636536;2.134927412467976;2016-03-21;19.755357142857143;28.857142857142858;19.755357142857143;2016-03-21;28.857142857142858;2016-03-21;21.648214285714285;2016-03-14;26.0;2016-03-14;23.798214285714288;2016-03-07;31.142857142857142;2016-03-07;22.701569264069263;2016-02-29;22.428571428571427;2016-02-29;22.80595238095238;2016-02-22;31.0;2016-02-22
2016-03-21;2016;12;Industrial;338383;3.487172818965492;1.6253771613822208;2016-03-21;26.842857142857145;30.857142857142858;26.842857142857145;2016-03-21;30.857142857142858;2016-03-21;33.667857142857144;2016-03-14;29.6;2016-03-14;31.833333333333336;2016-03-07;31.833333333333332;2016-03-07;26.83566252587992;2016-02-29;25.666666666666668;2016-02-29;30.020238095238096;2016-02-22;57.0;2016-02-22
2016-03-28;2016;13;Agricultural;60892;3.9414044537870327;0.9853511134467582;2016-03-28;21.560714285714287;30.714285714285715;21.560714285714287;2016-03-28;30.714285714285715;2016-03-28;19.755357142857143;2016-03-21;28.857142857142858;2016-03-21;21.648214285714285;2016-03-14;26.0;2016-03-14;23.798214285714288;2016-03-07;31.142857142857142;2016-03-07;22.701569264069263;2016-02-29;22.428571428571427;2016-02-29
2016-03-28;2016;13;Industrial;338383;3.516725130990623;1.1820924810052513;2016-03-28;25.826785714285712;30.714285714285715;25.826785714285712;2016-03-28;30.714285714285715;2016-03-28;26.842857142857145;2016-03-21;30.857142857142858;2016-03-21;33.667857142857144;2016-03-14;29.6;2016-03-14;31.833333333333336;2016-03-07;31.833333333333332;2016-03-07;26.83566252587992;2016-02-29;25.666666666666668;2016-02-29
2016-04-04;2016;14;Agricultural;60892;2.627602969191355;1.149576299021218;2016-04-04;16.89404761904762;33.857142857142854;16.89404761904762;2016-04-04;33.857142857142854;2016-04-04;21.560714285714287;2016-03-28;30.714285714285715;2016-03-28;19.755357142857143;2016-03-21;28.857142857142858;2016-03-21;21.648214285714285;2016-03-14;26.0;2016-03-14;23.798214285714288;2016-03-07;31.142857142857142;2016-03-07
2016-04-04;2016;14;Industrial;338383;2.9847835145382597;1.3889586651811705;2016-04-04;24.8745670995671;38.714285714285715;24.8745670995671;2016-04-04;38.714285714285715;2016-04-04;25.826785714285712;2016-03-28;30.714285714285715;2016-03-28;26.842857142857145;2016-03-21;30.857142857142858;2016-03-21;33.667857142857144;2016-03-14;29.6;2016-03-14;31.833333333333336;2016-03-07;31.833333333333332;2016-03-07
2016-04-11;2016;15;Agricultural;60892;2.627602969191355;0.6569007422978388;2016-04-11;16.883928571428573;14.285714285714286;16.883928571428573;2016-04-11;14.285714285714286;2016-04-11;16.89404761904762;2016-04-04;33.857142857142854;2016-04-04;21.560714285714287;2016-03-28;30.714285714285715;2016-03-28;19.755357142857143;2016-03-21;28.857142857142858;2016-03-21;21.648214285714285;2016-03-14;26.0;2016-03-14
2016-04-11;2016;15;Industrial;338383;3.2212020107393102;1.4185109772063016;2016-04-11;19.172619047619047;15.428571428571429;19.172619047619047;2016-04-11;15.428571428571429;2016-04-11;24.8745670995671;2016-04-04;38.714285714285715;2016-04-04;25.826785714285712;2016-03-28;30.714285714285715;2016-03-28;26.842857142857145;2016-03-21;30.857142857142858;2016-03-21;33.667857142857144;2016-03-14;29.6;2016-03-14
2016-04-18;2016;16;Agricultural;60892;2.299152598042436;1.4780266701701372;2016-04-18;14.817675983436853;15.6;14.817675983436853;2016-04-18;15.6;2016-04-18;16.883928571428573;2016-04-11;14.285714285714286;2016-04-11;16.89404761904762;2016-04-04;33.857142857142854;2016-04-04;21.560714285714287;2016-03-28;30.714285714285715;2016-03-28;19.755357142857143;2016-03-21;28.857142857142858;2016-03-21
2016-04-18;2016;16;Industrial;338383;3.398515882890098;1.1820924810052513;2016-04-18;22.14464285714286;16.0;22.14464285714286;2016-04-18;16.0;2016-04-18;19.172619047619047;2016-04-11;15.428571428571429;2016-04-11;24.8745670995671;2016-04-04;38.714285714285715;2016-04-04;25.826785714285712;2016-03-28;30.714285714285715;2016-03-28;26.842857142857145;2016-03-21;30.857142857142858;2016-03-21
2016-04-25;2016;17;Agricultural;60892;2.627602969191355;0.6569007422978388;2016-04-25;14.15;;14.15;2016-04-25;;2016-04-25;14.817675983436853;2016-04-18;15.6;2016-04-18;16.883928571428573;2016-04-11;14.285714285714286;2016-04-11;16.89404761904762;2016-04-04;33.857142857142854;2016-04-04;21.560714285714287;2016-03-28;30.714285714285715;2016-03-28
2016-04-25;2016;17;Industrial;338383;3.1325450746639163;1.0934355449298576;2016-04-25;15.894642857142857;11.25;15.894642857142857;2016-04-25;11.25;2016-04-25;22.14464285714286;2016-04-18;16.0;2016-04-18;19.172619047619047;2016-04-11;15.428571428571429;2016-04-11;24.8745670995671;2016-04-04;38.714285714285715;2016-04-04;25.826785714285712;2016-03-28;30.714285714285715;2016-03-28
2016-05-02;2016;18;Agricultural;60892;3.1202785259147343;1.4780266701701372;2016-05-02;19.45892857142857;14.2;19.45892857142857;2016-05-02;14.2;2016-05-02;14.15;2016-04-25;;2016-04-25;14.817675983436853;2016-04-18;15.6;2016-04-18;16.883928571428573;2016-04-11;14.285714285714286;2016-04-11;16.89404761904762;2016-04-04;33.857142857142854;2016-04-04
2016-05-02;2016;18;Industrial;338383;4.225980619593774;1.2116447930303829;2016-05-02;19.719616977225673;14.5;19.719616977225673;2016-05-02;14.5;2016-05-02;15.894642857142857;2016-04-25;11.25;2016-04-25;22.14464285714286;2016-04-18;16.0;2016-04-18;19.172619047619047;2016-04-11;15.428571428571429;2016-04-11;24.8745670995671;2016-04-04;38.714285714285715;2016-04-04
2016-05-09;2016;19;Agricultural;60892;2.9560533403402744;1.4780266701701372;2016-05-09;16.662608225108226;23.428571428571427;16.662608225108226;2016-05-09;23.428571428571427;2016-05-09;19.45892857142857;2016-05-02;14.2;2016-05-02;14.15;2016-04-25;;2016-04-25;14.817675983436853;2016-04-18;15.6;2016-04-18;16.883928571428573;2016-04-11;14.285714285714286;2016-04-11
2016-05-09;2016;19;Industrial;338383;3.516725130990623;1.0934355449298576;2016-05-09;20.190434565434565;18.5;20.190434565434565;2016-05-09;18.5;2016-05-09;19.719616977225673;2016-05-02;14.5;2016-05-02;15.894642857142857;2016-04-25;11.25;2016-04-25;22.14464285714286;2016-04-18;16.0;2016-04-18;19.172619047619047;2016-04-11;15.428571428571429;2016-04-11
2016-05-16;2016;20;Agricultural;60892;3.1202785259147343;1.4780266701701372;2016-05-16;14.45;14.25;14.45;2016-05-16;14.25;2016-05-16;16.662608225108226;2016-05-09;23.428571428571427;2016-05-09;19.45892857142857;2016-05-02;14.2;2016-05-02;14.15;2016-04-25;;2016-04-25;14.817675983436853;2016-04-18;15.6;2016-04-18
2016-05-16;2016;20;Industrial;338383;3.0734404506136537;1.0934355449298576;2016-05-16;17.204166666666666;11.714285714285714;17.204166666666666;2016-05-16;11.714285714285714;2016-05-16;20.190434565434565;2016-05-09;18.5;2016-05-09;19.719616977225673;2016-05-02;14.5;2016-05-02;15.894642857142857;2016-04-25;11.25;2016-04-25;22.14464285714286;2016-04-18;16.0;2016-04-18
2016-05-23;2016;21;Agricultural;60892;2.9560533403402744;1.149576299021218;2016-05-23;15.110714285714286;19.666666666666668;15.110714285714286;2016-05-23;19.666666666666668;2016-05-23;14.45;2016-05-16;14.25;2016-05-16;16.662608225108226;2016-05-09;23.428571428571427;2016-05-09;19.45892857142857;2016-05-02;14.2;2016-05-02;14.15;2016-04-25;;2016-04-25
2016-05-23;2016;21;Industrial;338383;3.1620973866890476;0.7683601126534134;2016-05-23;20.869642857142857;19.333333333333332;20.869642857142857;2016-05-23;19.333333333333332;2016-05-23;17.204166666666666;2016-05-16;11.714285714285714;2016-05-16;20.190434565434565;2016-05-09;18.5;2016-05-09;19.719616977225673;2016-05-02;14.5;2016-05-02;15.894642857142857;2016-04-25;11.25;2016-04-25
2016-05-30;2016;22;Agricultural;60892;4.434080010510412;1.149576299021218;2016-05-30;16.017857142857142;21.428571428571427;16.017857142857142;2016-05-30;21.428571428571427;2016-05-30;15.110714285714286;2016-05-23;19.666666666666668;2016-05-23;14.45;2016-05-16;14.25;2016-05-16;16.662608225108226;2016-05-09;23.428571428571427;2016-05-09;19.45892857142857;2016-05-02;14.2;2016-05-02
2016-05-30;2016;22;Industrial;338383;3.309858946814704;1.3298540411309079;2016-05-30;16.91488095238095;11.2;16.91488095238095;2016-05-30;11.2;2016-05-30;20.869642857142857;2016-05-23;19.333333333333332;2016-05-23;17.204166666666666;2016-05-16;11.714285714285714;2016-05-16;20.190434565434565;2016-05-09;18.5;2016-05-09;19.719616977225673;2016-05-02;14.5;2016-05-02
2016-06-06;2016;23;Agricultural;60892;2.4633777836168957;1.149576299021218;2016-06-06;20.91488095238095;30.0;20.91488095238095;2016-06-06;30.0;2016-06-06;16.017857142857142;2016-05-30;21.428571428571427;2016-05-30;15.110714285714286;2016-05-23;19.666666666666668;2016-05-23;14.45;2016-05-16;14.25;2016-05-16;16.662608225108226;2016-05-09;23.428571428571427;2016-05-09
2016-06-06;2016;23;Industrial;338383;2.600603458211553;1.0047786088544637;2016-06-06;15.13;13.4;15.13;2016-06-06;13.4;2016-06-06;16.91488095238095;2016-05-30;11.2;2016-05-30;20.869642857142857;2016-05-23;19.333333333333332;2016-05-23;17.204166666666666;2016-05-16;11.714285714285714;2016-05-16;20.190434565434565;2016-05-09;18.5;2016-05-09
2016-06-13;2016;24;Agricultural;60892;3.1202785259147343;0.3284503711489194;2016-06-13;13.641071428571427;12.5;13.641071428571427;2016-06-13;12.5;2016-06-13;20.91488095238095;2016-06-06;30.0;2016-06-06;16.017857142857142;2016-05-30;21.428571428571427;2016-05-30;15.110714285714286;2016-05-23;19.666666666666668;2016-05-23;14.45;2016-05-16;14.25;2016-05-16
2016-06-13;2016;24;Industrial;338383;3.6349343790911486;0.9161216727790699;2016-06-13;15.928571428571429;13.333333333333334;15.928571428571429;2016-06-13;13.333333333333334;2016-06-13;15.13;2016-06-06;13.4;2016-06-06;16.91488095238095;2016-05-30;11.2;2016-05-30;20.869642857142857;2016-05-23;19.333333333333332;2016-05-23;17.204166666666666;2016-05-16;11.714285714285714;2016-05-16
2016-06-20;2016;25;Agricultural;60892;3.1202785259147343;0.4926755567233791;2016-06-20;20.10654761904762;20.857142857142858;20.10654761904762;2016-06-20;20.857142857142858;2016-06-20;13.641071428571427;2016-06-13;12.5;2016-06-13;20.91488095238095;2016-06-06;30.0;2016-06-06;16.017857142857142;2016-05-30;21.428571428571427;2016-05-30;15.110714285714286;2016-05-23;19.666666666666668;2016-05-23
2016-06-20;2016;25;Industrial;338383;4.432846803769693;1.034330920879595;2016-06-20;17.8620082815735;18.714285714285715;17.8620082815735;2016-06-20;18.714285714285715;2016-06-20;15.928571428571429;2016-06-13;13.333333333333334;2016-06-13;15.13;2016-06-06;13.4;2016-06-06;16.91488095238095;2016-05-30;11.2;2016-05-30;20.869642857142857;2016-05-23;19.333333333333332;2016-05-23
2016-06-27;2016;26;Agricultural;60892;1.3138014845956776;0.9853511134467582;2016-06-27;14.174999999999999;15.428571428571429;14.174999999999999;2016-06-27;15.428571428571429;2016-06-27;20.10654761904762;2016-06-20;20.857142857142858;2016-06-20;13.641071428571427;2016-06-13;12.5;2016-06-13;20.91488095238095;2016-06-06;30.0;2016-06-06;16.017857142857142;2016-05-30;21.428571428571427;2016-05-30
2016-06-27;2016;26;Industrial;338383;3.487172818965492;1.2116447930303829;2016-06-27;20.201597496706192;9.25;20.201597496706192;2016-06-27;9.25;2016-06-27;17.8620082815735;2016-06-20;18.714285714285715;2016-06-20;15.928571428571429;2016-06-13;13.333333333333334;2016-06-13;15.13;2016-06-06;13.4;2016-06-06;16.91488095238095;2016-05-30;11.2;2016-05-30
2016-07-04;2016;27;Agricultural;60892;3.284503711489194;0.8211259278722985;2016-07-04;14.411309523809523;18.285714285714285;14.411309523809523;2016-07-04;18.285714285714285;2016-07-04;14.174999999999999;2016-06-27;15.428571428571429;2016-06-27;20.10654761904762;2016-06-20;20.857142857142858;2016-06-20;13.641071428571427;2016-06-13;12.5;2016-06-13;20.91488095238095;2016-06-06;30.0;2016-06-06
2016-07-04;2016;27;Industrial;338383;3.398515882890098;1.0638832329047263;2016-07-04;16.99599816849817;15.0;16.99599816849817;2016-07-04;15.0;2016-07-04;20.201597496706192;2016-06-27;9.25;2016-06-27;17.8620082815735;2016-06-20;18.714285714285715;2016-06-20;15.928571428571429;2016-06-13;13.333333333333334;2016-06-13;15.13;2016-06-06;13.4;2016-06-06
2016-07-11;2016;28;Agricultural;60892;3.284503711489194;1.4780266701701372;2016-07-11;14.478571428571428;11.833333333333334;14.478571428571428;2016-07-11;11.833333333333334;2016-07-11;14.411309523809523;2016-07-04;18.285714285714285;2016-07-04;14.174999999999999;2016-06-27;15.428571428571429;2016-06-27;20.10654761904762;2016-06-20;20.857142857142858;2016-06-20;13.641071428571427;2016-06-13;12.5;2016-06-13
2016-07-11;2016;28;Industrial;338383;4.0486667474429865;0.827464736703676;2016-07-11;16.686904761904763;;16.686904761904763;2016-07-11;;2016-07-11;16.99599816849817;2016-07-04;15.0;2016-07-04;20.201597496706192;2016-06-27;9.25;2016-06-27;17.8620082815735;2016-06-20;18.714285714285715;2016-06-20;15.928571428571429;2016-06-13;13.333333333333334;2016-06-13
2016-07-18;2016;29;Agricultural;60892;4.762530381659332;0.6569007422978388;2016-07-18;17.95595238095238;18.571428571428573;17.95595238095238;2016-07-18;18.571428571428573;2016-07-18;14.478571428571428;2016-07-11;11.833333333333334;2016-07-11;14.411309523809523;2016-07-04;18.285714285714285;2016-07-04;14.174999999999999;2016-06-27;15.428571428571429;2016-06-27;20.10654761904762;2016-06-20;20.857142857142858;2016-06-20
2016-07-18;2016;29;Industrial;338383;3.014335826563391;1.2116447930303829;2016-07-18;22.65297619047619;22.333333333333332;22.65297619047619;2016-07-18;22.333333333333332;2016-07-18;16.686904761904763;2016-07-11;;2016-07-11;16.99599816849817;2016-07-04;15.0;2016-07-04;20.201597496706192;2016-06-27;9.25;2016-06-27;17.8620082815735;2016-06-20;18.714285714285715;2016-06-20
2016-07-25;2016;30;Agricultural;60892;3.9414044537870327;1.4780266701701372;2016-07-25;15.477380952380953;15.0;15.477380952380953;2016-07-25;15.0;2016-07-25;17.95595238095238;2016-07-18;18.571428571428573;2016-07-18;14.478571428571428;2016-07-11;11.833333333333334;2016-07-11;14.411309523809523;2016-07-04;18.285714285714285;2016-07-04;14.174999999999999;2016-06-27;15.428571428571429;2016-06-27
2016-07-25;2016;30;Industrial;338383;2.7483650183372093;0.8865693607539386;2016-07-25;18.21309523809524;13.0;18.21309523809524;2016-07-25;13.0;2016-07-25;22.65297619047619;2016-07-18;22.333333333333332;2016-07-18;16.686904761904763;2016-07-11;;2016-07-11;16.99599816849817;2016-07-04;15.0;2016-07-04;20.201597496706192;2016-06-27;9.25;2016-06-27
2016-08-01;2016;31;Agricultural;60892;3.6129540826381135;0.8211259278722985;2016-08-01;13.287499999999998;11.0;13.287499999999998;2016-08-01;11.0;2016-08-01;15.477380952380953;2016-07-25;15.0;2016-07-25;17.95595238095238;2016-07-18;18.571428571428573;2016-07-18;14.478571428571428;2016-07-11;11.833333333333334;2016-07-11;14.411309523809523;2016-07-04;18.285714285714285;2016-07-04
2016-08-01;2016;31;Industrial;338383;2.955231202513129;0.6797031765780196;2016-08-01;16.29611801242236;7.285714285714286;16.29611801242236;2016-08-01;7.285714285714286;2016-08-01;18.21309523809524;2016-07-25;13.0;2016-07-25;22.65297619047619;2016-07-18;22.333333333333332;2016-07-18;16.686904761904763;2016-07-11;;2016-07-11;16.99599816849817;2016-07-04;15.0;2016-07-04
2016-08-08;2016;32;Agricultural;60892;2.9560533403402744;1.149576299021218;2016-08-08;11.763690476190476;12.0;11.763690476190476;2016-08-08;12.0;2016-08-08;13.287499999999998;2016-08-01;11.0;2016-08-01;15.477380952380953;2016-07-25;15.0;2016-07-25;17.95595238095238;2016-07-18;18.571428571428573;2016-07-18;14.478571428571428;2016-07-11;11.833333333333334;2016-07-11
2016-08-08;2016;32;Industrial;338383;2.6597080822618158;0.6797031765780196;2016-08-08;14.053571428571429;10.5;14.053571428571429;2016-08-08;10.5;2016-08-08;16.29611801242236;2016-08-01;7.285714285714286;2016-08-01;18.21309523809524;2016-07-25;13.0;2016-07-25;22.65297619047619;2016-07-18;22.333333333333332;2016-07-18;16.686904761904763;2016-07-11;;2016-07-11
2016-08-15;2016;33;Agricultural;60892;2.627602969191355;0.8211259278722985;2016-08-15;11.148809523809524;16.857142857142858;11.148809523809524;2016-08-15;16.857142857142858;2016-08-15;11.763690476190476;2016-08-08;12.0;2016-08-08;13.287499999999998;2016-08-01;11.0;2016-08-01;15.477380952380953;2016-07-25;15.0;2016-07-25;17.95595238095238;2016-07-18;18.571428571428573;2016-07-18
2016-08-15;2016;33;Industrial;338383;2.6301557702366845;0.7388078006282822;2016-08-15;11.454761904761906;10.75;11.454761904761906;2016-08-15;10.75;2016-08-15;14.053571428571429;2016-08-08;10.5;2016-08-08;16.29611801242236;2016-08-01;7.285714285714286;2016-08-01;18.21309523809524;2016-07-25;13.0;2016-07-25;22.65297619047619;2016-07-18;22.333333333333332;2016-07-18
2016-08-22;2016;34;Agricultural;60892;3.284503711489194;1.8064770413190567;2016-08-22;16.501190476190477;15.714285714285714;16.501190476190477;2016-08-22;15.714285714285714;2016-08-22;11.148809523809524;2016-08-15;16.857142857142858;2016-08-15;11.763690476190476;2016-08-08;12.0;2016-08-08;13.287499999999998;2016-08-01;11.0;2016-08-01;15.477380952380953;2016-07-25;15.0;2016-07-25
2016-08-22;2016;34;Industrial;338383;2.837021954412603;0.8570170487288072;2016-08-22;15.285714285714286;13.333333333333334;15.285714285714286;2016-08-22;13.333333333333334;2016-08-22;11.454761904761906;2016-08-15;10.75;2016-08-15;14.053571428571429;2016-08-08;10.5;2016-08-08;16.29611801242236;2016-08-01;7.285714285714286;2016-08-01;18.21309523809524;2016-07-25;13.0;2016-07-25
2016-08-29;2016;35;Agricultural;60892;3.6129540826381135;1.149576299021218;2016-08-29;19.329761904761906;23.571428571428573;19.329761904761906;2016-08-29;23.571428571428573;2016-08-29;16.501190476190477;2016-08-22;15.714285714285714;2016-08-22;11.148809523809524;2016-08-15;16.857142857142858;2016-08-15;11.763690476190476;2016-08-08;12.0;2016-08-08;13.287499999999998;2016-08-01;11.0;2016-08-01
2016-08-29;2016;35;Industrial;338383;2.7188127063120784;1.034330920879595;2016-08-29;19.651785714285715;17.142857142857142;19.651785714285715;2016-08-29;17.142857142857142;2016-08-29;15.285714285714286;2016-08-22;13.333333333333334;2016-08-22;11.454761904761906;2016-08-15;10.75;2016-08-15;14.053571428571429;2016-08-08;10.5;2016-08-08;16.29611801242236;2016-08-01;7.285714285714286;2016-08-01
2016-09-05;2016;36;Agricultural;60892;4.105629639361493;0.4926755567233791;2016-09-05;20.511878881987577;23.142857142857142;20.511878881987577;2016-09-05;23.142857142857142;2016-09-05;19.329761904761906;2016-08-29;23.571428571428573;2016-08-29;16.501190476190477;2016-08-22;15.714285714285714;2016-08-22;11.148809523809524;2016-08-15;16.857142857142858;2016-08-15;11.763690476190476;2016-08-08;12.0;2016-08-08
2016-09-05;2016;36;Industrial;338383;3.2803066347895724;0.7388078006282822;2016-09-05;20.35952380952381;15.428571428571429;20.35952380952381;2016-09-05;15.428571428571429;2016-09-05;19.651785714285715;2016-08-29;17.142857142857142;2016-08-29;15.285714285714286;2016-08-22;13.333333333333334;2016-08-22;11.454761904761906;2016-08-15;10.75;2016-08-15;14.053571428571429;2016-08-08;10.5;2016-08-08
2016-09-12;2016;37;Agricultural;60892;2.791828154765815;1.9707022268935164;2016-09-12;21.802380952380954;28.0;21.802380952380954;2016-09-12;28.0;2016-09-12;20.511878881987577;2016-09-05;23.142857142857142;2016-09-05;19.329761904761906;2016-08-29;23.571428571428573;2016-08-29;16.501190476190477;2016-08-22;15.714285714285714;2016-08-22;11.148809523809524;2016-08-15;16.857142857142858;2016-08-15
2016-09-12;2016;37;Industrial;338383;3.8122482512419356;0.9456739848042012;2016-09-12;20.363095238095237;21.2;20.363095238095237;2016-09-12;21.2;2016-09-12;20.35952380952381;2016-09-05;15.428571428571429;2016-09-05;19.651785714285715;2016-08-29;17.142857142857142;2016-08-29;15.285714285714286;2016-08-22;13.333333333333334;2016-08-22;11.454761904761906;2016-08-15;10.75;2016-08-15
2016-09-19;2016;38;Agricultural;60892;2.9560533403402744;0.9853511134467582;2016-09-19;23.419642857142858;22.285714285714285;23.419642857142858;2016-09-19;22.285714285714285;2016-09-19;21.802380952380954;2016-09-12;28.0;2016-09-12;20.511878881987577;2016-09-05;23.142857142857142;2016-09-05;19.329761904761906;2016-08-29;23.571428571428573;2016-08-29;16.501190476190477;2016-08-22;15.714285714285714;2016-08-22
2016-09-19;2016;38;Industrial;338383;3.3689635708649663;1.1525401689801202;2016-09-19;20.051190476190474;15.285714285714286;20.051190476190474;2016-09-19;15.285714285714286;2016-09-19;20.363095238095237;2016-09-12;21.2;2016-09-12;20.35952380952381;2016-09-05;15.428571428571429;2016-09-05;19.651785714285715;2016-08-29;17.142857142857142;2016-08-29;15.285714285714286;2016-08-22;13.333333333333334;2016-08-22
2016-09-26;2016;39;Agricultural;60892;3.284503711489194;1.642251855744597;2016-09-26;27.78095238095238;41.142857142857146;27.78095238095238;2016-09-26;41.142857142857146;2016-09-26;23.419642857142858;2016-09-19;22.285714285714285;2016-09-19;21.802380952380954;2016-09-12;28.0;2016-09-12;20.511878881987577;2016-09-05;23.142857142857142;2016-09-05;19.329761904761906;2016-08-29;23.571428571428573;2016-08-29
2016-09-26;2016;39;Industrial;338383;3.398515882890098;1.0934355449298576;2016-09-26;24.905357142857145;33.833333333333336;24.905357142857145;2016-09-26;33.833333333333336;2016-09-26;20.051190476190474;2016-09-19;15.285714285714286;2016-09-19;20.363095238095237;2016-09-12;21.2;2016-09-12;20.35952380952381;2016-09-05;15.428571428571429;2016-09-05;19.651785714285715;2016-08-29;17.142857142857142;2016-08-29
2016-10-03;2016;40;Agricultural;60892;3.777179268212573;0.9853511134467582;2016-10-03;23.851785714285715;18.0;23.851785714285715;2016-10-03;18.0;2016-10-03;27.78095238095238;2016-09-26;41.142857142857146;2016-09-26;23.419642857142858;2016-09-19;22.285714285714285;2016-09-19;21.802380952380954;2016-09-12;28.0;2016-09-12;20.511878881987577;2016-09-05;23.142857142857142;2016-09-05
2016-10-03;2016;40;Industrial;338383;3.516725130990623;0.9752262968293324;2016-10-03;23.113690476190477;18.285714285714285;23.113690476190477;2016-10-03;18.285714285714285;2016-10-03;24.905357142857145;2016-09-26;33.833333333333336;2016-09-26;20.051190476190474;2016-09-19;15.285714285714286;2016-09-19;20.363095238095237;2016-09-12;21.2;2016-09-12;20.35952380952381;2016-09-05;15.428571428571429;2016-09-05
2016-10-10;2016;41;Agricultural;60892;3.284503711489194;0.8211259278722985;2016-10-10;27.156754658385093;19.428571428571427;27.156754658385093;2016-10-10;19.428571428571427;2016-10-10;23.851785714285715;2016-10-03;18.0;2016-10-03;27.78095238095238;2016-09-26;41.142857142857146;2016-09-26;23.419642857142858;2016-09-19;22.285714285714285;2016-09-19;21.802380952380954;2016-09-12;28.0;2016-09-12
2016-10-10;2016;41;Industrial;338383;3.428068194915229;1.1820924810052513;2016-10-10;22.375;17.166666666666668;22.375;2016-10-10;17.166666666666668;2016-10-10;23.113690476190477;2016-10-03;18.285714285714285;2016-10-03;24.905357142857145;2016-09-26;33.833333333333336;2016-09-26;20.051190476190474;2016-09-19;15.285714285714286;2016-09-19;20.363095238095237;2016-09-12;21.2;2016-09-12
2016-10-17;2016;42;Agricultural;60892;3.284503711489194;1.9707022268935164;2016-10-17;29.51666666666667;33.285714285714285;29.51666666666667;2016-10-17;33.285714285714285;2016-10-17;27.156754658385093;2016-10-10;19.428571428571427;2016-10-10;23.851785714285715;2016-10-03;18.0;2016-10-03;27.78095238095238;2016-09-26;41.142857142857146;2016-09-26;23.419642857142858;2016-09-19;22.285714285714285;2016-09-19
2016-10-17;2016;42;Industrial;338383;3.605382067066017;1.0934355449298576;2016-10-17;23.930564182194615;29.6;23.930564182194615;2016-10-17;29.6;2016-10-17;22.375;2016-10-10;17.166666666666668;2016-10-10;23.113690476190477;2016-10-03;18.285714285714285;2016-10-03;24.905357142857145;2016-09-26;33.833333333333336;2016-09-26;20.051190476190474;2016-09-19;15.285714285714286;2016-09-19
2016-10-24;2016;43;Agricultural;60892;3.777179268212573;1.3138014845956776;2016-10-24;29.309523809523807;29.285714285714285;29.309523809523807;2016-10-24;29.285714285714285;2016-10-24;29.51666666666667;2016-10-17;33.285714285714285;2016-10-17;27.156754658385093;2016-10-10;19.428571428571427;2016-10-10;23.851785714285715;2016-10-03;18.0;2016-10-03;27.78095238095238;2016-09-26;41.142857142857146;2016-09-26
2016-10-24;2016;43;Industrial;338383;3.1916496987141794;1.3298540411309079;2016-10-24;26.303571428571427;31.4;26.303571428571427;2016-10-24;31.4;2016-10-24;23.930564182194615;2016-10-17;29.6;2016-10-17;22.375;2016-10-10;17.166666666666668;2016-10-10;23.113690476190477;2016-10-03;18.285714285714285;2016-10-03;24.905357142857145;2016-09-26;33.833333333333336;2016-09-26
2016-10-31;2016;44;Agricultural;60892;4.434080010510412;1.9707022268935164;2016-10-31;26.665139751552797;36.166666666666664;26.665139751552797;2016-10-31;36.166666666666664;2016-10-31;29.309523809523807;2016-10-24;29.285714285714285;2016-10-24;29.51666666666667;2016-10-17;33.285714285714285;2016-10-17;27.156754658385093;2016-10-10;19.428571428571427;2016-10-10;23.851785714285715;2016-10-03;18.0;2016-10-03
2016-10-31;2016;44;Industrial;338383;3.6940390031414108;1.2116447930303829;2016-10-31;28.782116977225673;36.714285714285715;28.782116977225673;2016-10-31;36.714285714285715;2016-10-31;26.303571428571427;2016-10-24;31.4;2016-10-24;23.930564182194615;2016-10-17;29.6;2016-10-17;22.375;2016-10-10;17.166666666666668;2016-10-10;23.113690476190477;2016-10-03;18.285714285714285;2016-10-03
2016-11-07;2016;45;Agricultural;60892;2.299152598042436;2.627602969191355;2016-11-07;42.14642857142858;35.285714285714285;42.14642857142858;2016-11-07;35.285714285714285;2016-11-07;26.665139751552797;2016-10-31;36.166666666666664;2016-10-31;29.309523809523807;2016-10-24;29.285714285714285;2016-10-24;29.51666666666667;2016-10-17;33.285714285714285;2016-10-17;27.156754658385093;2016-10-10;19.428571428571427;2016-10-10
2016-11-07;2016;45;Industrial;338383;3.8122482512419356;1.122987856954989;2016-11-07;29.5607683982684;29.428571428571427;29.5607683982684;2016-11-07;29.428571428571427;2016-11-07;28.782116977225673;2016-10-31;36.714285714285715;2016-10-31;26.303571428571427;2016-10-24;31.4;2016-10-24;23.930564182194615;2016-10-17;29.6;2016-10-17;22.375;2016-10-10;17.166666666666668;2016-10-10
2016-11-14;2016;46;Agricultural;60892;2.299152598042436;0.9853511134467582;2016-11-14;45.40535714285714;59.42857142857143;45.40535714285714;2016-11-14;59.42857142857143;2016-11-14;42.14642857142858;2016-11-07;35.285714285714285;2016-11-07;26.665139751552797;2016-10-31;36.166666666666664;2016-10-31;29.309523809523807;2016-10-24;29.285714285714285;2016-10-24;29.51666666666667;2016-10-17;33.285714285714285;2016-10-17
2016-11-14;2016;46;Industrial;338383;4.757922236046137;1.3298540411309079;2016-11-14;35.911958874458875;45.57142857142857;35.911958874458875;2016-11-14;45.57142857142857;2016-11-14;29.5607683982684;2016-11-07;29.428571428571427;2016-11-07;28.782116977225673;2016-10-31;36.714285714285715;2016-10-31;26.303571428571427;2016-10-24;31.4;2016-10-24;23.930564182194615;2016-10-17;29.6;2016-10-17
2016-11-21;2016;47;Agricultural;60892;2.4633777836168957;1.3138014845956776;2016-11-21;26.579761904761906;22.142857142857142;26.579761904761906;2016-11-21;22.142857142857142;2016-11-21;45.40535714285714;2016-11-14;59.42857142857143;2016-11-14;42.14642857142858;2016-11-07;35.285714285714285;2016-11-07;26.665139751552797;2016-10-31;36.166666666666664;2016-10-31;29.309523809523807;2016-10-24;29.285714285714285;2016-10-24
2016-11-21;2016;47;Industrial;338383;4.639712987945612;1.5662725373319581;2016-11-21;22.39927536231884;23.857142857142858;22.39927536231884;2016-11-21;23.857142857142858;2016-11-21;35.911958874458875;2016-11-14;45.57142857142857;2016-11-14;29.5607683982684;2016-11-07;29.428571428571427;2016-11-07;28.782116977225673;2016-10-31;36.714285714285715;2016-10-31;26.303571428571427;2016-10-24;31.4;2016-10-24
2016-11-28;2016;48;Agricultural;60892;1.642251855744597;0.9853511134467582;2016-11-28;37.48690476190477;24.8;37.48690476190477;2016-11-28;24.8;2016-11-28;26.579761904761906;2016-11-21;22.142857142857142;2016-11-21;45.40535714285714;2016-11-14;59.42857142857143;2016-11-14;42.14642857142858;2016-11-07;35.285714285714285;2016-11-07;26.665139751552797;2016-10-31;36.166666666666664;2016-10-31
2016-11-28;2016;48;Industrial;338383;4.13732368351838;1.034330920879595;2016-11-28;34.983114035087716;39.57142857142857;34.983114035087716;2016-11-28;39.57142857142857;2016-11-28;22.39927536231884;2016-11-21;23.857142857142858;2016-11-21;35.911958874458875;2016-11-14;45.57142857142857;2016-11-14;29.5607683982684;2016-11-07;29.428571428571427;2016-11-07;28.782116977225673;2016-10-31;36.714285714285715;2016-10-31
2016-12-05;2016;49;Agricultural;60892;2.627602969191355;1.642251855744597;2016-12-05;51.47738095238095;41.0;51.47738095238095;2016-12-05;41.0;2016-12-05;37.48690476190477;2016-11-28;24.8;2016-11-28;26.579761904761906;2016-11-21;22.142857142857142;2016-11-21;45.40535714285714;2016-11-14;59.42857142857143;2016-11-14;42.14642857142858;2016-11-07;35.285714285714285;2016-11-07
2016-12-05;2016;49;Industrial;338383;3.2507543227644415;1.1525401689801202;2016-12-05;38.72930402930403;62.8;38.72930402930403;2016-12-05;62.8;2016-12-05;34.983114035087716;2016-11-28;39.57142857142857;2016-11-28;22.39927536231884;2016-11-21;23.857142857142858;2016-11-21;35.911958874458875;2016-11-14;45.57142857142857;2016-11-14;29.5607683982684;2016-11-07;29.428571428571427;2016-11-07
2016-12-12;2016;50;Agricultural;60892;2.134927412467976;1.149576299021218;2016-12-12;51.33988095238095;28.428571428571427;51.33988095238095;2016-12-12;28.428571428571427;2016-12-12;51.47738095238095;2016-12-05;41.0;2016-12-05;37.48690476190477;2016-11-28;24.8;2016-11-28;26.579761904761906;2016-11-21;22.142857142857142;2016-11-21;45.40535714285714;2016-11-14;59.42857142857143;2016-11-14
2016-12-12;2016;50;Industrial;338383;3.6940390031414108;1.4185109772063016;2016-12-12;41.65654761904762;45.857142857142854;41.65654761904762;2016-12-12;45.857142857142854;2016-12-12;38.72930402930403;2016-12-05;62.8;2016-12-05;34.983114035087716;2016-11-28;39.57142857142857;2016-11-28;22.39927536231884;2016-11-21;23.857142857142858;2016-11-21;35.911958874458875;2016-11-14;45.57142857142857;2016-11-14
2016-12-19;2016;51;Agricultural;60892;2.9560533403402744;1.642251855744597;2016-12-19;46.104166666666664;43.142857142857146;46.104166666666664;2016-12-19;43.142857142857146;2016-12-19;51.33988095238095;2016-12-12;28.428571428571427;2016-12-12;51.47738095238095;2016-12-05;41.0;2016-12-05;37.48690476190477;2016-11-28;24.8;2016-11-28;26.579761904761906;2016-11-21;22.142857142857142;2016-11-21
2016-12-19;2016;51;Industrial;338383;4.3737421797194305;1.5958248493570897;2016-12-19;41.60548654244307;56.714285714285715;41.60548654244307;2016-12-19;56.714285714285715;2016-12-19;41.65654761904762;2016-12-12;45.857142857142854;2016-12-12;38.72930402930403;2016-12-05;62.8;2016-12-05;34.983114035087716;2016-11-28;39.57142857142857;2016-11-28;22.39927536231884;2016-11-21;23.857142857142858;2016-11-21
2016-12-26;2016;52;Agricultural;60892;2.791828154765815;2.134927412467976;2016-12-26;43.86607142857143;55.57142857142857;43.86607142857143;2016-12-26;55.57142857142857;2016-12-26;46.104166666666664;2016-12-19;43.142857142857146;2016-12-19;51.33988095238095;2016-12-12;28.428571428571427;2016-12-12;51.47738095238095;2016-12-05;41.0;2016-12-05;37.48690476190477;2016-11-28;24.8;2016-11-28
2016-12-26;2016;52;Industrial;338383;4.255532931618905;3.398515882890098;2016-12-26;37.72212732919255;48.0;37.72212732919255;2016-12-26;48.0;2016-12-26;41.60548654244307;2016-12-19;56.714285714285715;2016-12-19;41.65654761904762;2016-12-12;45.857142857142854;2016-12-12;38.72930402930403;2016-12-05;62.8;2016-12-05;34.983114035087716;2016-11-28;39.57142857142857;2016-11-28
2017-01-02;2017;1;Agricultural;60562;3.6326409299560782;1.8163204649780391;2017-01-02;41.99583333333333;46.57142857142857;41.99583333333333;2017-01-02;46.57142857142857;2017-01-02;43.86607142857143;2016-12-26;55.57142857142857;2016-12-26;46.104166666666664;2016-12-19;43.142857142857146;2016-12-19;51.33988095238095;2016-12-12;28.428571428571427;2016-12-12;51.47738095238095;2016-12-05;41.0;2016-12-05
2017-01-02;2017;1;Industrial;338533;4.16502970168344;2.628990379076781;2017-01-02;36.31488095238095;37.285714285714285;36.31488095238095;2017-01-02;37.285714285714285;2017-01-02;37.72212732919255;2016-12-26;48.0;2016-12-26;41.60548654244307;2016-12-19;56.714285714285715;2016-12-19;41.65654761904762;2016-12-12;45.857142857142854;2016-12-12;38.72930402930403;2016-12-05;62.8;2016-12-05
2017-01-09;2017;2;Agricultural;60562;4.458241141309732;1.8163204649780391;2017-01-09;44.27380952380952;45.57142857142857;44.27380952380952;2017-01-09;45.57142857142857;2017-01-09;41.99583333333333;2017-01-02;46.57142857142857;2017-01-02;43.86607142857143;2016-12-26;55.57142857142857;2016-12-26;46.104166666666664;2016-12-19;43.142857142857146;2016-12-19;51.33988095238095;2016-12-12;28.428571428571427;2016-12-12
2017-01-09;2017;2;Industrial;338533;5.110284669441384;2.510833508107038;2017-01-09;43.466071428571425;41.0;43.466071428571425;2017-01-09;41.0;2017-01-09;36.31488095238095;2017-01-02;37.285714285714285;2017-01-02;37.72212732919255;2016-12-26;48.0;2016-12-26;41.60548654244307;2016-12-19;56.714285714285715;2016-12-19;41.65654761904762;2016-12-12;45.857142857142854;2016-12-12
2017-01-16;2017;3;Agricultural;60562;4.12800105676827;2.641920676331693;2017-01-16;56.70119047619047;48.857142857142854;56.70119047619047;2017-01-16;48.857142857142854;2017-01-16;44.27380952380952;2017-01-09;45.57142857142857;2017-01-09;41.99583333333333;2017-01-02;46.57142857142857;2017-01-02;43.86607142857143;2016-12-26;55.57142857142857;2016-12-26;46.104166666666664;2016-12-19;43.142857142857146;2016-12-19
2017-01-16;2017;3;Industrial;338533;4.342265008138054;1.9200491532583235;2017-01-16;46.46731684981685;36.857142857142854;46.46731684981685;2017-01-16;36.857142857142854;2017-01-16;43.466071428571425;2017-01-09;41.0;2017-01-09;36.31488095238095;2017-01-02;37.285714285714285;2017-01-02;37.72212732919255;2016-12-26;48.0;2016-12-26;41.60548654244307;2016-12-19;56.714285714285715;2016-12-19
2017-01-23;2017;4;Agricultural;60562;2.972160760873155;2.972160760873155;2017-01-23;60.07261904761905;67.28571428571429;60.07261904761905;2017-01-23;67.28571428571429;2017-01-23;56.70119047619047;2017-01-16;48.857142857142854;2017-01-16;44.27380952380952;2017-01-09;45.57142857142857;2017-01-09;41.99583333333333;2017-01-02;46.57142857142857;2017-01-02;43.86607142857143;2016-12-26;55.57142857142857;2016-12-26
2017-01-23;2017;4;Industrial;338533;4.312725790395619;1.979127588743195;2017-01-23;53.26130952380952;56.857142857142854;53.26130952380952;2017-01-23;56.857142857142854;2017-01-23;46.46731684981685;2017-01-16;36.857142857142854;2017-01-16;43.466071428571425;2017-01-09;41.0;2017-01-09;36.31488095238095;2017-01-02;37.285714285714285;2017-01-02;37.72212732919255;2016-12-26;48.0;2016-12-26
2017-01-30;2017;5;Agricultural;60562;4.788481225851194;2.972160760873155;2017-01-30;47.70178571428572;48.5;47.70178571428572;2017-01-30;48.5;2017-01-30;60.07261904761905;2017-01-23;67.28571428571429;2017-01-23;56.70119047619047;2017-01-16;48.857142857142854;2017-01-16;44.27380952380952;2017-01-09;45.57142857142857;2017-01-09;41.99583333333333;2017-01-02;46.57142857142857;2017-01-02
2017-01-30;2017;5;Industrial;338533;3.840098306516647;2.422215854879731;2017-01-30;40.040217391304346;75.71428571428571;40.040217391304346;2017-01-30;75.71428571428571;2017-01-30;53.26130952380952;2017-01-23;56.857142857142854;2017-01-23;46.46731684981685;2017-01-16;36.857142857142854;2017-01-16;43.466071428571425;2017-01-09;41.0;2017-01-09;36.31488095238095;2017-01-02;37.285714285714285;2017-01-02
2017-02-06;2017;6;Agricultural;60562;3.7977609722268086;1.4860803804365774;2017-02-06;37.646428571428565;37.142857142857146;37.646428571428565;2017-02-06;37.142857142857146;2017-02-06;47.70178571428572;2017-01-30;48.5;2017-01-30;60.07261904761905;2017-01-23;67.28571428571429;2017-01-23;56.70119047619047;2017-01-16;48.857142857142854;2017-01-16;44.27380952380952;2017-01-09;45.57142857142857;2017-01-09
2017-02-06;2017;6;Industrial;338533;3.810559088774211;2.0086668064856306;2017-02-06;32.83095238095238;38.0;32.83095238095238;2017-02-06;38.0;2017-02-06;40.040217391304346;2017-01-30;75.71428571428571;2017-01-30;53.26130952380952;2017-01-23;56.857142857142854;2017-01-23;46.46731684981685;2017-01-16;36.857142857142854;2017-01-16;43.466071428571425;2017-01-09;41.0;2017-01-09
2017-02-13;2017;7;Agricultural;60562;3.467520887685347;0.8256002113536541;2017-02-13;36.467261904761905;49.57142857142857;36.467261904761905;2017-02-13;49.57142857142857;2017-02-13;37.646428571428565;2017-02-06;37.142857142857146;2017-02-06;47.70178571428572;2017-01-30;48.5;2017-01-30;60.07261904761905;2017-01-23;67.28571428571429;2017-01-23;56.70119047619047;2017-01-16;48.857142857142854;2017-01-16
2017-02-13;2017;7;Industrial;338533;4.017333612971261;1.6541961935764016;2017-02-13;35.44880952380952;47.142857142857146;35.44880952380952;2017-02-13;47.142857142857146;2017-02-13;32.83095238095238;2017-02-06;38.0;2017-02-06;40.040217391304346;2017-01-30;75.71428571428571;2017-01-30;53.26130952380952;2017-01-23;56.857142857142854;2017-01-23;46.46731684981685;2017-01-16;36.857142857142854;2017-01-16
2017-02-20;2017;8;Agricultural;60562;2.4768006340609623;2.1465605495195006;2017-02-20;31.797023809523807;42.42857142857143;31.797023809523807;2017-02-20;42.42857142857143;2017-02-20;36.467261904761905;2017-02-13;49.57142857142857;2017-02-13;37.646428571428565;2017-02-06;37.142857142857146;2017-02-06;47.70178571428572;2017-01-30;48.5;2017-01-30;60.07261904761905;2017-01-23;67.28571428571429;2017-01-23
2017-02-20;2017;8;Industrial;338533;3.0720786452133173;2.0086668064856306;2017-02-20;31.670238095238098;49.57142857142857;31.670238095238098;2017-02-20;49.57142857142857;2017-02-20;35.44880952380952;2017-02-13;47.142857142857146;2017-02-13;32.83095238095238;2017-02-06;38.0;2017-02-06;40.040217391304346;2017-01-30;75.71428571428571;2017-01-30;53.26130952380952;2017-01-23;56.857142857142854;2017-01-23
2017-02-27;2017;9;Agricultural;60562;3.7977609722268086;0.990720253624385;2017-02-27;32.01488095238095;32.833333333333336;32.01488095238095;2017-02-27;32.833333333333336;2017-02-27;31.797023809523807;2017-02-20;42.42857142857143;2017-02-20;36.467261904761905;2017-02-13;49.57142857142857;2017-02-13;37.646428571428565;2017-02-06;37.142857142857146;2017-02-06;47.70178571428572;2017-01-30;48.5;2017-01-30
2017-02-27;2017;9;Industrial;338533;3.928715959743954;1.4178824516369157;2017-02-27;26.120988612836438;29.571428571428573;26.120988612836438;2017-02-27;29.571428571428573;2017-02-27;31.670238095238098;2017-02-20;49.57142857142857;2017-02-20;35.44880952380952;2017-02-13;47.142857142857146;2017-02-13;32.83095238095238;2017-02-06;38.0;2017-02-06;40.040217391304346;2017-01-30;75.71428571428571;2017-01-30
2017-03-06;2017;10;Agricultural;60562;1.4860803804365774;1.6512004227073083;2017-03-06;36.975;23.428571428571427;36.975;2017-03-06;23.428571428571427;2017-03-06;32.01488095238095;2017-02-27;32.833333333333336;2017-02-27;31.797023809523807;2017-02-20;42.42857142857143;2017-02-20;36.467261904761905;2017-02-13;49.57142857142857;2017-02-13;37.646428571428565;2017-02-06;37.142857142857146;2017-02-06
2017-03-06;2017;10;Industrial;338533;4.460421879107797;1.6541961935764016;2017-03-06;31.297619047619047;20.714285714285715;31.297619047619047;2017-03-06;20.714285714285715;2017-03-06;26.120988612836438;2017-02-27;29.571428571428573;2017-02-27;31.670238095238098;2017-02-20;49.57142857142857;2017-02-20;35.44880952380952;2017-02-13;47.142857142857146;2017-02-13;32.83095238095238;2017-02-06;38.0;2017-02-06
2017-03-13;2017;11;Agricultural;60562;2.8070407186024244;1.1558402958951157;2017-03-13;38.70059523809524;54.142857142857146;38.70059523809524;2017-03-13;54.142857142857146;2017-03-13;36.975;2017-03-06;23.428571428571427;2017-03-06;32.01488095238095;2017-02-27;32.833333333333336;2017-02-27;31.797023809523807;2017-02-20;42.42857142857143;2017-02-20;36.467261904761905;2017-02-13;49.57142857142857;2017-02-13
2017-03-13;2017;11;Industrial;338533;3.5742453468347253;1.1815687096974299;2017-03-13;30.624404761904763;57.0;30.624404761904763;2017-03-13;57.0;2017-03-13;31.297619047619047;2017-03-06;20.714285714285715;2017-03-06;26.120988612836438;2017-02-27;29.571428571428573;2017-02-27;31.670238095238098;2017-02-20;49.57142857142857;2017-02-20;35.44880952380952;2017-02-13;47.142857142857146;2017-02-13
2017-03-20;2017;12;Agricultural;60562;3.96288101449754;1.8163204649780391;2017-03-20;26.408333333333335;40.42857142857143;26.408333333333335;2017-03-20;40.42857142857143;2017-03-20;38.70059523809524;2017-03-13;54.142857142857146;2017-03-13;36.975;2017-03-06;23.428571428571427;2017-03-06;32.01488095238095;2017-02-27;32.833333333333336;2017-02-27;31.797023809523807;2017-02-20;42.42857142857143;2017-02-20
2017-03-20;2017;12;Industrial;338533;3.5151669113498536;1.506500104864223;2017-03-20;23.85535714285714;40.42857142857143;23.85535714285714;2017-03-20;40.42857142857143;2017-03-20;30.624404761904763;2017-03-13;57.0;2017-03-13;31.297619047619047;2017-03-06;20.714285714285715;2017-03-06;26.120988612836438;2017-02-27;29.571428571428573;2017-02-27;31.670238095238098;2017-02-20;49.57142857142857;2017-02-20
2017-03-27;2017;13;Agricultural;60562;2.4768006340609623;1.6512004227073083;2017-03-27;35.977380952380955;31.142857142857142;35.977380952380955;2017-03-27;31.142857142857142;2017-03-27;26.408333333333335;2017-03-20;40.42857142857143;2017-03-20;38.70059523809524;2017-03-13;54.142857142857146;2017-03-13;36.975;2017-03-06;23.428571428571427;2017-03-06;32.01488095238095;2017-02-27;32.833333333333336;2017-02-27
2017-03-27;2017;13;Industrial;338533;3.9877943952288253;1.6837354113188374;2017-03-27;23.95429606625259;25.714285714285715;23.95429606625259;2017-03-27;25.714285714285715;2017-03-27;23.85535714285714;2017-03-20;40.42857142857143;2017-03-20;30.624404761904763;2017-03-13;57.0;2017-03-13;31.297619047619047;2017-03-06;20.714285714285715;2017-03-06;26.120988612836438;2017-02-27;29.571428571428573;2017-02-27
2017-04-03;2017;14;Agricultural;60562;2.8070407186024244;1.1558402958951157;2017-04-03;25.47738095238095;24.857142857142858;25.47738095238095;2017-04-03;24.857142857142858;2017-04-03;35.977380952380955;2017-03-27;31.142857142857142;2017-03-27;26.408333333333335;2017-03-20;40.42857142857143;2017-03-20;38.70059523809524;2017-03-13;54.142857142857146;2017-03-13;36.975;2017-03-06;23.428571428571427;2017-03-06
2017-04-03;2017;14;Industrial;338533;3.662863000062032;1.2997255806671728;2017-04-03;18.74434523809524;26.714285714285715;18.74434523809524;2017-04-03;26.714285714285715;2017-04-03;23.95429606625259;2017-03-27;25.714285714285715;2017-03-27;23.85535714285714;2017-03-20;40.42857142857143;2017-03-20;30.624404761904763;2017-03-13;57.0;2017-03-13;31.297619047619047;2017-03-06;20.714285714285715;2017-03-06
2017-04-10;2017;15;Agricultural;60562;2.4768006340609623;1.1558402958951157;2017-04-10;22.81607142857143;24.571428571428573;22.81607142857143;2017-04-10;24.571428571428573;2017-04-10;25.47738095238095;2017-04-03;24.857142857142858;2017-04-03;35.977380952380955;2017-03-27;31.142857142857142;2017-03-27;26.408333333333335;2017-03-20;40.42857142857143;2017-03-20;38.70059523809524;2017-03-13;54.142857142857146;2017-03-13
2017-04-10;2017;15;Industrial;338533;4.046872830713697;1.0338726209852511;2017-04-10;16.985714285714284;26.6;16.985714285714284;2017-04-10;26.6;2017-04-10;18.74434523809524;2017-04-03;26.714285714285715;2017-04-03;23.95429606625259;2017-03-27;25.714285714285715;2017-03-27;23.85535714285714;2017-03-20;40.42857142857143;2017-03-20;30.624404761904763;2017-03-13;57.0;2017-03-13
2017-04-17;2017;16;Agricultural;60562;3.6326409299560782;0.990720253624385;2017-04-17;18.48392857142857;12.428571428571429;18.48392857142857;2017-04-17;12.428571428571429;2017-04-17;22.81607142857143;2017-04-10;24.571428571428573;2017-04-10;25.47738095238095;2017-04-03;24.857142857142858;2017-04-03;35.977380952380955;2017-03-27;31.142857142857142;2017-03-27;26.408333333333335;2017-03-20;40.42857142857143;2017-03-20
2017-04-17;2017;16;Industrial;338533;3.2788531694103678;1.0929510564701226;2017-04-17;15.905797101449275;15.428571428571429;15.905797101449275;2017-04-17;15.428571428571429;2017-04-17;16.985714285714284;2017-04-10;26.6;2017-04-10;18.74434523809524;2017-04-03;26.714285714285715;2017-04-03;23.95429606625259;2017-03-27;25.714285714285715;2017-03-27;23.85535714285714;2017-03-20;40.42857142857143;2017-03-20
2017-04-24;2017;17;Agricultural;60562;3.1372808031438852;1.3209603381658466;2017-04-24;18.771428571428572;17.714285714285715;18.771428571428572;2017-04-24;17.714285714285715;2017-04-24;18.48392857142857;2017-04-17;12.428571428571429;2017-04-17;22.81607142857143;2017-04-10;24.571428571428573;2017-04-10;25.47738095238095;2017-04-03;24.857142857142858;2017-04-03;35.977380952380955;2017-03-27;31.142857142857142;2017-03-27
2017-04-24;2017;17;Industrial;338533;4.105951266198568;1.3588040161520443;2017-04-24;16.19761904761905;14.428571428571429;16.19761904761905;2017-04-24;14.428571428571429;2017-04-24;15.905797101449275;2017-04-17;15.428571428571429;2017-04-17;16.985714285714284;2017-04-10;26.6;2017-04-10;18.74434523809524;2017-04-03;26.714285714285715;2017-04-03;23.95429606625259;2017-03-27;25.714285714285715;2017-03-27
2017-05-01;2017;18;Agricultural;60562;2.972160760873155;0.8256002113536541;2017-05-01;18.692261904761903;18.285714285714285;18.692261904761903;2017-05-01;18.285714285714285;2017-05-01;18.771428571428572;2017-04-24;17.714285714285715;2017-04-24;18.48392857142857;2017-04-17;12.428571428571429;2017-04-17;22.81607142857143;2017-04-10;24.571428571428573;2017-04-10;25.47738095238095;2017-04-03;24.857142857142858;2017-04-03
2017-05-01;2017;18;Industrial;338533;3.6333237823195965;1.1815687096974299;2017-05-01;15.20954229517894;18.571428571428573;15.20954229517894;2017-05-01;18.571428571428573;2017-05-01;16.19761904761905;2017-04-24;14.428571428571429;2017-04-24;15.905797101449275;2017-04-17;15.428571428571429;2017-04-17;16.985714285714284;2017-04-10;26.6;2017-04-10;18.74434523809524;2017-04-03;26.714285714285715;2017-04-03
2017-05-08;2017;19;Agricultural;60562;3.3024008454146165;1.3209603381658466;2017-05-08;19.832291666666666;15.571428571428571;19.832291666666666;2017-05-08;15.571428571428571;2017-05-08;18.692261904761903;2017-05-01;18.285714285714285;2017-05-01;18.771428571428572;2017-04-24;17.714285714285715;2017-04-24;18.48392857142857;2017-04-17;12.428571428571429;2017-04-17;22.81607142857143;2017-04-10;24.571428571428573;2017-04-10
2017-05-08;2017;19;Industrial;338533;3.928715959743954;1.063411838727687;2017-05-08;13.101785714285715;14.714285714285714;13.101785714285715;2017-05-08;14.714285714285714;2017-05-08;15.20954229517894;2017-05-01;18.571428571428573;2017-05-01;16.19761904761905;2017-04-24;14.428571428571429;2017-04-24;15.905797101449275;2017-04-17;15.428571428571429;2017-04-17;16.985714285714284;2017-04-10;26.6;2017-04-10
2017-05-15;2017;20;Agricultural;60562;3.96288101449754;0.6604801690829233;2017-05-15;14.382088744588744;14.857142857142858;14.382088744588744;2017-05-15;14.857142857142858;2017-05-15;19.832291666666666;2017-05-08;15.571428571428571;2017-05-08;18.692261904761903;2017-05-01;18.285714285714285;2017-05-01;18.771428571428572;2017-04-24;17.714285714285715;2017-04-24;18.48392857142857;2017-04-17;12.428571428571429;2017-04-17
2017-05-15;2017;20;Industrial;338533;3.721941435546904;1.5951177580915301;2017-05-15;14.050595238095239;14.0;14.050595238095239;2017-05-15;14.0;2017-05-15;13.101785714285715;2017-05-08;14.714285714285714;2017-05-08;15.20954229517894;2017-05-01;18.571428571428573;2017-05-01;16.19761904761905;2017-04-24;14.428571428571429;2017-04-24;15.905797101449275;2017-04-17;15.428571428571429;2017-04-17
2017-05-22;2017;21;Agricultural;60562;3.7977609722268086;1.4860803804365774;2017-05-22;16.181547619047617;16.857142857142858;16.181547619047617;2017-05-22;16.857142857142858;2017-05-22;14.382088744588744;2017-05-15;14.857142857142858;2017-05-15;19.832291666666666;2017-05-08;15.571428571428571;2017-05-08;18.692261904761903;2017-05-01;18.285714285714285;2017-05-01;18.771428571428572;2017-04-24;17.714285714285715;2017-04-24
2017-05-22;2017;21;Industrial;338533;3.928715959743954;1.063411838727687;2017-05-22;16.063690476190477;17.571428571428573;16.063690476190477;2017-05-22;17.571428571428573;2017-05-22;14.050595238095239;2017-05-15;14.0;2017-05-15;13.101785714285715;2017-05-08;14.714285714285714;2017-05-08;15.20954229517894;2017-05-01;18.571428571428573;2017-05-01;16.19761904761905;2017-04-24;14.428571428571429;2017-04-24
2017-05-29;2017;22;Agricultural;60562;2.972160760873155;0.33024008454146164;2017-05-29;16.047619047619047;15.571428571428571;16.047619047619047;2017-05-29;15.571428571428571;2017-05-29;16.181547619047617;2017-05-22;16.857142857142858;2017-05-22;14.382088744588744;2017-05-15;14.857142857142858;2017-05-15;19.832291666666666;2017-05-08;15.571428571428571;2017-05-08;18.692261904761903;2017-05-01;18.285714285714285;2017-05-01
2017-05-29;2017;22;Industrial;338533;4.1354904839410045;1.5655785403490945;2017-05-29;12.464285714285714;19.0;12.464285714285714;2017-05-29;19.0;2017-05-29;16.063690476190477;2017-05-22;17.571428571428573;2017-05-22;14.050595238095239;2017-05-15;14.0;2017-05-15;13.101785714285715;2017-05-08;14.714285714285714;2017-05-08;15.20954229517894;2017-05-01;18.571428571428573;2017-05-01
2017-06-05;2017;23;Agricultural;60562;2.972160760873155;1.3209603381658466;2017-06-05;22.252331545266326;24.571428571428573;22.252331545266326;2017-06-05;24.571428571428573;2017-06-05;16.047619047619047;2017-05-29;15.571428571428571;2017-05-29;16.181547619047617;2017-05-22;16.857142857142858;2017-05-22;14.382088744588744;2017-05-15;14.857142857142858;2017-05-15;19.832291666666666;2017-05-08;15.571428571428571;2017-05-08
2017-06-05;2017;23;Industrial;338533;3.7514806532893394;1.2997255806671728;2017-06-05;17.44215838509317;17.333333333333332;17.44215838509317;2017-06-05;17.333333333333332;2017-06-05;12.464285714285714;2017-05-29;19.0;2017-05-29;16.063690476190477;2017-05-22;17.571428571428573;2017-05-22;14.050595238095239;2017-05-15;14.0;2017-05-15;13.101785714285715;2017-05-08;14.714285714285714;2017-05-08
2017-06-12;2017;24;Agricultural;60562;4.12800105676827;1.98144050724877;2017-06-12;16.51607142857143;23.857142857142858;16.51607142857143;2017-06-12;23.857142857142858;2017-06-12;22.252331545266326;2017-06-05;24.571428571428573;2017-06-05;16.047619047619047;2017-05-29;15.571428571428571;2017-05-29;16.181547619047617;2017-05-22;16.857142857142858;2017-05-22;14.382088744588744;2017-05-15;14.857142857142858;2017-05-15
2017-06-12;2017;24;Industrial;338533;4.046872830713697;1.4178824516369157;2017-06-12;18.573214285714283;20.571428571428573;18.573214285714283;2017-06-12;20.571428571428573;2017-06-12;17.44215838509317;2017-06-05;17.333333333333332;2017-06-05;12.464285714285714;2017-05-29;19.0;2017-05-29;16.063690476190477;2017-05-22;17.571428571428573;2017-05-22;14.050595238095239;2017-05-15;14.0;2017-05-15
2017-06-19;2017;25;Agricultural;60562;3.467520887685347;1.4860803804365774;2017-06-19;22.362344720496896;18.142857142857142;22.362344720496896;2017-06-19;18.142857142857142;2017-06-19;16.51607142857143;2017-06-12;23.857142857142858;2017-06-12;22.252331545266326;2017-06-05;24.571428571428573;2017-06-05;16.047619047619047;2017-05-29;15.571428571428571;2017-05-29;16.181547619047617;2017-05-22;16.857142857142858;2017-05-22
2017-06-19;2017;25;Industrial;338533;4.667196403304848;1.860970717773452;2017-06-19;19.329761904761906;16.857142857142858;19.329761904761906;2017-06-19;16.857142857142858;2017-06-19;18.573214285714283;2017-06-12;20.571428571428573;2017-06-12;17.44215838509317;2017-06-05;17.333333333333332;2017-06-05;12.464285714285714;2017-05-29;19.0;2017-05-29;16.063690476190477;2017-05-22;17.571428571428573;2017-05-22
2017-06-26;2017;26;Agricultural;60562;4.458241141309732;1.1558402958951157;2017-06-26;17.545833333333334;11.428571428571429;17.545833333333334;2017-06-26;11.428571428571429;2017-06-26;22.362344720496896;2017-06-19;18.142857142857142;2017-06-19;16.51607142857143;2017-06-12;23.857142857142858;2017-06-12;22.252331545266326;2017-06-05;24.571428571428573;2017-06-05;16.047619047619047;2017-05-29;15.571428571428571;2017-05-29
2017-06-26;2017;26;Industrial;338533;3.7810198710317753;0.9747941855003797;2017-06-26;13.76904761904762;7.857142857142857;13.76904761904762;2017-06-26;7.857142857142857;2017-06-26;19.329761904761906;2017-06-19;16.857142857142858;2017-06-19;18.573214285714283;2017-06-12;20.571428571428573;2017-06-12;17.44215838509317;2017-06-05;17.333333333333332;2017-06-05;12.464285714285714;2017-05-29;19.0;2017-05-29
2017-07-03;2017;27;Agricultural;60562;2.641920676331693;0.990720253624385;2017-07-03;19.992261904761904;15.0;19.992261904761904;2017-07-03;15.0;2017-07-03;17.545833333333334;2017-06-26;11.428571428571429;2017-06-26;22.362344720496896;2017-06-19;18.142857142857142;2017-06-19;16.51607142857143;2017-06-12;23.857142857142858;2017-06-12;22.252331545266326;2017-06-05;24.571428571428573;2017-06-05
2017-07-03;2017;27;Industrial;338533;4.1354904839410045;1.3292647984096086;2017-07-03;17.007763975155278;12.285714285714286;17.007763975155278;2017-07-03;12.285714285714286;2017-07-03;13.76904761904762;2017-06-26;7.857142857142857;2017-06-26;19.329761904761906;2017-06-19;16.857142857142858;2017-06-19;18.573214285714283;2017-06-12;20.571428571428573;2017-06-12;17.44215838509317;2017-06-05;17.333333333333332;2017-06-05
2017-07-10;2017;28;Agricultural;60562;3.7977609722268086;0.990720253624385;2017-07-10;17.035119047619045;16.714285714285715;17.035119047619045;2017-07-10;16.714285714285715;2017-07-10;19.992261904761904;2017-07-03;15.0;2017-07-03;17.545833333333334;2017-06-26;11.428571428571429;2017-06-26;22.362344720496896;2017-06-19;18.142857142857142;2017-06-19;16.51607142857143;2017-06-12;23.857142857142858;2017-06-12
2017-07-10;2017;28;Industrial;338533;3.692402217804468;1.0929510564701226;2017-07-10;13.691666666666666;10.142857142857142;13.691666666666666;2017-07-10;10.142857142857142;2017-07-10;17.007763975155278;2017-07-03;12.285714285714286;2017-07-03;13.76904761904762;2017-06-26;7.857142857142857;2017-06-26;19.329761904761906;2017-06-19;16.857142857142858;2017-06-19;18.573214285714283;2017-06-12;20.571428571428573;2017-06-12
2017-07-17;2017;29;Agricultural;60562;2.972160760873155;1.1558402958951157;2017-07-17;20.00654761904762;16.857142857142858;20.00654761904762;2017-07-17;16.857142857142858;2017-07-17;17.035119047619045;2017-07-10;16.714285714285715;2017-07-10;19.992261904761904;2017-07-03;15.0;2017-07-03;17.545833333333334;2017-06-26;11.428571428571429;2017-06-26;22.362344720496896;2017-06-19;18.142857142857142;2017-06-19
2017-07-17;2017;29;Industrial;338533;3.544706129092289;1.152029491954994;2017-07-17;19.582738095238092;13.285714285714286;19.582738095238092;2017-07-17;13.285714285714286;2017-07-17;13.691666666666666;2017-07-10;10.142857142857142;2017-07-10;17.007763975155278;2017-07-03;12.285714285714286;2017-07-03;13.76904761904762;2017-06-26;7.857142857142857;2017-06-26;19.329761904761906;2017-06-19;16.857142857142858;2017-06-19
2017-07-24;2017;30;Agricultural;60562;3.467520887685347;0.6604801690829233;2017-07-24;19.286309523809525;15.0;19.286309523809525;2017-07-24;15.0;2017-07-24;20.00654761904762;2017-07-17;16.857142857142858;2017-07-17;17.035119047619045;2017-07-10;16.714285714285715;2017-07-10;19.992261904761904;2017-07-03;15.0;2017-07-03;17.545833333333334;2017-06-26;11.428571428571429;2017-06-26
2017-07-24;2017;30;Industrial;338533;3.249313951667932;0.7089412258184579;2017-07-24;19.798809523809524;8.428571428571429;19.798809523809524;2017-07-24;8.428571428571429;2017-07-24;19.582738095238092;2017-07-17;13.285714285714286;2017-07-17;13.691666666666666;2017-07-10;10.142857142857142;2017-07-10;17.007763975155278;2017-07-03;12.285714285714286;2017-07-03;13.76904761904762;2017-06-26;7.857142857142857;2017-06-26
2017-07-31;2017;31;Agricultural;60562;2.3116805917902314;1.1558402958951157;2017-07-31;20.135119047619046;27.285714285714285;20.135119047619046;2017-07-31;27.285714285714285;2017-07-31;19.286309523809525;2017-07-24;15.0;2017-07-24;20.00654761904762;2017-07-17;16.857142857142858;2017-07-17;17.035119047619045;2017-07-10;16.714285714285715;2017-07-10;19.992261904761904;2017-07-03;15.0;2017-07-03
2017-07-31;2017;31;Industrial;338533;3.5742453468347253;1.2111079274398655;2017-07-31;20.390422077922075;17.285714285714285;20.390422077922075;2017-07-31;17.285714285714285;2017-07-31;19.798809523809524;2017-07-24;8.428571428571429;2017-07-24;19.582738095238092;2017-07-17;13.285714285714286;2017-07-17;13.691666666666666;2017-07-10;10.142857142857142;2017-07-10;17.007763975155278;2017-07-03;12.285714285714286;2017-07-03
2017-08-07;2017;32;Agricultural;60562;3.3024008454146165;1.3209603381658466;2017-08-07;16.41845238095238;11.714285714285714;16.41845238095238;2017-08-07;11.714285714285714;2017-08-07;20.135119047619046;2017-07-31;27.285714285714285;2017-07-31;19.286309523809525;2017-07-24;15.0;2017-07-24;20.00654761904762;2017-07-17;16.857142857142858;2017-07-17;17.035119047619045;2017-07-10;16.714285714285715;2017-07-10
2017-08-07;2017;32;Industrial;338533;3.662863000062032;1.4178824516369157;2017-08-07;13.998214285714285;8.714285714285714;13.998214285714285;2017-08-07;8.714285714285714;2017-08-07;20.390422077922075;2017-07-31;17.285714285714285;2017-07-31;19.798809523809524;2017-07-24;8.428571428571429;2017-07-24;19.582738095238092;2017-07-17;13.285714285714286;2017-07-17;13.691666666666666;2017-07-10;10.142857142857142;2017-07-10
2017-08-14;2017;33;Agricultural;60562;2.3116805917902314;0.6604801690829233;2017-08-14;17.811904761904763;13.714285714285714;17.811904761904763;2017-08-14;13.714285714285714;2017-08-14;16.41845238095238;2017-08-07;11.714285714285714;2017-08-07;20.135119047619046;2017-07-31;27.285714285714285;2017-07-31;19.286309523809525;2017-07-24;15.0;2017-07-24;20.00654761904762;2017-07-17;16.857142857142858;2017-07-17
2017-08-14;2017;33;Industrial;338533;2.9539217742435744;0.915715750015508;2017-08-14;12.375;6.714285714285714;12.375;2017-08-14;6.714285714285714;2017-08-14;13.998214285714285;2017-08-07;8.714285714285714;2017-08-07;20.390422077922075;2017-07-31;17.285714285714285;2017-07-31;19.798809523809524;2017-07-24;8.428571428571429;2017-07-24;19.582738095238092;2017-07-17;13.285714285714286;2017-07-17
2017-08-21;2017;34;Agricultural;60562;2.3116805917902314;1.1558402958951157;2017-08-21;18.76845238095238;17.857142857142858;18.76845238095238;2017-08-21;17.857142857142858;2017-08-21;17.811904761904763;2017-08-14;13.714285714285714;2017-08-14;16.41845238095238;2017-08-07;11.714285714285714;2017-08-07;20.135119047619046;2017-07-31;27.285714285714285;2017-07-31;19.286309523809525;2017-07-24;15.0;2017-07-24
2017-08-21;2017;34;Industrial;338533;3.2788531694103678;1.4178824516369157;2017-08-21;15.445833333333335;10.0;15.445833333333335;2017-08-21;10.0;2017-08-21;12.375;2017-08-14;6.714285714285714;2017-08-14;13.998214285714285;2017-08-07;8.714285714285714;2017-08-07;20.390422077922075;2017-07-31;17.285714285714285;2017-07-31;19.798809523809524;2017-07-24;8.428571428571429;2017-07-24
2017-08-28;2017;35;Agricultural;60562;3.1372808031438852;0.6604801690829233;2017-08-28;17.757556935817806;13.571428571428571;17.757556935817806;2017-08-28;13.571428571428571;2017-08-28;18.76845238095238;2017-08-21;17.857142857142858;2017-08-21;17.811904761904763;2017-08-14;13.714285714285714;2017-08-14;16.41845238095238;2017-08-07;11.714285714285714;2017-08-07;20.135119047619046;2017-07-31;27.285714285714285;2017-07-31
2017-08-28;2017;35;Industrial;338533;3.101617862955753;1.0338726209852511;2017-08-28;17.134778911564627;13.5;17.134778911564627;2017-08-28;13.5;2017-08-28;15.445833333333335;2017-08-21;10.0;2017-08-21;12.375;2017-08-14;6.714285714285714;2017-08-14;13.998214285714285;2017-08-07;8.714285714285714;2017-08-07;20.390422077922075;2017-07-31;17.285714285714285;2017-07-31
2017-09-04;2017;36;Agricultural;60562;2.3116805917902314;0.8256002113536541;2017-09-04;19.46607142857143;20.428571428571427;19.46607142857143;2017-09-04;20.428571428571427;2017-09-04;17.757556935817806;2017-08-28;13.571428571428571;2017-08-28;18.76845238095238;2017-08-21;17.857142857142858;2017-08-21;17.811904761904763;2017-08-14;13.714285714285714;2017-08-14;16.41845238095238;2017-08-07;11.714285714285714;2017-08-07
2017-09-04;2017;36;Industrial;338533;2.894843338758703;0.9747941855003797;2017-09-04;23.31271645021645;15.5;23.31271645021645;2017-09-04;15.5;2017-09-04;17.134778911564627;2017-08-28;13.5;2017-08-28;15.445833333333335;2017-08-21;10.0;2017-08-21;12.375;2017-08-14;6.714285714285714;2017-08-14;13.998214285714285;2017-08-07;8.714285714285714;2017-08-07
2017-09-11;2017;37;Agricultural;60562;2.972160760873155;1.4860803804365774;2017-09-11;18.49404761904762;16.0;18.49404761904762;2017-09-11;16.0;2017-09-11;19.46607142857143;2017-09-04;20.428571428571427;2017-09-04;17.757556935817806;2017-08-28;13.571428571428571;2017-08-28;18.76845238095238;2017-08-21;17.857142857142858;2017-08-21;17.811904761904763;2017-08-14;13.714285714285714;2017-08-14
2017-09-11;2017;37;Industrial;338533;2.865304121016267;0.7680196613033293;2017-09-11;22.507738095238096;11.666666666666666;22.507738095238096;2017-09-11;11.666666666666666;2017-09-11;23.31271645021645;2017-09-04;15.5;2017-09-04;17.134778911564627;2017-08-28;13.5;2017-08-28;15.445833333333335;2017-08-21;10.0;2017-08-21;12.375;2017-08-14;6.714285714285714;2017-08-14
2017-09-18;2017;38;Agricultural;60562;2.4768006340609623;1.1558402958951157;2017-09-18;24.244642857142857;18.857142857142858;24.244642857142857;2017-09-18;18.857142857142858;2017-09-18;18.49404761904762;2017-09-11;16.0;2017-09-11;19.46607142857143;2017-09-04;20.428571428571427;2017-09-04;17.757556935817806;2017-08-28;13.571428571428571;2017-08-28;18.76845238095238;2017-08-21;17.857142857142858;2017-08-21
2017-09-18;2017;38;Industrial;338533;3.5151669113498536;1.1815687096974299;2017-09-18;22.10595238095238;17.833333333333332;22.10595238095238;2017-09-18;17.833333333333332;2017-09-18;22.507738095238096;2017-09-11;11.666666666666666;2017-09-11;23.31271645021645;2017-09-04;15.5;2017-09-04;17.134778911564627;2017-08-28;13.5;2017-08-28;15.445833333333335;2017-08-21;10.0;2017-08-21
2017-09-25;2017;39;Agricultural;60562;1.6512004227073083;1.1558402958951157;2017-09-25;27.161309523809525;27.857142857142858;27.161309523809525;2017-09-25;27.857142857142858;2017-09-25;24.244642857142857;2017-09-18;18.857142857142858;2017-09-18;18.49404761904762;2017-09-11;16.0;2017-09-11;19.46607142857143;2017-09-04;20.428571428571427;2017-09-04;17.757556935817806;2017-08-28;13.571428571428571;2017-08-28
2017-09-25;2017;39;Industrial;338533;3.5151669113498536;1.4474216693793516;2017-09-25;21.87142857142857;27.4;21.87142857142857;2017-09-25;27.4;2017-09-25;22.10595238095238;2017-09-18;17.833333333333332;2017-09-18;22.507738095238096;2017-09-11;11.666666666666666;2017-09-11;23.31271645021645;2017-09-04;15.5;2017-09-04;17.134778911564627;2017-08-28;13.5;2017-08-28
2017-10-02;2017;40;Agricultural;60562;4.293121099039001;0.990720253624385;2017-10-02;30.435400432900433;37.285714285714285;30.435400432900433;2017-10-02;37.285714285714285;2017-10-02;27.161309523809525;2017-09-25;27.857142857142858;2017-09-25;24.244642857142857;2017-09-18;18.857142857142858;2017-09-18;18.49404761904762;2017-09-11;16.0;2017-09-11;19.46607142857143;2017-09-04;20.428571428571427;2017-09-04
2017-10-02;2017;40;Industrial;338533;3.7810198710317753;1.270186362924737;2017-10-02;21.543452380952377;33.57142857142857;21.543452380952377;2017-10-02;33.57142857142857;2017-10-02;21.87142857142857;2017-09-25;27.4;2017-09-25;22.10595238095238;2017-09-18;17.833333333333332;2017-09-18;22.507738095238096;2017-09-11;11.666666666666666;2017-09-11;23.31271645021645;2017-09-04;15.5;2017-09-04
2017-10-09;2017;41;Agricultural;60562;2.3116805917902314;1.1558402958951157;2017-10-09;41.2875;53.4;41.2875;2017-10-09;53.4;2017-10-09;30.435400432900433;2017-10-02;37.285714285714285;2017-10-02;27.161309523809525;2017-09-25;27.857142857142858;2017-09-25;24.244642857142857;2017-09-18;18.857142857142858;2017-09-18;18.49404761904762;2017-09-11;16.0;2017-09-11
2017-10-09;2017;41;Industrial;338533;3.721941435546904;1.3292647984096086;2017-10-09;28.97440476190476;55.4;28.97440476190476;2017-10-09;55.4;2017-10-09;21.543452380952377;2017-10-02;33.57142857142857;2017-10-02;21.87142857142857;2017-09-25;27.4;2017-09-25;22.10595238095238;2017-09-18;17.833333333333332;2017-09-18;22.507738095238096;2017-09-11;11.666666666666666;2017-09-11
2017-10-16;2017;42;Agricultural;60562;3.1372808031438852;0.990720253624385;2017-10-16;36.10178571428572;70.71428571428571;36.10178571428572;2017-10-16;70.71428571428571;2017-10-16;41.2875;2017-10-09;53.4;2017-10-09;30.435400432900433;2017-10-02;37.285714285714285;2017-10-02;27.161309523809525;2017-09-25;27.857142857142858;2017-09-25;24.244642857142857;2017-09-18;18.857142857142858;2017-09-18
2017-10-16;2017;42;Industrial;338533;3.4856276936074178;1.152029491954994;2017-10-16;29.565476190476193;48.2;29.565476190476193;2017-10-16;48.2;2017-10-16;28.97440476190476;2017-10-09;55.4;2017-10-09;21.543452380952377;2017-10-02;33.57142857142857;2017-10-02;21.87142857142857;2017-09-25;27.4;2017-09-25;22.10595238095238;2017-09-18;17.833333333333332;2017-09-18
2017-10-23;2017;43;Agricultural;60562;4.458241141309732;1.6512004227073083;2017-10-23;45.79047619047619;41.857142857142854;45.79047619047619;2017-10-23;41.857142857142854;2017-10-23;36.10178571428572;2017-10-16;70.71428571428571;2017-10-16;41.2875;2017-10-09;53.4;2017-10-09;30.435400432900433;2017-10-02;37.285714285714285;2017-10-02;27.161309523809525;2017-09-25;27.857142857142858;2017-09-25
2017-10-23;2017;43;Industrial;338533;3.8991767420015186;1.4178824516369157;2017-10-23;31.591666666666665;31.142857142857142;31.591666666666665;2017-10-23;31.142857142857142;2017-10-23;29.565476190476193;2017-10-16;48.2;2017-10-16;28.97440476190476;2017-10-09;55.4;2017-10-09;21.543452380952377;2017-10-02;33.57142857142857;2017-10-02;21.87142857142857;2017-09-25;27.4;2017-09-25
2017-10-30;2017;44;Agricultural;60562;3.467520887685347;1.1558402958951157;2017-10-30;44.90059523809524;48.42857142857143;44.90059523809524;2017-10-30;48.42857142857143;2017-10-30;45.79047619047619;2017-10-23;41.857142857142854;2017-10-23;36.10178571428572;2017-10-16;70.71428571428571;2017-10-16;41.2875;2017-10-09;53.4;2017-10-09;30.435400432900433;2017-10-02;37.285714285714285;2017-10-02
2017-10-30;2017;44;Industrial;338533;3.8696375242590824;1.0929510564701226;2017-10-30;29.401785714285715;47.0;29.401785714285715;2017-10-30;47.0;2017-10-30;31.591666666666665;2017-10-23;31.142857142857142;2017-10-23;29.565476190476193;2017-10-16;48.2;2017-10-16;28.97440476190476;2017-10-09;55.4;2017-10-09;21.543452380952377;2017-10-02;33.57142857142857;2017-10-02
2017-11-06;2017;45;Agricultural;60562;4.12800105676827;1.6512004227073083;2017-11-06;38.526785714285715;21.571428571428573;38.526785714285715;2017-11-06;21.571428571428573;2017-11-06;44.90059523809524;2017-10-30;48.42857142857143;2017-10-30;45.79047619047619;2017-10-23;41.857142857142854;2017-10-23;36.10178571428572;2017-10-16;70.71428571428571;2017-10-16;41.2875;2017-10-09;53.4;2017-10-09
2017-11-06;2017;45;Industrial;338533;3.3379316048952394;1.506500104864223;2017-11-06;27.525000000000002;25.333333333333332;27.525000000000002;2017-11-06;25.333333333333332;2017-11-06;29.401785714285715;2017-10-30;47.0;2017-10-30;31.591666666666665;2017-10-23;31.142857142857142;2017-10-23;29.565476190476193;2017-10-16;48.2;2017-10-16;28.97440476190476;2017-10-09;55.4;2017-10-09
2017-11-13;2017;46;Agricultural;60562;3.1372808031438852;1.98144050724877;2017-11-13;55.242261904761904;39.57142857142857;55.242261904761904;2017-11-13;39.57142857142857;2017-11-13;38.526785714285715;2017-11-06;21.571428571428573;2017-11-06;44.90059523809524;2017-10-30;48.42857142857143;2017-10-30;45.79047619047619;2017-10-23;41.857142857142854;2017-10-23;36.10178571428572;2017-10-16;70.71428571428571;2017-10-16
2017-11-13;2017;46;Industrial;338533;4.194568919425875;1.4474216693793516;2017-11-13;32.73035714285714;29.333333333333332;32.73035714285714;2017-11-13;29.333333333333332;2017-11-13;27.525000000000002;2017-11-06;25.333333333333332;2017-11-06;29.401785714285715;2017-10-30;47.0;2017-10-30;31.591666666666665;2017-10-23;31.142857142857142;2017-10-23;29.565476190476193;2017-10-16;48.2;2017-10-16
2017-11-20;2017;47;Agricultural;60562;4.12800105676827;1.6512004227073083;2017-11-20;58.47083333333334;57.8;58.47083333333334;2017-11-20;57.8;2017-11-20;55.242261904761904;2017-11-13;39.57142857142857;2017-11-13;38.526785714285715;2017-11-06;21.571428571428573;2017-11-06;44.90059523809524;2017-10-30;48.42857142857143;2017-10-30;45.79047619047619;2017-10-23;41.857142857142854;2017-10-23
2017-11-20;2017;47;Industrial;338533;3.249313951667932;1.0338726209852511;2017-11-20;36.74404761904761;50.57142857142857;36.74404761904761;2017-11-20;50.57142857142857;2017-11-20;32.73035714285714;2017-11-13;29.333333333333332;2017-11-13;27.525000000000002;2017-11-06;25.333333333333332;2017-11-06;29.401785714285715;2017-10-30;47.0;2017-10-30;31.591666666666665;2017-10-23;31.142857142857142;2017-10-23
2017-11-27;2017;48;Agricultural;60562;4.623361183580463;1.4860803804365774;2017-11-27;50.56563852813853;32.0;50.56563852813853;2017-11-27;32.0;2017-11-27;58.47083333333334;2017-11-20;57.8;2017-11-20;55.242261904761904;2017-11-13;39.57142857142857;2017-11-13;38.526785714285715;2017-11-06;21.571428571428573;2017-11-06;44.90059523809524;2017-10-30;48.42857142857143;2017-10-30
2017-11-27;2017;48;Industrial;338533;4.37180422588049;1.3292647984096086;2017-11-27;37.413690476190474;30.0;37.413690476190474;2017-11-27;30.0;2017-11-27;36.74404761904761;2017-11-20;50.57142857142857;2017-11-20;32.73035714285714;2017-11-13;29.333333333333332;2017-11-13;27.525000000000002;2017-11-06;25.333333333333332;2017-11-06;29.401785714285715;2017-10-30;47.0;2017-10-30
2017-12-04;2017;49;Agricultural;60562;4.12800105676827;1.3209603381658466;2017-12-04;58.461309523809526;54.857142857142854;58.461309523809526;2017-12-04;54.857142857142854;2017-12-04;50.56563852813853;2017-11-27;32.0;2017-11-27;58.47083333333334;2017-11-20;57.8;2017-11-20;55.242261904761904;2017-11-13;39.57142857142857;2017-11-13;38.526785714285715;2017-11-06;21.571428571428573;2017-11-06
2017-12-04;2017;49;Industrial;338533;4.342265008138054;1.0338726209852511;2017-12-04;49.3297619047619;56.0;49.3297619047619;2017-12-04;56.0;2017-12-04;37.413690476190474;2017-11-27;30.0;2017-11-27;36.74404761904761;2017-11-20;50.57142857142857;2017-11-20;32.73035714285714;2017-11-13;29.333333333333332;2017-11-13;27.525000000000002;2017-11-06;25.333333333333332;2017-11-06
2017-12-11;2017;50;Agricultural;60562;5.448961394934117;0.8256002113536541;2017-12-11;50.95119047619047;43.0;50.95119047619047;2017-12-11;43.0;2017-12-11;58.461309523809526;2017-12-04;54.857142857142854;2017-12-04;50.56563852813853;2017-11-27;32.0;2017-11-27;58.47083333333334;2017-11-20;57.8;2017-11-20;55.242261904761904;2017-11-13;39.57142857142857;2017-11-13
2017-12-11;2017;50;Industrial;338533;3.8991767420015186;1.4474216693793516;2017-12-11;45.058928571428574;45.57142857142857;45.058928571428574;2017-12-11;45.57142857142857;2017-12-11;49.3297619047619;2017-12-04;56.0;2017-12-04;37.413690476190474;2017-11-27;30.0;2017-11-27;36.74404761904761;2017-11-20;50.57142857142857;2017-11-20;32.73035714285714;2017-11-13;29.333333333333332;2017-11-13
2017-12-18;2017;51;Agricultural;60562;4.458241141309732;2.3116805917902314;2017-12-18;70.16845238095239;60.75;70.16845238095239;2017-12-18;60.75;2017-12-18;50.95119047619047;2017-12-11;43.0;2017-12-11;58.461309523809526;2017-12-04;54.857142857142854;2017-12-04;50.56563852813853;2017-11-27;32.0;2017-11-27;58.47083333333334;2017-11-20;57.8;2017-11-20
2017-12-18;2017;51;Industrial;338533;5.169363104926255;1.713274629061273;2017-12-18;56.1;60.42857142857143;56.1;2017-12-18;60.42857142857143;2017-12-18;45.058928571428574;2017-12-11;45.57142857142857;2017-12-11;49.3297619047619;2017-12-04;56.0;2017-12-04;37.413690476190474;2017-11-27;30.0;2017-11-27;36.74404761904761;2017-11-20;50.57142857142857;2017-11-20
2017-12-25;2017;52;Agricultural;60562;5.448961394934117;2.3116805917902314;2017-12-25;41.947023809523806;32.0;41.947023809523806;2017-12-25;32.0;2017-12-25;70.16845238095239;2017-12-18;60.75;2017-12-18;50.95119047619047;2017-12-11;43.0;2017-12-11;58.461309523809526;2017-12-04;54.857142857142854;2017-12-04;50.56563852813853;2017-11-27;32.0;2017-11-27
2017-12-25;2017;52;Industrial;338533;3.5742453468347253;1.8905099355158876;2017-12-25;35.663690476190474;37.57142857142857;35.663690476190474;2017-12-25;37.57142857142857;2017-12-25;56.1;2017-12-18;60.42857142857143;2017-12-18;45.058928571428574;2017-12-11;45.57142857142857;2017-12-11;49.3297619047619;2017-12-04;56.0;2017-12-04;37.413690476190474;2017-11-27;30.0;2017-11-27
2018-01-01;2018;1;Agricultural;60224;4.649309245483528;2.98884165781084;2018-01-01;45.05238095238095;36.42857142857143;45.05238095238095;2018-01-01;36.42857142857143;2018-01-01;41.947023809523806;2017-12-25;32.0;2017-12-25;70.16845238095239;2017-12-18;60.75;2017-12-18;50.95119047619047;2017-12-11;43.0;2017-12-11;58.461309523809526;2017-12-04;54.857142857142854;2017-12-04
2018-01-01;2018;1;Industrial;338804;4.89958796236172;1.918513358756095;2018-01-01;36.20059523809524;39.714285714285715;36.20059523809524;2018-01-01;39.714285714285715;2018-01-01;35.663690476190474;2017-12-25;37.57142857142857;2017-12-25;56.1;2017-12-18;60.42857142857143;2017-12-18;45.058928571428574;2017-12-11;45.57142857142857;2017-12-11;49.3297619047619;2017-12-04;56.0;2017-12-04
2018-01-08;2018;2;Agricultural;60224;4.483262486716259;2.98884165781084;2018-01-08;40.2547619047619;28.714285714285715;40.2547619047619;2018-01-08;28.714285714285715;2018-01-08;45.05238095238095;2018-01-01;36.42857142857143;2018-01-01;41.947023809523806;2017-12-25;32.0;2017-12-25;70.16845238095239;2017-12-18;60.75;2017-12-18;50.95119047619047;2017-12-11;43.0;2017-12-11
2018-01-08;2018;2;Industrial;338804;5.22425945384352;1.9480289488908042;2018-01-08;30.675000000000004;28.0;30.675000000000004;2018-01-08;28.0;2018-01-08;36.20059523809524;2018-01-01;39.714285714285715;2018-01-01;35.663690476190474;2017-12-25;37.57142857142857;2017-12-25;56.1;2017-12-18;60.42857142857143;2017-12-18;45.058928571428574;2017-12-11;45.57142857142857;2017-12-11
2018-01-15;2018;3;Agricultural;60224;5.313496280552603;2.1586078639744954;2018-01-15;52.482142857142854;41.0;52.482142857142854;2018-01-15;41.0;2018-01-15;40.2547619047619;2018-01-08;28.714285714285715;2018-01-08;45.05238095238095;2018-01-01;36.42857142857143;2018-01-01;41.947023809523806;2017-12-25;32.0;2017-12-25;70.16845238095239;2017-12-18;60.75;2017-12-18
2018-01-15;2018;3;Industrial;338804;4.1616982089939905;1.4462639166007487;2018-01-15;42.47202380952381;36.57142857142857;42.47202380952381;2018-01-15;36.57142857142857;2018-01-15;30.675000000000004;2018-01-08;28.0;2018-01-08;36.20059523809524;2018-01-01;39.714285714285715;2018-01-01;35.663690476190474;2017-12-25;37.57142857142857;2017-12-25;56.1;2017-12-18;60.42857142857143;2017-12-18
2018-01-22;2018;4;Agricultural;60224;3.6530286928799147;2.6567481402763016;2018-01-22;54.35416666666667;34.0;54.35416666666667;2018-01-22;34.0;2018-01-22;52.482142857142854;2018-01-15;41.0;2018-01-15;40.2547619047619;2018-01-08;28.714285714285715;2018-01-08;45.05238095238095;2018-01-01;36.42857142857143;2018-01-01;41.947023809523806;2017-12-25;32.0;2017-12-25
2018-01-22;2018;4;Industrial;338804;4.486369700475791;1.8299665883519676;2018-01-22;43.11785714285714;48.857142857142854;43.11785714285714;2018-01-22;48.857142857142854;2018-01-22;42.47202380952381;2018-01-15;36.57142857142857;2018-01-15;30.675000000000004;2018-01-08;28.0;2018-01-08;36.20059523809524;2018-01-01;39.714285714285715;2018-01-01;35.663690476190474;2017-12-25;37.57142857142857;2017-12-25
2018-01-29;2018;5;Agricultural;60224;4.151168969181722;1.49442082890542;2018-01-29;41.83571428571429;22.571428571428573;41.83571428571429;2018-01-29;22.571428571428573;2018-01-29;54.35416666666667;2018-01-22;34.0;2018-01-22;52.482142857142854;2018-01-15;41.0;2018-01-15;40.2547619047619;2018-01-08;28.714285714285715;2018-01-08;45.05238095238095;2018-01-01;36.42857142857143;2018-01-01
2018-01-29;2018;5;Industrial;338804;5.342321814382357;1.8594821784866766;2018-01-29;32.960507246376814;31.428571428571427;32.960507246376814;2018-01-29;31.428571428571427;2018-01-29;43.11785714285714;2018-01-22;48.857142857142854;2018-01-22;42.47202380952381;2018-01-15;36.57142857142857;2018-01-15;30.675000000000004;2018-01-08;28.0;2018-01-08;36.20059523809524;2018-01-01;39.714285714285715;2018-01-01
2018-02-05;2018;6;Agricultural;60224;2.8227948990435707;0.9962805526036131;2018-02-05;42.1422619047619;37.142857142857146;42.1422619047619;2018-02-05;37.142857142857146;2018-02-05;41.83571428571429;2018-01-29;22.571428571428573;2018-01-29;54.35416666666667;2018-01-22;34.0;2018-01-22;52.482142857142854;2018-01-15;41.0;2018-01-15;40.2547619047619;2018-01-08;28.714285714285715;2018-01-08
2018-02-05;2018;6;Industrial;338804;4.515885290610501;1.357717146196621;2018-02-05;34.877500000000005;34.714285714285715;34.877500000000005;2018-02-05;34.714285714285715;2018-02-05;32.960507246376814;2018-01-29;31.428571428571427;2018-01-29;43.11785714285714;2018-01-22;48.857142857142854;2018-01-22;42.47202380952381;2018-01-15;36.57142857142857;2018-01-15;30.675000000000004;2018-01-08;28.0;2018-01-08
2018-02-12;2018;7;Agricultural;60224;3.819075451647184;1.8265143464399574;2018-02-12;50.36071428571428;45.42857142857143;50.36071428571428;2018-02-12;45.42857142857143;2018-02-12;42.1422619047619;2018-02-05;37.142857142857146;2018-02-05;41.83571428571429;2018-01-29;22.571428571428573;2018-01-29;54.35416666666667;2018-01-22;34.0;2018-01-22;52.482142857142854;2018-01-15;41.0;2018-01-15
2018-02-12;2018;7;Industrial;338804;4.102667028724572;1.5052950968701668;2018-02-12;38.752884615384616;42.857142857142854;38.752884615384616;2018-02-12;42.857142857142854;2018-02-12;34.877500000000005;2018-02-05;34.714285714285715;2018-02-05;32.960507246376814;2018-01-29;31.428571428571427;2018-01-29;43.11785714285714;2018-01-22;48.857142857142854;2018-01-22;42.47202380952381;2018-01-15;36.57142857142857;2018-01-15
2018-02-19;2018;8;Agricultural;60224;3.6530286928799147;0.6641870350690754;2018-02-19;27.95059523809524;29.0;27.95059523809524;2018-02-19;29.0;2018-02-19;50.36071428571428;2018-02-12;45.42857142857143;2018-02-12;42.1422619047619;2018-02-05;37.142857142857146;2018-02-05;41.83571428571429;2018-01-29;22.571428571428573;2018-01-29;54.35416666666667;2018-01-22;34.0;2018-01-22
2018-02-19;2018;8;Industrial;338804;4.752010011688174;1.8004509982172583;2018-02-19;37.14761904761905;31.8;37.14761904761905;2018-02-19;31.8;2018-02-19;38.752884615384616;2018-02-12;42.857142857142854;2018-02-12;34.877500000000005;2018-02-05;34.714285714285715;2018-02-05;32.960507246376814;2018-01-29;31.428571428571427;2018-01-29;43.11785714285714;2018-01-22;48.857142857142854;2018-01-22
2018-02-26;2018;9;Agricultural;60224;2.324654622741764;1.162327311370882;2018-02-26;30.3875;40.714285714285715;30.3875;2018-02-26;40.714285714285715;2018-02-26;27.95059523809524;2018-02-19;29.0;2018-02-19;50.36071428571428;2018-02-12;45.42857142857143;2018-02-12;42.1422619047619;2018-02-05;37.142857142857146;2018-02-05;41.83571428571429;2018-01-29;22.571428571428573;2018-01-29
2018-02-26;2018;9;Industrial;338804;4.397822930071664;1.5052950968701668;2018-02-26;48.982142857142854;45.57142857142857;48.982142857142854;2018-02-26;45.57142857142857;2018-02-26;37.14761904761905;2018-02-19;31.8;2018-02-19;38.752884615384616;2018-02-12;42.857142857142854;2018-02-12;34.877500000000005;2018-02-05;34.714285714285715;2018-02-05;32.960507246376814;2018-01-29;31.428571428571427;2018-01-29
2018-03-05;2018;10;Agricultural;60224;3.154888416578108;1.8265143464399574;2018-03-05;33.87619047619047;35.666666666666664;33.87619047619047;2018-03-05;35.666666666666664;2018-03-05;30.3875;2018-02-26;40.714285714285715;2018-02-26;27.95059523809524;2018-02-19;29.0;2018-02-19;50.36071428571428;2018-02-12;45.42857142857143;2018-02-12;42.1422619047619;2018-02-05;37.142857142857146;2018-02-05
2018-03-05;2018;10;Industrial;338804;4.840556782092301;1.6233574574090035;2018-03-05;38.18928571428571;36.285714285714285;38.18928571428571;2018-03-05;36.285714285714285;2018-03-05;48.982142857142854;2018-02-26;45.57142857142857;2018-02-26;37.14761904761905;2018-02-19;31.8;2018-02-19;38.752884615384616;2018-02-12;42.857142857142854;2018-02-12;34.877500000000005;2018-02-05;34.714285714285715;2018-02-05
2018-03-12;2018;11;Agricultural;60224;2.8227948990435707;2.4907013815090333;2018-03-12;25.12287784679089;24.571428571428573;25.12287784679089;2018-03-12;24.571428571428573;2018-03-12;33.87619047619047;2018-03-05;35.666666666666664;2018-03-05;30.3875;2018-02-26;40.714285714285715;2018-02-26;27.95059523809524;2018-02-19;29.0;2018-02-19;50.36071428571428;2018-02-12;45.42857142857143;2018-02-12
2018-03-12;2018;11;Industrial;338804;4.663463241284046;1.8889977686213857;2018-03-12;25.80297619047619;25.857142857142858;25.80297619047619;2018-03-12;25.857142857142858;2018-03-12;38.18928571428571;2018-03-05;36.285714285714285;2018-03-05;48.982142857142854;2018-02-26;45.57142857142857;2018-02-26;37.14761904761905;2018-02-19;31.8;2018-02-19;38.752884615384616;2018-02-12;42.857142857142854;2018-02-12
2018-03-19;2018;12;Agricultural;60224;3.3209351753453773;1.6604675876726886;2018-03-19;25.522294372294372;21.0;25.522294372294372;2018-03-19;21.0;2018-03-19;25.12287784679089;2018-03-12;24.571428571428573;2018-03-12;33.87619047619047;2018-03-05;35.666666666666664;2018-03-05;30.3875;2018-02-26;40.714285714285715;2018-02-26;27.95059523809524;2018-02-19;29.0;2018-02-19
2018-03-19;2018;12;Industrial;338804;4.132182618859281;1.5348106870048759;2018-03-19;26.938095238095237;23.833333333333332;26.938095238095237;2018-03-19;23.833333333333332;2018-03-19;25.80297619047619;2018-03-12;25.857142857142858;2018-03-12;38.18928571428571;2018-03-05;36.285714285714285;2018-03-05;48.982142857142854;2018-02-26;45.57142857142857;2018-02-26;37.14761904761905;2018-02-19;31.8;2018-02-19
2018-03-26;2018;13;Agricultural;60224;3.9851222104144526;1.3283740701381508;2018-03-26;26.68154761904762;38.666666666666664;26.68154761904762;2018-03-26;38.666666666666664;2018-03-26;25.522294372294372;2018-03-19;21.0;2018-03-19;25.12287784679089;2018-03-12;24.571428571428573;2018-03-12;33.87619047619047;2018-03-05;35.666666666666664;2018-03-05;30.3875;2018-02-26;40.714285714285715;2018-02-26
2018-03-26;2018;13;Industrial;338804;4.89958796236172;1.2101391955230751;2018-03-26;24.38830227743271;28.285714285714285;24.38830227743271;2018-03-26;28.285714285714285;2018-03-26;26.938095238095237;2018-03-19;23.833333333333332;2018-03-19;25.80297619047619;2018-03-12;25.857142857142858;2018-03-12;38.18928571428571;2018-03-05;36.285714285714285;2018-03-05;48.982142857142854;2018-02-26;45.57142857142857;2018-02-26
2018-04-02;2018;14;Agricultural;60224;2.8227948990435707;1.6604675876726886;2018-04-02;24.65952380952381;32.4;24.65952380952381;2018-04-02;32.4;2018-04-02;26.68154761904762;2018-03-26;38.666666666666664;2018-03-26;25.522294372294372;2018-03-19;21.0;2018-03-19;25.12287784679089;2018-03-12;24.571428571428573;2018-03-12;33.87619047619047;2018-03-05;35.666666666666664;2018-03-05
2018-04-02;2018;14;Industrial;338804;4.220729389263409;1.328201556061912;2018-04-02;21.39166666666667;22.8;21.39166666666667;2018-04-02;22.8;2018-04-02;24.38830227743271;2018-03-26;28.285714285714285;2018-03-26;26.938095238095237;2018-03-19;23.833333333333332;2018-03-19;25.80297619047619;2018-03-12;25.857142857142858;2018-03-12;38.18928571428571;2018-03-05;36.285714285714285;2018-03-05
2018-04-09;2018;15;Agricultural;60224;3.154888416578108;2.1586078639744954;2018-04-09;26.663095238095234;21.428571428571427;26.663095238095234;2018-04-09;21.428571428571427;2018-04-09;24.65952380952381;2018-04-02;32.4;2018-04-02;26.68154761904762;2018-03-26;38.666666666666664;2018-03-26;25.522294372294372;2018-03-19;21.0;2018-03-19;25.12287784679089;2018-03-12;24.571428571428573;2018-03-12
2018-04-09;2018;15;Industrial;338804;3.925573487916317;1.4757795067354578;2018-04-09;23.985714285714288;13.333333333333334;23.985714285714288;2018-04-09;13.333333333333334;2018-04-09;21.39166666666667;2018-04-02;22.8;2018-04-02;24.38830227743271;2018-03-26;28.285714285714285;2018-03-26;26.938095238095237;2018-03-19;23.833333333333332;2018-03-19;25.80297619047619;2018-03-12;25.857142857142858;2018-03-12
2018-04-16;2018;16;Agricultural;60224;3.6530286928799147;1.162327311370882;2018-04-16;25.752976190476193;29.142857142857142;25.752976190476193;2018-04-16;29.142857142857142;2018-04-16;26.663095238095234;2018-04-09;21.428571428571427;2018-04-09;24.65952380952381;2018-04-02;32.4;2018-04-02;26.68154761904762;2018-03-26;38.666666666666664;2018-03-26;25.522294372294372;2018-03-19;21.0;2018-03-19
2018-04-16;2018;16;Industrial;338804;4.220729389263409;1.0330456547148203;2018-04-16;25.51904761904762;19.857142857142858;25.51904761904762;2018-04-16;19.857142857142858;2018-04-16;23.985714285714288;2018-04-09;13.333333333333334;2018-04-09;21.39166666666667;2018-04-02;22.8;2018-04-02;24.38830227743271;2018-03-26;28.285714285714285;2018-03-26;26.938095238095237;2018-03-19;23.833333333333332;2018-03-19
2018-04-23;2018;17;Agricultural;60224;3.3209351753453773;1.49442082890542;2018-04-23;21.436904761904763;22.857142857142858;21.436904761904763;2018-04-23;22.857142857142858;2018-04-23;25.752976190476193;2018-04-16;29.142857142857142;2018-04-16;26.663095238095234;2018-04-09;21.428571428571427;2018-04-09;24.65952380952381;2018-04-02;32.4;2018-04-02;26.68154761904762;2018-03-26;38.666666666666664;2018-03-26
2018-04-23;2018;17;Industrial;338804;3.807511127377481;1.5938418672742944;2018-04-23;21.23690476190476;22.857142857142858;21.23690476190476;2018-04-23;22.857142857142858;2018-04-23;25.51904761904762;2018-04-16;19.857142857142858;2018-04-16;23.985714285714288;2018-04-09;13.333333333333334;2018-04-09;21.39166666666667;2018-04-02;22.8;2018-04-02;24.38830227743271;2018-03-26;28.285714285714285;2018-03-26
2018-04-30;2018;18;Agricultural;60224;4.649309245483528;1.49442082890542;2018-04-30;21.497023809523814;16.0;21.497023809523814;2018-04-30;16.0;2018-04-30;21.436904761904763;2018-04-23;22.857142857142858;2018-04-23;25.752976190476193;2018-04-16;29.142857142857142;2018-04-16;26.663095238095234;2018-04-09;21.428571428571427;2018-04-09;24.65952380952381;2018-04-02;32.4;2018-04-02
2018-04-30;2018;18;Industrial;338804;3.2171993246832975;1.328201556061912;2018-04-30;20.296143892339547;14.285714285714286;20.296143892339547;2018-04-30;14.285714285714286;2018-04-30;21.23690476190476;2018-04-23;22.857142857142858;2018-04-23;25.51904761904762;2018-04-16;19.857142857142858;2018-04-16;23.985714285714288;2018-04-09;13.333333333333334;2018-04-09;21.39166666666667;2018-04-02;22.8;2018-04-02
2018-05-07;2018;19;Agricultural;60224;3.154888416578108;1.8265143464399574;2018-05-07;17.351190476190478;22.2;17.351190476190478;2018-05-07;22.2;2018-05-07;21.497023809523814;2018-04-30;16.0;2018-04-30;21.436904761904763;2018-04-23;22.857142857142858;2018-04-23;25.752976190476193;2018-04-16;29.142857142857142;2018-04-16;26.663095238095234;2018-04-09;21.428571428571427;2018-04-09
2018-05-07;2018;19;Industrial;338804;4.486369700475791;1.357717146196621;2018-05-07;21.73333333333333;12.75;21.73333333333333;2018-05-07;12.75;2018-05-07;20.296143892339547;2018-04-30;14.285714285714286;2018-04-30;21.23690476190476;2018-04-23;22.857142857142858;2018-04-23;25.51904761904762;2018-04-16;19.857142857142858;2018-04-16;23.985714285714288;2018-04-09;13.333333333333334;2018-04-09
2018-05-14;2018;20;Agricultural;60224;4.151168969181722;1.3283740701381508;2018-05-14;17.226190476190478;16.142857142857142;17.226190476190478;2018-05-14;16.142857142857142;2018-05-14;17.351190476190478;2018-05-07;22.2;2018-05-07;21.497023809523814;2018-04-30;16.0;2018-04-30;21.436904761904763;2018-04-23;22.857142857142858;2018-04-23;25.752976190476193;2018-04-16;29.142857142857142;2018-04-16
2018-05-14;2018;20;Industrial;338804;3.3647772753568432;1.2691703757924935;2018-05-14;17.386309523809523;15.5;17.386309523809523;2018-05-14;15.5;2018-05-14;21.73333333333333;2018-05-07;12.75;2018-05-07;20.296143892339547;2018-04-30;14.285714285714286;2018-04-30;21.23690476190476;2018-04-23;22.857142857142858;2018-04-23;25.51904761904762;2018-04-16;19.857142857142858;2018-04-16
2018-05-21;2018;21;Agricultural;60224;4.981402763018067;1.3283740701381508;2018-05-21;18.938690476190477;22.0;18.938690476190477;2018-05-21;22.0;2018-05-21;17.226190476190478;2018-05-14;16.142857142857142;2018-05-14;17.351190476190478;2018-05-07;22.2;2018-05-07;21.497023809523814;2018-04-30;16.0;2018-04-30;21.436904761904763;2018-04-23;22.857142857142858;2018-04-23
2018-05-21;2018;21;Industrial;338804;4.1616982089939905;1.180623605388366;2018-05-21;22.142857142857142;20.428571428571427;22.142857142857142;2018-05-21;20.428571428571427;2018-05-21;17.386309523809523;2018-05-14;15.5;2018-05-14;21.73333333333333;2018-05-07;12.75;2018-05-07;20.296143892339547;2018-04-30;14.285714285714286;2018-04-30;21.23690476190476;2018-04-23;22.857142857142858;2018-04-23
2018-05-28;2018;22;Agricultural;60224;3.819075451647184;1.6604675876726886;2018-05-28;19.28615424430642;19.142857142857142;19.28615424430642;2018-05-28;19.142857142857142;2018-05-28;18.938690476190477;2018-05-21;22.0;2018-05-21;17.226190476190478;2018-05-14;16.142857142857142;2018-05-14;17.351190476190478;2018-05-07;22.2;2018-05-07;21.497023809523814;2018-04-30;16.0;2018-04-30
2018-05-28;2018;22;Industrial;338804;3.305746095087425;1.2101391955230751;2018-05-28;20.898809523809522;20.571428571428573;20.898809523809522;2018-05-28;20.571428571428573;2018-05-28;22.142857142857142;2018-05-21;20.428571428571427;2018-05-21;17.386309523809523;2018-05-14;15.5;2018-05-14;21.73333333333333;2018-05-07;12.75;2018-05-07;20.296143892339547;2018-04-30;14.285714285714286;2018-04-30
2018-06-04;2018;23;Agricultural;60224;3.9851222104144526;1.8265143464399574;2018-06-04;14.516356107660455;13.0;14.516356107660455;2018-06-04;13.0;2018-06-04;19.28615424430642;2018-05-28;19.142857142857142;2018-05-28;18.938690476190477;2018-05-21;22.0;2018-05-21;17.226190476190478;2018-05-14;16.142857142857142;2018-05-14;17.351190476190478;2018-05-07;22.2;2018-05-07
2018-06-04;2018;23;Industrial;338804;3.4828396358956804;0.9740144744454021;2018-06-04;22.000378787878788;19.666666666666668;22.000378787878788;2018-06-04;19.666666666666668;2018-06-04;20.898809523809522;2018-05-28;20.571428571428573;2018-05-28;22.142857142857142;2018-05-21;20.428571428571427;2018-05-21;17.386309523809523;2018-05-14;15.5;2018-05-14;21.73333333333333;2018-05-07;12.75;2018-05-07
2018-06-11;2018;24;Agricultural;60224;4.317215727948991;1.162327311370882;2018-06-11;19.323214285714283;17.142857142857142;19.323214285714283;2018-06-11;17.142857142857142;2018-06-11;14.516356107660455;2018-06-04;13.0;2018-06-04;19.28615424430642;2018-05-28;19.142857142857142;2018-05-28;18.938690476190477;2018-05-21;22.0;2018-05-21;17.226190476190478;2018-05-14;16.142857142857142;2018-05-14
2018-06-11;2018;24;Industrial;338804;3.6009019964345166;1.2691703757924935;2018-06-11;15.717391304347826;15.333333333333334;15.717391304347826;2018-06-11;15.333333333333334;2018-06-11;22.000378787878788;2018-06-04;19.666666666666668;2018-06-04;20.898809523809522;2018-05-28;20.571428571428573;2018-05-28;22.142857142857142;2018-05-21;20.428571428571427;2018-05-21;17.386309523809523;2018-05-14;15.5;2018-05-14
2018-06-18;2018;25;Agricultural;60224;2.8227948990435707;0.8302337938363443;2018-06-18;17.867261904761907;12.428571428571429;17.867261904761907;2018-06-18;12.428571428571429;2018-06-18;19.323214285714283;2018-06-11;17.142857142857142;2018-06-11;14.516356107660455;2018-06-04;13.0;2018-06-04;19.28615424430642;2018-05-28;19.142857142857142;2018-05-28;18.938690476190477;2018-05-21;22.0;2018-05-21
2018-06-18;2018;25;Industrial;338804;3.5418708161650985;1.2396547856577844;2018-06-18;15.483333333333334;13.0;15.483333333333334;2018-06-18;13.0;2018-06-18;15.717391304347826;2018-06-11;15.333333333333334;2018-06-11;22.000378787878788;2018-06-04;19.666666666666668;2018-06-04;20.898809523809522;2018-05-28;20.571428571428573;2018-05-28;22.142857142857142;2018-05-21;20.428571428571427;2018-05-21
2018-06-25;2018;26;Agricultural;60224;2.98884165781084;1.3283740701381508;2018-06-25;16.220833333333335;10.857142857142858;16.220833333333335;2018-06-25;10.857142857142858;2018-06-25;17.867261904761907;2018-06-18;12.428571428571429;2018-06-18;19.323214285714283;2018-06-11;17.142857142857142;2018-06-11;14.516356107660455;2018-06-04;13.0;2018-06-04;19.28615424430642;2018-05-28;19.142857142857142;2018-05-28
2018-06-25;2018;26;Industrial;338804;3.3352616852221346;0.9444988843106928;2018-06-25;21.808481218574382;12.285714285714286;21.808481218574382;2018-06-25;12.285714285714286;2018-06-25;15.483333333333334;2018-06-18;13.0;2018-06-18;15.717391304347826;2018-06-11;15.333333333333334;2018-06-11;22.000378787878788;2018-06-04;19.666666666666668;2018-06-04;20.898809523809522;2018-05-28;20.571428571428573;2018-05-28
2018-07-02;2018;27;Agricultural;60224;3.6530286928799147;1.49442082890542;2018-07-02;16.114285714285717;17.714285714285715;16.114285714285717;2018-07-02;17.714285714285715;2018-07-02;16.220833333333335;2018-06-25;10.857142857142858;2018-06-25;17.867261904761907;2018-06-18;12.428571428571429;2018-06-18;19.323214285714283;2018-06-11;17.142857142857142;2018-06-11;14.516356107660455;2018-06-04;13.0;2018-06-04
2018-07-02;2018;27;Industrial;338804;3.187683734548589;1.0625612448495296;2018-07-02;17.68095238095238;15.571428571428571;17.68095238095238;2018-07-02;15.571428571428571;2018-07-02;21.808481218574382;2018-06-25;12.285714285714286;2018-06-25;15.483333333333334;2018-06-18;13.0;2018-06-18;15.717391304347826;2018-06-11;15.333333333333334;2018-06-11;22.000378787878788;2018-06-04;19.666666666666668;2018-06-04
2018-07-09;2018;28;Agricultural;60224;3.3209351753453773;1.49442082890542;2018-07-09;15.342857142857143;19.142857142857142;15.342857142857143;2018-07-09;19.142857142857142;2018-07-09;16.114285714285717;2018-07-02;17.714285714285715;2018-07-02;16.220833333333335;2018-06-25;10.857142857142858;2018-06-25;17.867261904761907;2018-06-18;12.428571428571429;2018-06-18;19.323214285714283;2018-06-11;17.142857142857142;2018-06-11
2018-07-09;2018;28;Industrial;338804;3.3647772753568432;1.5643262771395852;2018-07-09;18.14047619047619;15.857142857142858;18.14047619047619;2018-07-09;15.857142857142858;2018-07-09;17.68095238095238;2018-07-02;15.571428571428571;2018-07-02;21.808481218574382;2018-06-25;12.285714285714286;2018-06-25;15.483333333333334;2018-06-18;13.0;2018-06-18;15.717391304347826;2018-06-11;15.333333333333334;2018-06-11
2018-07-16;2018;29;Agricultural;60224;3.154888416578108;1.162327311370882;2018-07-16;18.026190476190475;17.857142857142858;18.026190476190475;2018-07-16;17.857142857142858;2018-07-16;15.342857142857143;2018-07-09;19.142857142857142;2018-07-09;16.114285714285717;2018-07-02;17.714285714285715;2018-07-02;16.220833333333335;2018-06-25;10.857142857142858;2018-06-25;17.867261904761907;2018-06-18;12.428571428571429;2018-06-18
2018-07-16;2018;29;Industrial;338804;4.073151438589863;1.3872327363313302;2018-07-16;22.16904761904762;12.857142857142858;22.16904761904762;2018-07-16;12.857142857142858;2018-07-16;18.14047619047619;2018-07-09;15.857142857142858;2018-07-09;17.68095238095238;2018-07-02;15.571428571428571;2018-07-02;21.808481218574382;2018-06-25;12.285714285714286;2018-06-25;15.483333333333334;2018-06-18;13.0;2018-06-18
2018-07-23;2018;30;Agricultural;60224;1.49442082890542;0.8302337938363443;2018-07-23;18.21964285714286;18.571428571428573;18.21964285714286;2018-07-23;18.571428571428573;2018-07-23;18.026190476190475;2018-07-16;17.857142857142858;2018-07-16;15.342857142857143;2018-07-09;19.142857142857142;2018-07-09;16.114285714285717;2018-07-02;17.714285714285715;2018-07-02;16.220833333333335;2018-06-25;10.857142857142858;2018-06-25
2018-07-23;2018;30;Industrial;338804;3.305746095087425;1.6233574574090035;2018-07-23;18.395553830227744;11.571428571428571;18.395553830227744;2018-07-23;11.571428571428571;2018-07-23;22.16904761904762;2018-07-16;12.857142857142858;2018-07-16;18.14047619047619;2018-07-09;15.857142857142858;2018-07-09;17.68095238095238;2018-07-02;15.571428571428571;2018-07-02;21.808481218574382;2018-06-25;12.285714285714286;2018-06-25
2018-07-30;2018;31;Agricultural;60224;3.819075451647184;0.9962805526036131;2018-07-30;18.31011904761905;18.666666666666668;18.31011904761905;2018-07-30;18.666666666666668;2018-07-30;18.21964285714286;2018-07-23;18.571428571428573;2018-07-23;18.026190476190475;2018-07-16;17.857142857142858;2018-07-16;15.342857142857143;2018-07-09;19.142857142857142;2018-07-09;16.114285714285717;2018-07-02;17.714285714285715;2018-07-02
2018-07-30;2018;31;Industrial;338804;3.3352616852221346;1.2101391955230751;2018-07-30;18.21309523809524;13.857142857142858;18.21309523809524;2018-07-30;13.857142857142858;2018-07-30;18.395553830227744;2018-07-23;11.571428571428571;2018-07-23;22.16904761904762;2018-07-16;12.857142857142858;2018-07-16;18.14047619047619;2018-07-09;15.857142857142858;2018-07-09;17.68095238095238;2018-07-02;15.571428571428571;2018-07-02
2018-08-06;2018;32;Agricultural;60224;1.9925611052072263;1.49442082890542;2018-08-06;17.623214285714287;19.285714285714285;17.623214285714287;2018-08-06;19.285714285714285;2018-08-06;18.31011904761905;2018-07-30;18.666666666666668;2018-07-30;18.21964285714286;2018-07-23;18.571428571428573;2018-07-23;18.026190476190475;2018-07-16;17.857142857142858;2018-07-16;15.342857142857143;2018-07-09;19.142857142857142;2018-07-09
2018-08-06;2018;32;Industrial;338804;3.5713864062998075;1.4757795067354578;2018-08-06;17.24345238095238;17.857142857142858;17.24345238095238;2018-08-06;17.857142857142858;2018-08-06;18.21309523809524;2018-07-30;13.857142857142858;2018-07-30;18.395553830227744;2018-07-23;11.571428571428571;2018-07-23;22.16904761904762;2018-07-16;12.857142857142858;2018-07-16;18.14047619047619;2018-07-09;15.857142857142858;2018-07-09
2018-08-13;2018;33;Agricultural;60224;1.8265143464399574;0.9962805526036131;2018-08-13;18.748214285714287;17.333333333333332;18.748214285714287;2018-08-13;17.333333333333332;2018-08-13;17.623214285714287;2018-08-06;19.285714285714285;2018-08-06;18.31011904761905;2018-07-30;18.666666666666668;2018-07-30;18.21964285714286;2018-07-23;18.571428571428573;2018-07-23;18.026190476190475;2018-07-16;17.857142857142858;2018-07-16
2018-08-13;2018;33;Industrial;338804;4.102667028724572;1.180623605388366;2018-08-13;14.136417748917749;10.428571428571429;14.136417748917749;2018-08-13;10.428571428571429;2018-08-13;17.24345238095238;2018-08-06;17.857142857142858;2018-08-06;18.21309523809524;2018-07-30;13.857142857142858;2018-07-30;18.395553830227744;2018-07-23;11.571428571428571;2018-07-23;22.16904761904762;2018-07-16;12.857142857142858;2018-07-16
2018-08-20;2018;34;Agricultural;60224;2.6567481402763016;1.49442082890542;2018-08-20;17.074761904761903;18.0;17.074761904761903;2018-08-20;18.0;2018-08-20;18.748214285714287;2018-08-13;17.333333333333332;2018-08-13;17.623214285714287;2018-08-06;19.285714285714285;2018-08-06;18.31011904761905;2018-07-30;18.666666666666668;2018-07-30;18.21964285714286;2018-07-23;18.571428571428573;2018-07-23
2018-08-20;2018;34;Industrial;338804;3.453324045760971;0.8264365237718563;2018-08-20;16.061309523809523;12.857142857142858;16.061309523809523;2018-08-20;12.857142857142858;2018-08-20;14.136417748917749;2018-08-13;10.428571428571429;2018-08-13;17.24345238095238;2018-08-06;17.857142857142858;2018-08-06;18.21309523809524;2018-07-30;13.857142857142858;2018-07-30;18.395553830227744;2018-07-23;11.571428571428571;2018-07-23
2018-08-27;2018;35;Agricultural;60224;3.3209351753453773;1.3283740701381508;2018-08-27;17.88154761904762;12.333333333333334;17.88154761904762;2018-08-27;12.333333333333334;2018-08-27;17.074761904761903;2018-08-20;18.0;2018-08-20;18.748214285714287;2018-08-13;17.333333333333332;2018-08-13;17.623214285714287;2018-08-06;19.285714285714285;2018-08-06;18.31011904761905;2018-07-30;18.666666666666668;2018-07-30
2018-08-27;2018;35;Industrial;338804;2.8334966529320784;1.0920768349842387;2018-08-27;22.348809523809525;8.857142857142858;22.348809523809525;2018-08-27;8.857142857142858;2018-08-27;16.061309523809523;2018-08-20;12.857142857142858;2018-08-20;14.136417748917749;2018-08-13;10.428571428571429;2018-08-13;17.24345238095238;2018-08-06;17.857142857142858;2018-08-06;18.21309523809524;2018-07-30;13.857142857142858;2018-07-30
2018-09-03;2018;36;Agricultural;60224;2.98884165781084;1.9925611052072263;2018-09-03;18.86547619047619;20.285714285714285;18.86547619047619;2018-09-03;20.285714285714285;2018-09-03;17.88154761904762;2018-08-27;12.333333333333334;2018-08-27;17.074761904761903;2018-08-20;18.0;2018-08-20;18.748214285714287;2018-08-13;17.333333333333332;2018-08-13;17.623214285714287;2018-08-06;19.285714285714285;2018-08-06
2018-09-03;2018;36;Industrial;338804;3.305746095087425;1.0625612448495296;2018-09-03;20.27878787878788;11.833333333333334;20.27878787878788;2018-09-03;11.833333333333334;2018-09-03;22.348809523809525;2018-08-27;8.857142857142858;2018-08-27;16.061309523809523;2018-08-20;12.857142857142858;2018-08-20;14.136417748917749;2018-08-13;10.428571428571429;2018-08-13;17.24345238095238;2018-08-06;17.857142857142858;2018-08-06
2018-09-10;2018;37;Agricultural;60224;1.9925611052072263;1.162327311370882;2018-09-10;23.8;36.57142857142857;23.8;2018-09-10;36.57142857142857;2018-09-10;18.86547619047619;2018-09-03;20.285714285714285;2018-09-03;17.88154761904762;2018-08-27;12.333333333333334;2018-08-27;17.074761904761903;2018-08-20;18.0;2018-08-20;18.748214285714287;2018-08-13;17.333333333333332;2018-08-13
2018-09-10;2018;37;Industrial;338804;3.7189643569733533;1.4462639166007487;2018-09-10;20.26845238095238;25.0;20.26845238095238;2018-09-10;25.0;2018-09-10;20.27878787878788;2018-09-03;11.833333333333334;2018-09-03;22.348809523809525;2018-08-27;8.857142857142858;2018-08-27;16.061309523809523;2018-08-20;12.857142857142858;2018-08-20;14.136417748917749;2018-08-13;10.428571428571429;2018-08-13
2018-09-17;2018;38;Agricultural;60224;2.8227948990435707;1.9925611052072263;2018-09-17;27.28333333333333;33.142857142857146;27.28333333333333;2018-09-17;33.142857142857146;2018-09-17;23.8;2018-09-10;36.57142857142857;2018-09-10;18.86547619047619;2018-09-03;20.285714285714285;2018-09-03;17.88154761904762;2018-08-27;12.333333333333334;2018-08-27;17.074761904761903;2018-08-20;18.0;2018-08-20
2018-09-17;2018;38;Industrial;338804;3.866542307646899;0.9740144744454021;2018-09-17;19.49642857142857;22.714285714285715;19.49642857142857;2018-09-17;22.714285714285715;2018-09-17;20.26845238095238;2018-09-10;25.0;2018-09-10;20.27878787878788;2018-09-03;11.833333333333334;2018-09-03;22.348809523809525;2018-08-27;8.857142857142858;2018-08-27;16.061309523809523;2018-08-20;12.857142857142858;2018-08-20
2018-09-24;2018;39;Agricultural;60224;2.4907013815090333;1.3283740701381508;2018-09-24;30.382738095238096;17.285714285714285;30.382738095238096;2018-09-24;17.285714285714285;2018-09-24;27.28333333333333;2018-09-17;33.142857142857146;2018-09-17;23.8;2018-09-10;36.57142857142857;2018-09-10;18.86547619047619;2018-09-03;20.285714285714285;2018-09-03;17.88154761904762;2018-08-27;12.333333333333334;2018-08-27
2018-09-24;2018;39;Industrial;338804;3.423808455626262;1.2691703757924935;2018-09-24;15.24389880952381;14.857142857142858;15.24389880952381;2018-09-24;14.857142857142858;2018-09-24;19.49642857142857;2018-09-17;22.714285714285715;2018-09-17;20.26845238095238;2018-09-10;25.0;2018-09-10;20.27878787878788;2018-09-03;11.833333333333334;2018-09-03;22.348809523809525;2018-08-27;8.857142857142858;2018-08-27
2018-10-01;2018;40;Agricultural;60224;2.324654622741764;1.49442082890542;2018-10-01;33.704166666666666;27.571428571428573;33.704166666666666;2018-10-01;27.571428571428573;2018-10-01;30.382738095238096;2018-09-24;17.285714285714285;2018-09-24;27.28333333333333;2018-09-17;33.142857142857146;2018-09-17;23.8;2018-09-10;36.57142857142857;2018-09-10;18.86547619047619;2018-09-03;20.285714285714285;2018-09-03
2018-10-01;2018;40;Industrial;338804;3.659933176703935;1.151108015253657;2018-10-01;30.70440476190476;25.571428571428573;30.70440476190476;2018-10-01;25.571428571428573;2018-10-01;15.24389880952381;2018-09-24;14.857142857142858;2018-09-24;19.49642857142857;2018-09-17;22.714285714285715;2018-09-17;20.26845238095238;2018-09-10;25.0;2018-09-10;20.27878787878788;2018-09-03;11.833333333333334;2018-09-03
2018-10-08;2018;41;Agricultural;60224;3.819075451647184;0.6641870350690754;2018-10-08;31.805952380952384;40.142857142857146;31.805952380952384;2018-10-08;40.142857142857146;2018-10-08;33.704166666666666;2018-10-01;27.571428571428573;2018-10-01;30.382738095238096;2018-09-24;17.285714285714285;2018-09-24;27.28333333333333;2018-09-17;33.142857142857146;2018-09-17;23.8;2018-09-10;36.57142857142857;2018-09-10
2018-10-08;2018;41;Industrial;338804;3.5713864062998075;1.357717146196621;2018-10-08;23.809523809523807;33.0;23.809523809523807;2018-10-08;33.0;2018-10-08;30.70440476190476;2018-10-01;25.571428571428573;2018-10-01;15.24389880952381;2018-09-24;14.857142857142858;2018-09-24;19.49642857142857;2018-09-17;22.714285714285715;2018-09-17;20.26845238095238;2018-09-10;25.0;2018-09-10
2018-10-15;2018;42;Agricultural;60224;3.6530286928799147;1.49442082890542;2018-10-15;39.925595238095234;46.0;39.925595238095234;2018-10-15;46.0;2018-10-15;31.805952380952384;2018-10-08;40.142857142857146;2018-10-08;33.704166666666666;2018-10-01;27.571428571428573;2018-10-01;30.382738095238096;2018-09-24;17.285714285714285;2018-09-24;27.28333333333333;2018-09-17;33.142857142857146;2018-09-17
2018-10-15;2018;42;Industrial;338804;3.7189643569733533;1.7709354080825492;2018-10-15;27.89642857142857;33.714285714285715;27.89642857142857;2018-10-15;33.714285714285715;2018-10-15;23.809523809523807;2018-10-08;33.0;2018-10-08;30.70440476190476;2018-10-01;25.571428571428573;2018-10-01;15.24389880952381;2018-09-24;14.857142857142858;2018-09-24;19.49642857142857;2018-09-17;22.714285714285715;2018-09-17
2018-10-22;2018;43;Agricultural;60224;3.154888416578108;0.9962805526036131;2018-10-22;24.49285714285714;23.714285714285715;24.49285714285714;2018-10-22;23.714285714285715;2018-10-22;39.925595238095234;2018-10-15;46.0;2018-10-15;31.805952380952384;2018-10-08;40.142857142857146;2018-10-08;33.704166666666666;2018-10-01;27.571428571428573;2018-10-01;30.382738095238096;2018-09-24;17.285714285714285;2018-09-24
2018-10-22;2018;43;Industrial;338804;4.633947651149337;1.2986859659272025;2018-10-22;24.652380952380952;21.428571428571427;24.652380952380952;2018-10-22;21.428571428571427;2018-10-22;27.89642857142857;2018-10-15;33.714285714285715;2018-10-15;23.809523809523807;2018-10-08;33.0;2018-10-08;30.70440476190476;2018-10-01;25.571428571428573;2018-10-01;15.24389880952381;2018-09-24;14.857142857142858;2018-09-24
2018-10-29;2018;44;Agricultural;60224;2.324654622741764;1.3283740701381508;2018-10-29;22.21607142857143;15.0;22.21607142857143;2018-10-29;15.0;2018-10-29;24.49285714285714;2018-10-22;23.714285714285715;2018-10-22;39.925595238095234;2018-10-15;46.0;2018-10-15;31.805952380952384;2018-10-08;40.142857142857146;2018-10-08;33.704166666666666;2018-10-01;27.571428571428573;2018-10-01
2018-10-29;2018;44;Industrial;338804;3.5418708161650985;1.4167483264660392;2018-10-29;17.77597117794486;7.8;17.77597117794486;2018-10-29;7.8;2018-10-29;24.652380952380952;2018-10-22;21.428571428571427;2018-10-22;27.89642857142857;2018-10-15;33.714285714285715;2018-10-15;23.809523809523807;2018-10-08;33.0;2018-10-08;30.70440476190476;2018-10-01;25.571428571428573;2018-10-01
2018-11-05;2018;45;Agricultural;60224;2.98884165781084;0.8302337938363443;2018-11-05;22.076190476190476;24.285714285714285;22.076190476190476;2018-11-05;24.285714285714285;2018-11-05;22.21607142857143;2018-10-29;15.0;2018-10-29;24.49285714285714;2018-10-22;23.714285714285715;2018-10-22;39.925595238095234;2018-10-15;46.0;2018-10-15;31.805952380952384;2018-10-08;40.142857142857146;2018-10-08
2018-11-05;2018;45;Industrial;338804;3.2171993246832975;1.5643262771395852;2018-11-05;20.766991341991343;15.0;20.766991341991343;2018-11-05;15.0;2018-11-05;17.77597117794486;2018-10-29;7.8;2018-10-29;24.652380952380952;2018-10-22;21.428571428571427;2018-10-22;27.89642857142857;2018-10-15;33.714285714285715;2018-10-15;23.809523809523807;2018-10-08;33.0;2018-10-08
2018-11-12;2018;46;Agricultural;60224;3.154888416578108;1.8265143464399574;2018-11-12;32.01904761904762;24.571428571428573;32.01904761904762;2018-11-12;24.571428571428573;2018-11-12;22.076190476190476;2018-11-05;24.285714285714285;2018-11-05;22.21607142857143;2018-10-29;15.0;2018-10-29;24.49285714285714;2018-10-22;23.714285714285715;2018-10-22;39.925595238095234;2018-10-15;46.0;2018-10-15
2018-11-12;2018;46;Industrial;338804;4.132182618859281;1.0625612448495296;2018-11-12;27.73154761904762;29.166666666666668;27.73154761904762;2018-11-12;29.166666666666668;2018-11-12;20.766991341991343;2018-11-05;15.0;2018-11-05;17.77597117794486;2018-10-29;7.8;2018-10-29;24.652380952380952;2018-10-22;21.428571428571427;2018-10-22;27.89642857142857;2018-10-15;33.714285714285715;2018-10-15
2018-11-19;2018;47;Agricultural;60224;3.4869819341126465;1.3283740701381508;2018-11-19;34.15416666666667;24.142857142857142;34.15416666666667;2018-11-19;24.142857142857142;2018-11-19;32.01904761904762;2018-11-12;24.571428571428573;2018-11-12;22.076190476190476;2018-11-05;24.285714285714285;2018-11-05;22.21607142857143;2018-10-29;15.0;2018-10-29;24.49285714285714;2018-10-22;23.714285714285715;2018-10-22
2018-11-19;2018;47;Industrial;338804;3.5713864062998075;1.5643262771395852;2018-11-19;32.80714285714286;31.0;32.80714285714286;2018-11-19;31.0;2018-11-19;27.73154761904762;2018-11-12;29.166666666666668;2018-11-12;20.766991341991343;2018-11-05;15.0;2018-11-05;17.77597117794486;2018-10-29;7.8;2018-10-29;24.652380952380952;2018-10-22;21.428571428571427;2018-10-22
2018-11-26;2018;48;Agricultural;60224;4.649309245483528;1.162327311370882;2018-11-26;48.65416666666666;36.42857142857143;48.65416666666666;2018-11-26;36.42857142857143;2018-11-26;34.15416666666667;2018-11-19;24.142857142857142;2018-11-19;32.01904761904762;2018-11-12;24.571428571428573;2018-11-12;22.076190476190476;2018-11-05;24.285714285714285;2018-11-05;22.21607142857143;2018-10-29;15.0;2018-10-29
2018-11-26;2018;48;Industrial;338804;4.368307339936955;1.4462639166007487;2018-11-26;35.00535714285714;33.2;35.00535714285714;2018-11-26;33.2;2018-11-26;32.80714285714286;2018-11-19;31.0;2018-11-19;27.73154761904762;2018-11-12;29.166666666666668;2018-11-12;20.766991341991343;2018-11-05;15.0;2018-11-05;17.77597117794486;2018-10-29;7.8;2018-10-29
2018-12-03;2018;49;Agricultural;60224;4.649309245483528;0.3320935175345377;2018-12-03;53.304761904761904;43.714285714285715;53.304761904761904;2018-12-03;43.714285714285715;2018-12-03;48.65416666666666;2018-11-26;36.42857142857143;2018-11-26;34.15416666666667;2018-11-19;24.142857142857142;2018-11-19;32.01904761904762;2018-11-12;24.571428571428573;2018-11-12;22.076190476190476;2018-11-05;24.285714285714285;2018-11-05
2018-12-03;2018;49;Industrial;338804;4.456854110341082;1.357717146196621;2018-12-03;36.86130952380953;48.42857142857143;36.86130952380953;2018-12-03;48.42857142857143;2018-12-03;35.00535714285714;2018-11-26;33.2;2018-11-26;32.80714285714286;2018-11-19;31.0;2018-11-19;27.73154761904762;2018-11-12;29.166666666666668;2018-11-12;20.766991341991343;2018-11-05;15.0;2018-11-05
2018-12-10;2018;50;Agricultural;60224;2.6567481402763016;0.8302337938363443;2018-12-10;62.572023809523806;37.142857142857146;62.572023809523806;2018-12-10;37.142857142857146;2018-12-10;53.304761904761904;2018-12-03;43.714285714285715;2018-12-03;48.65416666666666;2018-11-26;36.42857142857143;2018-11-26;34.15416666666667;2018-11-19;24.142857142857142;2018-11-19;32.01904761904762;2018-11-12;24.571428571428573;2018-11-12
2018-12-10;2018;50;Industrial;338804;4.043635848455154;1.6233574574090035;2018-12-10;40.02857142857143;32.142857142857146;40.02857142857143;2018-12-10;32.142857142857146;2018-12-10;36.86130952380953;2018-12-03;48.42857142857143;2018-12-03;35.00535714285714;2018-11-26;33.2;2018-11-26;32.80714285714286;2018-11-19;31.0;2018-11-19;27.73154761904762;2018-11-12;29.166666666666668;2018-11-12
2018-12-17;2018;51;Agricultural;60224;2.8227948990435707;1.6604675876726886;2018-12-17;53.860119047619044;35.142857142857146;53.860119047619044;2018-12-17;35.142857142857146;2018-12-17;62.572023809523806;2018-12-10;37.142857142857146;2018-12-10;53.304761904761904;2018-12-03;43.714285714285715;2018-12-03;48.65416666666666;2018-11-26;36.42857142857143;2018-11-26;34.15416666666667;2018-11-19;24.142857142857142;2018-11-19
2018-12-17;2018;51;Industrial;338804;3.7484799471080628;2.0956068995643498;2018-12-17;42.34404761904762;53.57142857142857;42.34404761904762;2018-12-17;53.57142857142857;2018-12-17;40.02857142857143;2018-12-10;32.142857142857146;2018-12-10;36.86130952380953;2018-12-03;48.42857142857143;2018-12-03;35.00535714285714;2018-11-26;33.2;2018-11-26;32.80714285714286;2018-11-19;31.0;2018-11-19
2018-12-24;2018;52;Agricultural;60224;3.3209351753453773;2.1586078639744954;2018-12-24;48.55357142857143;38.285714285714285;48.55357142857143;2018-12-24;38.285714285714285;2018-12-24;53.860119047619044;2018-12-17;35.142857142857146;2018-12-17;62.572023809523806;2018-12-10;37.142857142857146;2018-12-10;53.304761904761904;2018-12-03;43.714285714285715;2018-12-03;48.65416666666666;2018-11-26;36.42857142857143;2018-11-26
2018-12-24;2018;52;Industrial;338804;4.073151438589863;2.2136692601031864;2018-12-24;34.364285714285714;44.42857142857143;34.364285714285714;2018-12-24;44.42857142857143;2018-12-24;42.34404761904762;2018-12-17;53.57142857142857;2018-12-17;40.02857142857143;2018-12-10;32.142857142857146;2018-12-10;36.86130952380953;2018-12-03;48.42857142857143;2018-12-03;35.00535714285714;2018-11-26;33.2;2018-11-26
2018-12-31;2018;1;Agricultural;60224;2.6567481402763016;1.6604675876726886;2018-12-31;63.177976190476194;46.285714285714285;63.177976190476194;2018-12-31;46.285714285714285;2018-12-31;48.55357142857143;2018-12-24;38.285714285714285;2018-12-24;53.860119047619044;2018-12-17;35.142857142857146;2018-12-17;62.572023809523806;2018-12-10;37.142857142857146;2018-12-10;53.304761904761904;2018-12-03;43.714285714285715;2018-12-03
2018-12-31;2018;1;Industrial;338804;3.423808455626262;1.2986859659272025;2018-12-31;42.78273809523809;39.57142857142857;42.78273809523809;2018-12-31;39.57142857142857;2018-12-31;34.364285714285714;2018-12-24;44.42857142857143;2018-12-24;42.34404761904762;2018-12-17;53.57142857142857;2018-12-17;40.02857142857143;2018-12-10;32.142857142857146;2018-12-10;36.86130952380953;2018-12-03;48.42857142857143;2018-12-03
2019-01-07;2019;2;Agricultural;60103;3.3276209174250866;1.8301915045837978;2019-01-07;67.04345238095239;45.42857142857143;67.04345238095239;2019-01-07;45.42857142857143;2019-01-07;63.177976190476194;2018-12-31;46.285714285714285;2018-12-31;48.55357142857143;2018-12-24;38.285714285714285;2018-12-24;53.860119047619044;2018-12-17;35.142857142857146;2018-12-17;62.572023809523806;2018-12-10;37.142857142857146;2018-12-10
2019-01-07;2019;2;Industrial;340591;3.699451835192357;2.055251019551309;2019-01-07;43.091071428571425;46.0;43.091071428571425;2019-01-07;46.0;2019-01-07;42.78273809523809;2018-12-31;39.57142857142857;2018-12-31;34.364285714285714;2018-12-24;44.42857142857143;2018-12-24;42.34404761904762;2018-12-17;53.57142857142857;2018-12-17;40.02857142857143;2018-12-10;32.142857142857146;2018-12-10
2019-01-14;2019;3;Agricultural;60103;3.82676405503885;2.495715688068815;2019-01-14;55.65119047619048;34.857142857142854;55.65119047619048;2019-01-14;34.857142857142854;2019-01-14;67.04345238095239;2019-01-07;45.42857142857143;2019-01-07;63.177976190476194;2018-12-31;46.285714285714285;2018-12-31;48.55357142857143;2018-12-24;38.285714285714285;2018-12-24;53.860119047619044;2018-12-17;35.142857142857146;2018-12-17
2019-01-14;2019;3;Industrial;340591;3.7288125640430896;2.055251019551309;2019-01-14;40.663690476190474;36.285714285714285;40.663690476190474;2019-01-14;36.285714285714285;2019-01-14;43.091071428571425;2019-01-07;46.0;2019-01-07;42.78273809523809;2018-12-31;39.57142857142857;2018-12-31;34.364285714285714;2018-12-24;44.42857142857143;2018-12-24;42.34404761904762;2018-12-17;53.57142857142857;2018-12-17
2019-01-21;2019;4;Agricultural;60103;3.6603830091675955;1.9965725504550522;2019-01-21;59.734109730848864;55.0;59.734109730848864;2019-01-21;55.0;2019-01-21;55.65119047619048;2019-01-14;34.857142857142854;2019-01-14;67.04345238095239;2019-01-07;45.42857142857143;2019-01-07;63.177976190476194;2018-12-31;46.285714285714285;2018-12-31;48.55357142857143;2018-12-24;38.285714285714285;2018-12-24
2019-01-21;2019;4;Industrial;340591;4.286666412207016;2.55438341001377;2019-01-21;43.197800207039336;46.57142857142857;43.197800207039336;2019-01-21;46.57142857142857;2019-01-21;40.663690476190474;2019-01-14;36.285714285714285;2019-01-14;43.091071428571425;2019-01-07;46.0;2019-01-07;42.78273809523809;2018-12-31;39.57142857142857;2018-12-31;34.364285714285714;2018-12-24;44.42857142857143;2018-12-24
2019-01-28;2019;5;Agricultural;60103;4.825050330266376;2.1629535963263065;2019-01-28;54.634523809523806;34.285714285714285;54.634523809523806;2019-01-28;34.285714285714285;2019-01-28;59.734109730848864;2019-01-21;55.0;2019-01-21;55.65119047619048;2019-01-14;34.857142857142854;2019-01-14;67.04345238095239;2019-01-07;45.42857142857143;2019-01-07;63.177976190476194;2018-12-31;46.285714285714285;2018-12-31
2019-01-28;2019;5;Industrial;340591;4.374748598759216;2.965433613924032;2019-01-28;42.34699792960662;37.142857142857146;42.34699792960662;2019-01-28;37.142857142857146;2019-01-28;43.197800207039336;2019-01-21;46.57142857142857;2019-01-21;40.663690476190474;2019-01-14;36.285714285714285;2019-01-14;43.091071428571425;2019-01-07;46.0;2019-01-07;42.78273809523809;2018-12-31;39.57142857142857;2018-12-31
2019-02-04;2019;6;Agricultural;60103;3.9931451009101044;2.1629535963263065;2019-02-04;69.38095238095238;55.42857142857143;69.38095238095238;2019-02-04;55.42857142857143;2019-02-04;54.634523809523806;2019-01-28;34.285714285714285;2019-01-28;59.734109730848864;2019-01-21;55.0;2019-01-21;55.65119047619048;2019-01-14;34.857142857142854;2019-01-14;67.04345238095239;2019-01-07;45.42857142857143;2019-01-07
2019-02-04;2019;6;Industrial;340591;3.9930591236996866;2.6718263254167023;2019-02-04;40.414880952380955;43.0;40.414880952380955;2019-02-04;43.0;2019-02-04;42.34699792960662;2019-01-28;37.142857142857146;2019-01-28;43.197800207039336;2019-01-21;46.57142857142857;2019-01-21;40.663690476190474;2019-01-14;36.285714285714285;2019-01-14;43.091071428571425;2019-01-07;46.0;2019-01-07
2019-02-11;2019;7;Agricultural;60103;4.825050330266376;1.8301915045837978;2019-02-11;56.27202380952381;50.0;56.27202380952381;2019-02-11;50.0;2019-02-11;69.38095238095238;2019-02-04;55.42857142857143;2019-02-04;54.634523809523806;2019-01-28;34.285714285714285;2019-01-28;59.734109730848864;2019-01-21;55.0;2019-01-21;55.65119047619048;2019-01-14;34.857142857142854;2019-01-14
2019-02-11;2019;7;Industrial;340591;4.374748598759216;2.5250226811630374;2019-02-11;38.92916666666667;38.857142857142854;38.92916666666667;2019-02-11;38.857142857142854;2019-02-11;40.414880952380955;2019-02-04;43.0;2019-02-04;42.34699792960662;2019-01-28;37.142857142857146;2019-01-28;43.197800207039336;2019-01-21;46.57142857142857;2019-01-21;40.663690476190474;2019-01-14;36.285714285714285;2019-01-14
2019-02-18;2019;8;Agricultural;60103;3.4940019632963413;2.1629535963263065;2019-02-18;52.57678571428572;43.57142857142857;52.57678571428572;2019-02-18;43.57142857142857;2019-02-18;56.27202380952381;2019-02-11;50.0;2019-02-11;69.38095238095238;2019-02-04;55.42857142857143;2019-02-04;54.634523809523806;2019-01-28;34.285714285714285;2019-01-28;59.734109730848864;2019-01-21;55.0;2019-01-21
2019-02-18;2019;8;Industrial;340591;3.7288125640430896;1.8203651887454455;2019-02-18;33.73392857142857;54.857142857142854;33.73392857142857;2019-02-18;54.857142857142854;2019-02-18;38.92916666666667;2019-02-11;38.857142857142854;2019-02-11;40.414880952380955;2019-02-04;43.0;2019-02-04;42.34699792960662;2019-01-28;37.142857142857146;2019-01-28;43.197800207039336;2019-01-21;46.57142857142857;2019-01-21
2019-02-25;2019;9;Agricultural;60103;2.9948588256825786;2.495715688068815;2019-02-25;59.66550207039337;53.857142857142854;59.66550207039337;2019-02-25;53.857142857142854;2019-02-25;52.57678571428572;2019-02-18;43.57142857142857;2019-02-18;56.27202380952381;2019-02-11;50.0;2019-02-11;69.38095238095238;2019-02-04;55.42857142857143;2019-02-04;54.634523809523806;2019-01-28;34.285714285714285;2019-01-28
2019-02-25;2019;9;Industrial;340591;3.640730377490891;1.4386757136859165;2019-02-25;41.58165113871636;50.57142857142857;41.58165113871636;2019-02-25;50.57142857142857;2019-02-25;33.73392857142857;2019-02-18;54.857142857142854;2019-02-18;38.92916666666667;2019-02-11;38.857142857142854;2019-02-11;40.414880952380955;2019-02-04;43.0;2019-02-04;42.34699792960662;2019-01-28;37.142857142857146;2019-01-28
2019-03-04;2019;10;Agricultural;60103;2.1629535963263065;0.9982862752275261;2019-03-04;39.362500000000004;29.571428571428573;39.362500000000004;2019-03-04;29.571428571428573;2019-03-04;59.66550207039337;2019-02-25;53.857142857142854;2019-02-25;52.57678571428572;2019-02-18;43.57142857142857;2019-02-18;56.27202380952381;2019-02-11;50.0;2019-02-11;69.38095238095238;2019-02-04;55.42857142857143;2019-02-04
2019-03-04;2019;10;Industrial;340591;4.345387869908483;1.5561186290888487;2019-03-04;28.73988095238095;30.0;28.73988095238095;2019-03-04;30.0;2019-03-04;41.58165113871636;2019-02-25;50.57142857142857;2019-02-25;33.73392857142857;2019-02-18;54.857142857142854;2019-02-18;38.92916666666667;2019-02-11;38.857142857142854;2019-02-11;40.414880952380955;2019-02-04;43.0;2019-02-04
2019-03-11;2019;11;Agricultural;60103;4.325907192652613;1.6638104587125433;2019-03-11;36.308928571428574;22.714285714285715;36.308928571428574;2019-03-11;22.714285714285715;2019-03-11;39.362500000000004;2019-03-04;29.571428571428573;2019-03-04;59.66550207039337;2019-02-25;53.857142857142854;2019-02-25;52.57678571428572;2019-02-18;43.57142857142857;2019-02-18;56.27202380952381;2019-02-11;50.0;2019-02-11
2019-03-11;2019;11;Industrial;340591;3.4939267332372257;1.6735615444917804;2019-03-11;30.29345238095238;30.142857142857142;30.29345238095238;2019-03-11;30.142857142857142;2019-03-11;28.73988095238095;2019-03-04;30.0;2019-03-04;41.58165113871636;2019-02-25;50.57142857142857;2019-02-25;33.73392857142857;2019-02-18;54.857142857142854;2019-02-18;38.92916666666667;2019-02-11;38.857142857142854;2019-02-11
2019-03-18;2019;12;Agricultural;60103;2.495715688068815;0.6655241834850174;2019-03-18;38.625;27.0;38.625;2019-03-18;27.0;2019-03-18;36.308928571428574;2019-03-11;22.714285714285715;2019-03-11;39.362500000000004;2019-03-04;29.571428571428573;2019-03-04;59.66550207039337;2019-02-25;53.857142857142854;2019-02-25;52.57678571428572;2019-02-18;43.57142857142857;2019-02-18
2019-03-18;2019;12;Industrial;340591;3.8462554794460218;1.4386757136859165;2019-03-18;28.310714285714287;24.714285714285715;28.310714285714287;2019-03-18;24.714285714285715;2019-03-18;30.29345238095238;2019-03-11;30.142857142857142;2019-03-11;28.73988095238095;2019-03-04;30.0;2019-03-04;41.58165113871636;2019-02-25;50.57142857142857;2019-02-25;33.73392857142857;2019-02-18;54.857142857142854;2019-02-18
2019-03-25;2019;13;Agricultural;60103;2.9948588256825786;1.3310483669700348;2019-03-25;33.539880952380955;23.142857142857142;33.539880952380955;2019-03-25;23.142857142857142;2019-03-25;38.625;2019-03-18;27.0;2019-03-18;36.308928571428574;2019-03-11;22.714285714285715;2019-03-11;39.362500000000004;2019-03-04;29.571428571428573;2019-03-04;59.66550207039337;2019-02-25;53.857142857142854;2019-02-25
2019-03-25;2019;13;Industrial;340591;3.963698394848954;1.8497259175961784;2019-03-25;24.886723602484473;25.714285714285715;24.886723602484473;2019-03-25;25.714285714285715;2019-03-25;28.310714285714287;2019-03-18;24.714285714285715;2019-03-18;30.29345238095238;2019-03-11;30.142857142857142;2019-03-11;28.73988095238095;2019-03-04;30.0;2019-03-04;41.58165113871636;2019-02-25;50.57142857142857;2019-02-25
2019-04-01;2019;14;Agricultural;60103;3.82676405503885;2.495715688068815;2019-04-01;24.27688923395445;28.333333333333332;24.27688923395445;2019-04-01;28.333333333333332;2019-04-01;33.539880952380955;2019-03-25;23.142857142857142;2019-03-25;38.625;2019-03-18;27.0;2019-03-18;36.308928571428574;2019-03-11;22.714285714285715;2019-03-11;39.362500000000004;2019-03-04;29.571428571428573;2019-03-04
2019-04-01;2019;14;Industrial;340591;3.7288125640430896;1.8497259175961784;2019-04-01;22.632738095238096;21.428571428571427;22.632738095238096;2019-04-01;21.428571428571427;2019-04-01;24.886723602484473;2019-03-25;25.714285714285715;2019-03-25;28.310714285714287;2019-03-18;24.714285714285715;2019-03-18;30.29345238095238;2019-03-11;30.142857142857142;2019-03-11;28.73988095238095;2019-03-04;30.0;2019-03-04
2019-04-08;2019;15;Agricultural;60103;2.495715688068815;1.6638104587125433;2019-04-08;17.54702380952381;19.571428571428573;17.54702380952381;2019-04-08;19.571428571428573;2019-04-08;24.27688923395445;2019-04-01;28.333333333333332;2019-04-01;33.539880952380955;2019-03-25;23.142857142857142;2019-03-25;38.625;2019-03-18;27.0;2019-03-18;36.308928571428574;2019-03-11;22.714285714285715;2019-03-11
2019-04-08;2019;15;Industrial;340591;3.904976937147488;1.6148400867903143;2019-04-08;19.183333333333334;21.714285714285715;19.183333333333334;2019-04-08;21.714285714285715;2019-04-08;22.632738095238096;2019-04-01;21.428571428571427;2019-04-01;24.886723602484473;2019-03-25;25.714285714285715;2019-03-25;28.310714285714287;2019-03-18;24.714285714285715;2019-03-18;30.29345238095238;2019-03-11;30.142857142857142;2019-03-11
2019-04-15;2019;16;Agricultural;60103;2.1629535963263065;1.9965725504550522;2019-04-15;17.830357142857142;28.428571428571427;17.830357142857142;2019-04-15;28.428571428571427;2019-04-15;17.54702380952381;2019-04-08;19.571428571428573;2019-04-08;24.27688923395445;2019-04-01;28.333333333333332;2019-04-01;33.539880952380955;2019-03-25;23.142857142857142;2019-03-25;38.625;2019-03-18;27.0;2019-03-18
2019-04-15;2019;16;Industrial;340591;3.611369648640158;1.4386757136859165;2019-04-15;20.905882352941177;20.571428571428573;20.905882352941177;2019-04-15;20.571428571428573;2019-04-15;19.183333333333334;2019-04-08;21.714285714285715;2019-04-08;22.632738095238096;2019-04-01;21.428571428571427;2019-04-01;24.886723602484473;2019-03-25;25.714285714285715;2019-03-25;28.310714285714287;2019-03-18;24.714285714285715;2019-03-18
2019-04-22;2019;17;Agricultural;60103;3.4940019632963413;1.6638104587125433;2019-04-22;10.67797619047619;16.142857142857142;10.67797619047619;2019-04-22;16.142857142857142;2019-04-22;17.830357142857142;2019-04-15;28.428571428571427;2019-04-15;17.54702380952381;2019-04-08;19.571428571428573;2019-04-08;24.27688923395445;2019-04-01;28.333333333333332;2019-04-01;33.539880952380955;2019-03-25;23.142857142857142;2019-03-25
2019-04-22;2019;17;Industrial;340591;3.7288125640430896;1.4386757136859165;2019-04-22;11.594764957264957;13.0;11.594764957264957;2019-04-22;13.0;2019-04-22;20.905882352941177;2019-04-15;20.571428571428573;2019-04-15;19.183333333333334;2019-04-08;21.714285714285715;2019-04-08;22.632738095238096;2019-04-01;21.428571428571427;2019-04-01;24.886723602484473;2019-03-25;25.714285714285715;2019-03-25
2019-04-29;2019;18;Agricultural;60103;3.9931451009101044;0.3327620917425087;2019-04-29;11.873214285714285;13.428571428571429;11.873214285714285;2019-04-29;13.428571428571429;2019-04-29;10.67797619047619;2019-04-22;16.142857142857142;2019-04-22;17.830357142857142;2019-04-15;28.428571428571427;2019-04-15;17.54702380952381;2019-04-08;19.571428571428573;2019-04-08;24.27688923395445;2019-04-01;28.333333333333332;2019-04-01
2019-04-29;2019;18;Industrial;340591;3.611369648640158;1.1157076963278536;2019-04-29;15.194823232323232;11.714285714285714;15.194823232323232;2019-04-29;11.714285714285714;2019-04-29;11.594764957264957;2019-04-22;13.0;2019-04-22;20.905882352941177;2019-04-15;20.571428571428573;2019-04-15;19.183333333333334;2019-04-08;21.714285714285715;2019-04-08;22.632738095238096;2019-04-01;21.428571428571427;2019-04-01
2019-05-06;2019;19;Agricultural;60103;3.3276209174250866;2.3293346421975607;2019-05-06;11.998809523809523;12.714285714285714;11.998809523809523;2019-05-06;12.714285714285714;2019-05-06;11.873214285714285;2019-04-29;13.428571428571429;2019-04-29;10.67797619047619;2019-04-22;16.142857142857142;2019-04-22;17.830357142857142;2019-04-15;28.428571428571427;2019-04-15;17.54702380952381;2019-04-08;19.571428571428573;2019-04-08
2019-05-06;2019;19;Industrial;340591;3.582008919789425;1.2037898828800526;2019-05-06;16.31359126984127;15.571428571428571;16.31359126984127;2019-05-06;15.571428571428571;2019-05-06;15.194823232323232;2019-04-29;11.714285714285714;2019-04-29;11.594764957264957;2019-04-22;13.0;2019-04-22;20.905882352941177;2019-04-15;20.571428571428573;2019-04-15;19.183333333333334;2019-04-08;21.714285714285715;2019-04-08
2019-05-13;2019;20;Agricultural;60103;2.828477779811324;2.3293346421975607;2019-05-13;12.898809523809522;14.571428571428571;12.898809523809522;2019-05-13;14.571428571428571;2019-05-13;11.998809523809523;2019-05-06;12.714285714285714;2019-05-06;11.873214285714285;2019-04-29;13.428571428571429;2019-04-29;10.67797619047619;2019-04-22;16.142857142857142;2019-04-22;17.830357142857142;2019-04-15;28.428571428571427;2019-04-15
2019-05-13;2019;20;Industrial;340591;3.7288125640430896;1.7910044598947126;2019-05-13;20.626419082125604;15.0;20.626419082125604;2019-05-13;15.0;2019-05-13;16.31359126984127;2019-05-06;15.571428571428571;2019-05-06;15.194823232323232;2019-04-29;11.714285714285714;2019-04-29;11.594764957264957;2019-04-22;13.0;2019-04-22;20.905882352941177;2019-04-15;20.571428571428573;2019-04-15
2019-05-20;2019;21;Agricultural;60103;4.159526146781358;1.4974294128412893;2019-05-20;11.523809523809524;14.714285714285714;11.523809523809524;2019-05-20;14.714285714285714;2019-05-20;12.898809523809522;2019-05-13;14.571428571428571;2019-05-13;11.998809523809523;2019-05-06;12.714285714285714;2019-05-06;11.873214285714285;2019-04-29;13.428571428571429;2019-04-29;10.67797619047619;2019-04-22;16.142857142857142;2019-04-22
2019-05-20;2019;21;Industrial;340591;3.523287462087959;2.1139724772527755;2019-05-20;18.149404761904762;16.25;18.149404761904762;2019-05-20;16.25;2019-05-20;20.626419082125604;2019-05-13;15.0;2019-05-13;16.31359126984127;2019-05-06;15.571428571428571;2019-05-06;15.194823232323232;2019-04-29;11.714285714285714;2019-04-29;11.594764957264957;2019-04-22;13.0;2019-04-22
2019-05-27;2019;22;Agricultural;60103;3.161239871553833;0.6655241834850174;2019-05-27;12.373863636363637;14.714285714285714;12.373863636363637;2019-05-27;14.714285714285714;2019-05-27;11.523809523809524;2019-05-20;14.714285714285714;2019-05-20;12.898809523809522;2019-05-13;14.571428571428571;2019-05-13;11.998809523809523;2019-05-06;12.714285714285714;2019-05-06;11.873214285714285;2019-04-29;13.428571428571429;2019-04-29
2019-05-27;2019;22;Industrial;340591;2.8479906985211003;1.5854793579395814;2019-05-27;17.870833333333334;14.666666666666666;17.870833333333334;2019-05-27;14.666666666666666;2019-05-27;18.149404761904762;2019-05-20;16.25;2019-05-20;20.626419082125604;2019-05-13;15.0;2019-05-13;16.31359126984127;2019-05-06;15.571428571428571;2019-05-06;15.194823232323232;2019-04-29;11.714285714285714;2019-04-29
2019-06-03;2019;23;Agricultural;60103;3.9931451009101044;1.9965725504550522;2019-06-03;17.682291666666668;20.142857142857142;17.682291666666668;2019-06-03;20.142857142857142;2019-06-03;12.373863636363637;2019-05-27;14.714285714285714;2019-05-27;11.523809523809524;2019-05-20;14.714285714285714;2019-05-20;12.898809523809522;2019-05-13;14.571428571428571;2019-05-13;11.998809523809523;2019-05-06;12.714285714285714;2019-05-06
2019-06-03;2019;23;Industrial;340591;3.523287462087959;1.4386757136859165;2019-06-03;18.549444444444443;23.714285714285715;18.549444444444443;2019-06-03;23.714285714285715;2019-06-03;17.870833333333334;2019-05-27;14.666666666666666;2019-05-27;18.149404761904762;2019-05-20;16.25;2019-05-20;20.626419082125604;2019-05-13;15.0;2019-05-13;16.31359126984127;2019-05-06;15.571428571428571;2019-05-06
2019-06-10;2019;24;Agricultural;60103;3.6603830091675955;1.4974294128412893;2019-06-10;17.757142857142856;12.285714285714286;17.757142857142856;2019-06-10;12.285714285714286;2019-06-10;17.682291666666668;2019-06-03;20.142857142857142;2019-06-03;12.373863636363637;2019-05-27;14.714285714285714;2019-05-27;11.523809523809524;2019-05-20;14.714285714285714;2019-05-20;12.898809523809522;2019-05-13;14.571428571428571;2019-05-13
2019-06-10;2019;24;Industrial;340591;3.8462554794460218;1.3212327982829846;2019-06-10;11.62378364389234;20.142857142857142;11.62378364389234;2019-06-10;20.142857142857142;2019-06-10;18.549444444444443;2019-06-03;23.714285714285715;2019-06-03;17.870833333333334;2019-05-27;14.666666666666666;2019-05-27;18.149404761904762;2019-05-20;16.25;2019-05-20;20.626419082125604;2019-05-13;15.0;2019-05-13
2019-06-17;2019;25;Agricultural;60103;4.325907192652613;1.9965725504550522;2019-06-17;22.46904761904762;12.857142857142858;22.46904761904762;2019-06-17;12.857142857142858;2019-06-17;17.757142857142856;2019-06-10;12.285714285714286;2019-06-10;17.682291666666668;2019-06-03;20.142857142857142;2019-06-03;12.373863636363637;2019-05-27;14.714285714285714;2019-05-27;11.523809523809524;2019-05-20;14.714285714285714;2019-05-20
2019-06-17;2019;25;Industrial;340591;3.464566004386493;1.5854793579395814;2019-06-17;11.974780701754385;16.571428571428573;11.974780701754385;2019-06-17;16.571428571428573;2019-06-17;11.62378364389234;2019-06-10;20.142857142857142;2019-06-10;18.549444444444443;2019-06-03;23.714285714285715;2019-06-03;17.870833333333334;2019-05-27;14.666666666666666;2019-05-27;18.149404761904762;2019-05-20;16.25;2019-05-20
2019-06-24;2019;26;Agricultural;60103;2.6620967339400696;1.8301915045837978;2019-06-24;25.292365424430642;20.5;25.292365424430642;2019-06-24;20.5;2019-06-24;22.46904761904762;2019-06-17;12.857142857142858;2019-06-17;17.757142857142856;2019-06-10;12.285714285714286;2019-06-10;17.682291666666668;2019-06-03;20.142857142857142;2019-06-03;12.373863636363637;2019-05-27;14.714285714285714;2019-05-27
2019-06-24;2019;26;Industrial;340591;4.02241985255042;1.9084473752976443;2019-06-24;12.560919913419912;16.0;12.560919913419912;2019-06-24;16.0;2019-06-24;11.974780701754385;2019-06-17;16.571428571428573;2019-06-17;11.62378364389234;2019-06-10;20.142857142857142;2019-06-10;18.549444444444443;2019-06-03;23.714285714285715;2019-06-03;17.870833333333334;2019-05-27;14.666666666666666;2019-05-27
2019-07-01;2019;27;Agricultural;60103;3.82676405503885;0.9982862752275261;2019-07-01;19.613095238095237;15.428571428571429;19.613095238095237;2019-07-01;15.428571428571429;2019-07-01;25.292365424430642;2019-06-24;20.5;2019-06-24;22.46904761904762;2019-06-17;12.857142857142858;2019-06-17;17.757142857142856;2019-06-10;12.285714285714286;2019-06-10;17.682291666666668;2019-06-03;20.142857142857142;2019-06-03
2019-07-01;2019;27;Industrial;340591;4.1398627679533515;1.4973971713873826;2019-07-01;18.704285714285714;20.571428571428573;18.704285714285714;2019-07-01;20.571428571428573;2019-07-01;12.560919913419912;2019-06-24;16.0;2019-06-24;11.974780701754385;2019-06-17;16.571428571428573;2019-06-17;11.62378364389234;2019-06-10;20.142857142857142;2019-06-10;18.549444444444443;2019-06-03;23.714285714285715;2019-06-03
2019-07-08;2019;28;Agricultural;60103;2.9948588256825786;1.3310483669700348;2019-07-08;13.714880952380952;10.428571428571429;13.714880952380952;2019-07-08;10.428571428571429;2019-07-08;19.613095238095237;2019-07-01;15.428571428571429;2019-07-01;25.292365424430642;2019-06-24;20.5;2019-06-24;22.46904761904762;2019-06-17;12.857142857142858;2019-06-17;17.757142857142856;2019-06-10;12.285714285714286;2019-06-10
2019-07-08;2019;28;Industrial;340591;3.523287462087959;1.3799542559844504;2019-07-08;16.017857142857142;11.857142857142858;16.017857142857142;2019-07-08;11.857142857142858;2019-07-08;18.704285714285714;2019-07-01;20.571428571428573;2019-07-01;12.560919913419912;2019-06-24;16.0;2019-06-24;11.974780701754385;2019-06-17;16.571428571428573;2019-06-17;11.62378364389234;2019-06-10;20.142857142857142;2019-06-10
2019-07-15;2019;29;Agricultural;60103;3.161239871553833;1.4974294128412893;2019-07-15;18.75595238095238;18.285714285714285;18.75595238095238;2019-07-15;18.285714285714285;2019-07-15;13.714880952380952;2019-07-08;10.428571428571429;2019-07-08;19.613095238095237;2019-07-01;15.428571428571429;2019-07-01;25.292365424430642;2019-06-24;20.5;2019-06-24;22.46904761904762;2019-06-17;12.857142857142858;2019-06-17
2019-07-15;2019;29;Industrial;340591;3.464566004386493;1.6442008156410475;2019-07-15;23.122023809523807;13.571428571428571;23.122023809523807;2019-07-15;13.571428571428571;2019-07-15;16.017857142857142;2019-07-08;11.857142857142858;2019-07-08;18.704285714285714;2019-07-01;20.571428571428573;2019-07-01;12.560919913419912;2019-06-24;16.0;2019-06-24;11.974780701754385;2019-06-17;16.571428571428573;2019-06-17
2019-07-22;2019;30;Agricultural;60103;3.161239871553833;0.9982862752275261;2019-07-22;15.552329192546583;20.857142857142858;15.552329192546583;2019-07-22;20.857142857142858;2019-07-22;18.75595238095238;2019-07-15;18.285714285714285;2019-07-15;13.714880952380952;2019-07-08;10.428571428571429;2019-07-08;19.613095238095237;2019-07-01;15.428571428571429;2019-07-01;25.292365424430642;2019-06-24;20.5;2019-06-24
2019-07-22;2019;30;Industrial;340591;3.14159798702843;2.2020546638049745;2019-07-22;21.610822510822512;27.428571428571427;21.610822510822512;2019-07-22;27.428571428571427;2019-07-22;23.122023809523807;2019-07-15;13.571428571428571;2019-07-15;16.017857142857142;2019-07-08;11.857142857142858;2019-07-08;18.704285714285714;2019-07-01;20.571428571428573;2019-07-01;12.560919913419912;2019-06-24;16.0;2019-06-24
2019-07-29;2019;31;Agricultural;60103;2.3293346421975607;0.9982862752275261;2019-07-29;15.487603519668736;15.0;15.487603519668736;2019-07-29;15.0;2019-07-29;15.552329192546583;2019-07-22;20.857142857142858;2019-07-22;18.75595238095238;2019-07-15;18.285714285714285;2019-07-15;13.714880952380952;2019-07-08;10.428571428571429;2019-07-08;19.613095238095237;2019-07-01;15.428571428571429;2019-07-01
2019-07-29;2019;31;Industrial;340591;3.317762360132828;1.6442008156410475;2019-07-29;24.34404761904762;12.142857142857142;24.34404761904762;2019-07-29;12.142857142857142;2019-07-29;21.610822510822512;2019-07-22;27.428571428571427;2019-07-22;23.122023809523807;2019-07-15;13.571428571428571;2019-07-15;16.017857142857142;2019-07-08;11.857142857142858;2019-07-08;18.704285714285714;2019-07-01;20.571428571428573;2019-07-01
2019-08-05;2019;32;Agricultural;60103;2.9948588256825786;0.9982862752275261;2019-08-05;11.198809523809524;24.5;11.198809523809524;2019-08-05;24.5;2019-08-05;15.487603519668736;2019-07-29;15.0;2019-07-29;15.552329192546583;2019-07-22;20.857142857142858;2019-07-22;18.75595238095238;2019-07-15;18.285714285714285;2019-07-15;13.714880952380952;2019-07-08;10.428571428571429;2019-07-08
2019-08-05;2019;32;Industrial;340591;3.640730377490891;1.4973971713873826;2019-08-05;19.42797619047619;15.285714285714286;19.42797619047619;2019-08-05;15.285714285714286;2019-08-05;24.34404761904762;2019-07-29;12.142857142857142;2019-07-29;21.610822510822512;2019-07-22;27.428571428571427;2019-07-22;23.122023809523807;2019-07-15;13.571428571428571;2019-07-15;16.017857142857142;2019-07-08;11.857142857142858;2019-07-08
2019-08-12;2019;33;Agricultural;60103;3.4940019632963413;1.4974294128412893;2019-08-12;12.314880952380951;13.0;12.314880952380951;2019-08-12;13.0;2019-08-12;11.198809523809524;2019-08-05;24.5;2019-08-05;15.487603519668736;2019-07-29;15.0;2019-07-29;15.552329192546583;2019-07-22;20.857142857142858;2019-07-22;18.75595238095238;2019-07-15;18.285714285714285;2019-07-15
2019-08-12;2019;33;Industrial;340591;2.9067121562225657;1.1744291540293197;2019-08-12;18.418219461697724;10.428571428571429;18.418219461697724;2019-08-12;10.428571428571429;2019-08-12;19.42797619047619;2019-08-05;15.285714285714286;2019-08-05;24.34404761904762;2019-07-29;12.142857142857142;2019-07-29;21.610822510822512;2019-07-22;27.428571428571427;2019-07-22;23.122023809523807;2019-07-15;13.571428571428571;2019-07-15
2019-08-19;2019;34;Agricultural;60103;2.9948588256825786;1.3310483669700348;2019-08-19;14.684523809523808;19.857142857142858;14.684523809523808;2019-08-19;19.857142857142858;2019-08-19;12.314880952380951;2019-08-12;13.0;2019-08-12;11.198809523809524;2019-08-05;24.5;2019-08-05;15.487603519668736;2019-07-29;15.0;2019-07-29;15.552329192546583;2019-07-22;20.857142857142858;2019-07-22
2019-08-19;2019;34;Industrial;340591;3.14159798702843;1.4386757136859165;2019-08-19;20.46607142857143;13.142857142857142;20.46607142857143;2019-08-19;13.142857142857142;2019-08-19;18.418219461697724;2019-08-12;10.428571428571429;2019-08-12;19.42797619047619;2019-08-05;15.285714285714286;2019-08-05;24.34404761904762;2019-07-29;12.142857142857142;2019-07-29;21.610822510822512;2019-07-22;27.428571428571427;2019-07-22
2019-08-26;2019;35;Agricultural;60103;3.6603830091675955;1.3310483669700348;2019-08-26;16.978571428571428;21.285714285714285;16.978571428571428;2019-08-26;21.285714285714285;2019-08-26;14.684523809523808;2019-08-19;19.857142857142858;2019-08-19;12.314880952380951;2019-08-12;13.0;2019-08-12;11.198809523809524;2019-08-05;24.5;2019-08-05;15.487603519668736;2019-07-29;15.0;2019-07-29
2019-08-26;2019;35;Industrial;340591;3.1122372581776974;1.1450684251785868;2019-08-26;24.385119047619046;15.857142857142858;24.385119047619046;2019-08-26;15.857142857142858;2019-08-26;20.46607142857143;2019-08-19;13.142857142857142;2019-08-19;18.418219461697724;2019-08-12;10.428571428571429;2019-08-12;19.42797619047619;2019-08-05;15.285714285714286;2019-08-05;24.34404761904762;2019-07-29;12.142857142857142;2019-07-29
2019-09-02;2019;36;Agricultural;60103;4.159526146781358;1.6638104587125433;2019-09-02;16.715476190476192;15.8;16.715476190476192;2019-09-02;15.8;2019-09-02;16.978571428571428;2019-08-26;21.285714285714285;2019-08-26;14.684523809523808;2019-08-19;19.857142857142858;2019-08-19;12.314880952380951;2019-08-12;13.0;2019-08-12;11.198809523809524;2019-08-05;24.5;2019-08-05
2019-09-02;2019;36;Industrial;340591;3.347123088983561;1.3799542559844504;2019-09-02;21.711749482401654;15.142857142857142;21.711749482401654;2019-09-02;15.142857142857142;2019-09-02;24.385119047619046;2019-08-26;15.857142857142858;2019-08-26;20.46607142857143;2019-08-19;13.142857142857142;2019-08-19;18.418219461697724;2019-08-12;10.428571428571429;2019-08-12;19.42797619047619;2019-08-05;15.285714285714286;2019-08-05
2019-09-09;2019;37;Agricultural;60103;4.658669284395121;0.8319052293562716;2019-09-09;22.69702380952381;26.6;22.69702380952381;2019-09-09;26.6;2019-09-09;16.715476190476192;2019-09-02;15.8;2019-09-02;16.978571428571428;2019-08-26;21.285714285714285;2019-08-26;14.684523809523808;2019-08-19;19.857142857142858;2019-08-19;12.314880952380951;2019-08-12;13.0;2019-08-12
2019-09-09;2019;37;Industrial;340591;2.965433613924032;1.1450684251785868;2019-09-09;26.538095238095234;14.571428571428571;26.538095238095234;2019-09-09;14.571428571428571;2019-09-09;21.711749482401654;2019-09-02;15.142857142857142;2019-09-02;24.385119047619046;2019-08-26;15.857142857142858;2019-08-26;20.46607142857143;2019-08-19;13.142857142857142;2019-08-19;18.418219461697724;2019-08-12;10.428571428571429;2019-08-12
2019-09-16;2019;38;Agricultural;60103;2.9948588256825786;0.8319052293562716;2019-09-16;19.986309523809524;27.857142857142858;19.986309523809524;2019-09-16;27.857142857142858;2019-09-16;22.69702380952381;2019-09-09;26.6;2019-09-09;16.715476190476192;2019-09-02;15.8;2019-09-02;16.978571428571428;2019-08-26;21.285714285714285;2019-08-26;14.684523809523808;2019-08-19;19.857142857142858;2019-08-19
2019-09-16;2019;38;Industrial;340591;3.4058445466850267;1.4680364425366494;2019-09-16;25.030357142857145;23.285714285714285;25.030357142857145;2019-09-16;23.285714285714285;2019-09-16;26.538095238095234;2019-09-09;14.571428571428571;2019-09-09;21.711749482401654;2019-09-02;15.142857142857142;2019-09-02;24.385119047619046;2019-08-26;15.857142857142858;2019-08-26;20.46607142857143;2019-08-19;13.142857142857142;2019-08-19
2019-09-23;2019;39;Agricultural;60103;2.9948588256825786;1.3310483669700348;2019-09-23;22.339285714285715;29.6;22.339285714285715;2019-09-23;29.6;2019-09-23;19.986309523809524;2019-09-16;27.857142857142858;2019-09-16;22.69702380952381;2019-09-09;26.6;2019-09-09;16.715476190476192;2019-09-02;15.8;2019-09-02;16.978571428571428;2019-08-26;21.285714285714285;2019-08-26
2019-09-23;2019;39;Industrial;340591;3.758173292893823;1.4386757136859165;2019-09-23;24.370833333333334;25.428571428571427;24.370833333333334;2019-09-23;25.428571428571427;2019-09-23;25.030357142857145;2019-09-16;23.285714285714285;2019-09-16;26.538095238095234;2019-09-09;14.571428571428571;2019-09-09;21.711749482401654;2019-09-02;15.142857142857142;2019-09-02;24.385119047619046;2019-08-26;15.857142857142858;2019-08-26
2019-09-30;2019;40;Agricultural;60103;2.6620967339400696;0.8319052293562716;2019-09-30;23.392857142857142;25.857142857142858;23.392857142857142;2019-09-30;25.857142857142858;2019-09-30;22.339285714285715;2019-09-23;29.6;2019-09-23;19.986309523809524;2019-09-16;27.857142857142858;2019-09-16;22.69702380952381;2019-09-09;26.6;2019-09-09;16.715476190476192;2019-09-02;15.8;2019-09-02
2019-09-30;2019;40;Industrial;340591;3.8756162082967545;1.3505935271337175;2019-09-30;23.207142857142856;20.285714285714285;23.207142857142856;2019-09-30;20.285714285714285;2019-09-30;24.370833333333334;2019-09-23;25.428571428571427;2019-09-23;25.030357142857145;2019-09-16;23.285714285714285;2019-09-16;26.538095238095234;2019-09-09;14.571428571428571;2019-09-09;21.711749482401654;2019-09-02;15.142857142857142;2019-09-02
2019-10-07;2019;41;Agricultural;60103;4.159526146781358;2.1629535963263065;2019-10-07;22.788690476190474;35.857142857142854;22.788690476190474;2019-10-07;35.857142857142854;2019-10-07;23.392857142857142;2019-09-30;25.857142857142858;2019-09-30;22.339285714285715;2019-09-23;29.6;2019-09-23;19.986309523809524;2019-09-16;27.857142857142858;2019-09-16;22.69702380952381;2019-09-09;26.6;2019-09-09
2019-10-07;2019;41;Industrial;340591;3.4058445466850267;1.4680364425366494;2019-10-07;28.27857142857143;31.8;28.27857142857143;2019-10-07;31.8;2019-10-07;23.207142857142856;2019-09-30;20.285714285714285;2019-09-30;24.370833333333334;2019-09-23;25.428571428571427;2019-09-23;25.030357142857145;2019-09-16;23.285714285714285;2019-09-16;26.538095238095234;2019-09-09;14.571428571428571;2019-09-09
2019-10-14;2019;42;Agricultural;60103;2.6620967339400696;1.3310483669700348;2019-10-14;20.271428571428572;29.142857142857142;20.271428571428572;2019-10-14;29.142857142857142;2019-10-14;22.788690476190474;2019-10-07;35.857142857142854;2019-10-07;23.392857142857142;2019-09-30;25.857142857142858;2019-09-30;22.339285714285715;2019-09-23;29.6;2019-09-23;19.986309523809524;2019-09-16;27.857142857142858;2019-09-16
2019-10-14;2019;42;Industrial;340591;3.7288125640430896;2.143333206103508;2019-10-14;24.874404761904763;26.0;24.874404761904763;2019-10-14;26.0;2019-10-14;28.27857142857143;2019-10-07;31.8;2019-10-07;23.207142857142856;2019-09-30;20.285714285714285;2019-09-30;24.370833333333334;2019-09-23;25.428571428571427;2019-09-23;25.030357142857145;2019-09-16;23.285714285714285;2019-09-16
2019-10-21;2019;43;Agricultural;60103;5.490574513751393;0.8319052293562716;2019-10-21;20.33809523809524;22.2;20.33809523809524;2019-10-21;22.2;2019-10-21;20.271428571428572;2019-10-14;29.142857142857142;2019-10-14;22.788690476190474;2019-10-07;35.857142857142854;2019-10-07;23.392857142857142;2019-09-30;25.857142857142858;2019-09-30;22.339285714285715;2019-09-23;29.6;2019-09-23
2019-10-21;2019;43;Industrial;340591;3.611369648640158;1.7616437310439794;2019-10-21;30.260119047619046;22.0;30.260119047619046;2019-10-21;22.0;2019-10-21;24.874404761904763;2019-10-14;26.0;2019-10-14;28.27857142857143;2019-10-07;31.8;2019-10-07;23.207142857142856;2019-09-30;20.285714285714285;2019-09-30;24.370833333333334;2019-09-23;25.428571428571427;2019-09-23
2019-10-28;2019;44;Agricultural;60103;4.825050330266376;1.6638104587125433;2019-10-28;18.46547619047619;28.0;18.46547619047619;2019-10-28;28.0;2019-10-28;20.33809523809524;2019-10-21;22.2;2019-10-21;20.271428571428572;2019-10-14;29.142857142857142;2019-10-14;22.788690476190474;2019-10-07;35.857142857142854;2019-10-07;23.392857142857142;2019-09-30;25.857142857142858;2019-09-30
2019-10-28;2019;44;Industrial;340591;2.7892692408196345;1.5561186290888487;2019-10-28;31.663690476190478;18.0;31.663690476190478;2019-10-28;18.0;2019-10-28;30.260119047619046;2019-10-21;22.0;2019-10-21;24.874404761904763;2019-10-14;26.0;2019-10-14;28.27857142857143;2019-10-07;31.8;2019-10-07;23.207142857142856;2019-09-30;20.285714285714285;2019-09-30
2019-11-04;2019;45;Agricultural;60103;4.159526146781358;1.6638104587125433;2019-11-04;26.092857142857145;20.142857142857142;26.092857142857145;2019-11-04;20.142857142857142;2019-11-04;18.46547619047619;2019-10-28;28.0;2019-10-28;20.33809523809524;2019-10-21;22.2;2019-10-21;20.271428571428572;2019-10-14;29.142857142857142;2019-10-14;22.788690476190474;2019-10-07;35.857142857142854;2019-10-07
2019-11-04;2019;45;Industrial;340591;3.376483817834294;1.5854793579395814;2019-11-04;26.491356107660458;14.5;26.491356107660458;2019-11-04;14.5;2019-11-04;31.663690476190478;2019-10-28;18.0;2019-10-28;30.260119047619046;2019-10-21;22.0;2019-10-21;24.874404761904763;2019-10-14;26.0;2019-10-14;28.27857142857143;2019-10-07;31.8;2019-10-07
2019-11-11;2019;46;Agricultural;60103;3.3276209174250866;1.6638104587125433;2019-11-11;29.975238095238094;17.666666666666668;29.975238095238094;2019-11-11;17.666666666666668;2019-11-11;26.092857142857145;2019-11-04;20.142857142857142;2019-11-04;18.46547619047619;2019-10-28;28.0;2019-10-28;20.33809523809524;2019-10-21;22.2;2019-10-21;20.271428571428572;2019-10-14;29.142857142857142;2019-10-14
2019-11-11;2019;46;Industrial;340591;3.758173292893823;1.6442008156410475;2019-11-11;28.83095238095238;15.571428571428571;28.83095238095238;2019-11-11;15.571428571428571;2019-11-11;26.491356107660458;2019-11-04;14.5;2019-11-04;31.663690476190478;2019-10-28;18.0;2019-10-28;30.260119047619046;2019-10-21;22.0;2019-10-21;24.874404761904763;2019-10-14;26.0;2019-10-14
2019-11-18;2019;47;Agricultural;60103;2.828477779811324;2.1629535963263065;2019-11-18;27.648214285714285;15.5;27.648214285714285;2019-11-18;15.5;2019-11-18;29.975238095238094;2019-11-11;17.666666666666668;2019-11-11;26.092857142857145;2019-11-04;20.142857142857142;2019-11-04;18.46547619047619;2019-10-28;28.0;2019-10-28;20.33809523809524;2019-10-21;22.2;2019-10-21
2019-11-18;2019;47;Industrial;340591;3.4058445466850267;1.6735615444917804;2019-11-18;19.511309523809523;12.714285714285714;19.511309523809523;2019-11-18;12.714285714285714;2019-11-18;28.83095238095238;2019-11-11;15.571428571428571;2019-11-11;26.491356107660458;2019-11-04;14.5;2019-11-04;31.663690476190478;2019-10-28;18.0;2019-10-28;30.260119047619046;2019-10-21;22.0;2019-10-21
2019-11-25;2019;48;Agricultural;60103;3.161239871553833;1.3310483669700348;2019-11-25;32.44166666666667;22.714285714285715;32.44166666666667;2019-11-25;22.714285714285715;2019-11-25;27.648214285714285;2019-11-18;15.5;2019-11-18;29.975238095238094;2019-11-11;17.666666666666668;2019-11-11;26.092857142857145;2019-11-04;20.142857142857142;2019-11-04;18.46547619047619;2019-10-28;28.0;2019-10-28
2019-11-25;2019;48;Industrial;340591;3.4352052755357603;1.5267579002381155;2019-11-25;30.32093685300207;26.142857142857142;30.32093685300207;2019-11-25;26.142857142857142;2019-11-25;19.511309523809523;2019-11-18;12.714285714285714;2019-11-18;28.83095238095238;2019-11-11;15.571428571428571;2019-11-11;26.491356107660458;2019-11-04;14.5;2019-11-04;31.663690476190478;2019-10-28;18.0;2019-10-28
2019-12-02;2019;49;Agricultural;60103;1.8301915045837978;1.6638104587125433;2019-12-02;39.53154761904762;41.42857142857143;39.53154761904762;2019-12-02;41.42857142857143;2019-12-02;32.44166666666667;2019-11-25;22.714285714285715;2019-11-25;27.648214285714285;2019-11-18;15.5;2019-11-18;29.975238095238094;2019-11-11;17.666666666666668;2019-11-11;26.092857142857145;2019-11-04;20.142857142857142;2019-11-04
2019-12-02;2019;49;Industrial;340591;3.904976937147488;1.2918720694322514;2019-12-02;43.36071428571428;34.42857142857143;43.36071428571428;2019-12-02;34.42857142857143;2019-12-02;30.32093685300207;2019-11-25;26.142857142857142;2019-11-25;19.511309523809523;2019-11-18;12.714285714285714;2019-11-18;28.83095238095238;2019-11-11;15.571428571428571;2019-11-11;26.491356107660458;2019-11-04;14.5;2019-11-04
2019-12-09;2019;50;Agricultural;60103;3.4940019632963413;1.3310483669700348;2019-12-09;45.36666666666667;33.42857142857143;45.36666666666667;2019-12-09;33.42857142857143;2019-12-09;39.53154761904762;2019-12-02;41.42857142857143;2019-12-02;32.44166666666667;2019-11-25;22.714285714285715;2019-11-25;27.648214285714285;2019-11-18;15.5;2019-11-18;29.975238095238094;2019-11-11;17.666666666666668;2019-11-11
2019-12-09;2019;50;Industrial;340591;3.523287462087959;1.9965295618498433;2019-12-09;48.985119047619044;32.0;48.985119047619044;2019-12-09;32.0;2019-12-09;43.36071428571428;2019-12-02;34.42857142857143;2019-12-02;30.32093685300207;2019-11-25;26.142857142857142;2019-11-25;19.511309523809523;2019-11-18;12.714285714285714;2019-11-18;28.83095238095238;2019-11-11;15.571428571428571;2019-11-11
2019-12-16;2019;51;Agricultural;60103;4.658669284395121;1.6638104587125433;2019-12-16;35.4;26.285714285714285;35.4;2019-12-16;26.285714285714285;2019-12-16;45.36666666666667;2019-12-09;33.42857142857143;2019-12-09;39.53154761904762;2019-12-02;41.42857142857143;2019-12-02;32.44166666666667;2019-11-25;22.714285714285715;2019-11-25;27.648214285714285;2019-11-18;15.5;2019-11-18
2019-12-16;2019;51;Industrial;340591;3.787534021744556;1.7616437310439794;2019-12-16;35.15833333333334;37.0;35.15833333333334;2019-12-16;37.0;2019-12-16;48.985119047619044;2019-12-09;32.0;2019-12-09;43.36071428571428;2019-12-02;34.42857142857143;2019-12-02;30.32093685300207;2019-11-25;26.142857142857142;2019-11-25;19.511309523809523;2019-11-18;12.714285714285714;2019-11-18
2019-12-23;2019;52;Agricultural;60103;4.99143137613763;1.4974294128412893;2019-12-23;46.39523809523809;34.42857142857143;46.39523809523809;2019-12-23;34.42857142857143;2019-12-23;35.4;2019-12-16;26.285714285714285;2019-12-16;45.36666666666667;2019-12-09;33.42857142857143;2019-12-09;39.53154761904762;2019-12-02;41.42857142857143;2019-12-02;32.44166666666667;2019-11-25;22.714285714285715;2019-11-25
2019-12-23;2019;52;Industrial;340591;3.170958715879163;2.0846117484020423;2019-12-23;38.57559523809524;28.857142857142858;38.57559523809524;2019-12-23;28.857142857142858;2019-12-23;35.15833333333334;2019-12-16;37.0;2019-12-16;48.985119047619044;2019-12-09;32.0;2019-12-09;43.36071428571428;2019-12-02;34.42857142857143;2019-12-02;30.32093685300207;2019-11-25;26.142857142857142;2019-11-25
2019-12-30;2019;1;Agricultural;60103;0.8319052293562716;0.16638104587125435;2019-12-30;45.49791666666667;52.0;45.49791666666667;2019-12-30;52.0;2019-12-30;46.39523809523809;2019-12-23;34.42857142857143;2019-12-23;35.4;2019-12-16;26.285714285714285;2019-12-16;45.36666666666667;2019-12-09;33.42857142857143;2019-12-09;39.53154761904762;2019-12-02;41.42857142857143;2019-12-02
2019-12-30;2019;1;Industrial;340591;1.0863469674771207;0.6752967635668587;2019-12-30;38.96666666666667;56.0;38.96666666666667;2019-12-30;56.0;2019-12-30;38.57559523809524;2019-12-23;28.857142857142858;2019-12-23;35.15833333333334;2019-12-16;37.0;2019-12-16;48.985119047619044;2019-12-09;32.0;2019-12-09;43.36071428571428;2019-12-02;34.42857142857143;2019-12-02
2023-01-02;2023;1;Agricultural;59596;5.70508087791127;2.5169474461373245;2023-01-02;24.6547619047619;26.142857142857142;24.6547619047619;2023-01-02;26.142857142857142;2023-01-02;;;;;;;;;;;;;;;;
2023-01-02;2023;1;Industrial;341484;3.5726417635965375;2.5769875016106174;2023-01-02;27.226785714285715;33.857142857142854;27.226785714285715;2023-01-02;33.857142857142854;2023-01-02;;;;;;;;;;;;;;;;
2023-01-09;2023;2;Agricultural;59596;3.5237264245922546;2.01355795690986;2023-01-09;41.392650103519664;41.42857142857143;41.392650103519664;2023-01-09;41.42857142857143;2023-01-09;24.6547619047619;2023-01-02;26.142857142857142;2023-01-02;;;;;;;;;;;;
2023-01-09;2023;2;Industrial;341484;4.216888638999192;2.049876421735718;2023-01-09;37.45685817805383;33.0;37.45685817805383;2023-01-09;33.0;2023-01-09;27.226785714285715;2023-01-02;33.857142857142854;2023-01-02;;;;;;;;;;;;
2023-01-16;2023;3;Agricultural;59596;3.1881334317739447;2.3491509497281697;2023-01-16;33.84464285714286;28.571428571428573;33.84464285714286;2023-01-16;28.571428571428573;2023-01-16;41.392650103519664;2023-01-09;41.42857142857143;2023-01-09;24.6547619047619;2023-01-02;26.142857142857142;2023-01-02;;;;;;;;
2023-01-16;2023;3;Industrial;341484;3.7483454568881704;1.8741727284440852;2023-01-16;32.78387445887446;26.857142857142858;32.78387445887446;2023-01-16;26.857142857142858;2023-01-16;37.45685817805383;2023-01-09;33.0;2023-01-09;27.226785714285715;2023-01-02;33.857142857142854;2023-01-02;;;;;;;;
2023-01-23;2023;4;Agricultural;59596;5.872877374320424;2.01355795690986;2023-01-23;38.37023809523809;32.857142857142854;38.37023809523809;2023-01-23;32.857142857142854;2023-01-23;33.84464285714286;2023-01-16;28.571428571428573;2023-01-16;41.392650103519664;2023-01-09;41.42857142857143;2023-01-09;24.6547619047619;2023-01-02;26.142857142857142;2023-01-02;;;;
2023-01-23;2023;4;Industrial;341484;4.099752843471436;2.079160370617657;2023-01-23;27.301190476190477;27.714285714285715;27.301190476190477;2023-01-23;27.714285714285715;2023-01-23;32.78387445887446;2023-01-16;26.857142857142858;2023-01-16;37.45685817805383;2023-01-09;33.0;2023-01-09;27.226785714285715;2023-01-02;33.857142857142854;2023-01-02;;;;
2023-01-30;2023;5;Agricultural;59596;4.6983018994563395;1.6779649640915497;2023-01-30;33.103467908902694;38.857142857142854;33.103467908902694;2023-01-30;38.857142857142854;2023-01-30;38.37023809523809;2023-01-23;32.857142857142854;2023-01-23;33.84464285714286;2023-01-16;28.571428571428573;2023-01-16;41.392650103519664;2023-01-09;41.42857142857143;2023-01-09;24.6547619047619;2023-01-02;26.142857142857142;2023-01-02
2023-01-30;2023;5;Industrial;341484;3.9826170479436813;2.108444319499596;2023-01-30;41.54642857142857;41.714285714285715;41.54642857142857;2023-01-30;41.714285714285715;2023-01-30;27.301190476190477;2023-01-23;27.714285714285715;2023-01-23;32.78387445887446;2023-01-16;26.857142857142858;2023-01-16;37.45685817805383;2023-01-09;33.0;2023-01-09;27.226785714285715;2023-01-02;33.857142857142854;2023-01-02
2023-02-06;2023;6;Agricultural;59596;4.866098395865494;2.5169474461373245;2023-02-06;32.73690476190476;38.714285714285715;32.73690476190476;2023-02-06;38.714285714285715;2023-02-06;33.103467908902694;2023-01-30;38.857142857142854;2023-01-30;38.37023809523809;2023-01-23;32.857142857142854;2023-01-23;33.84464285714286;2023-01-16;28.571428571428573;2023-01-16;41.392650103519664;2023-01-09;41.42857142857143;2023-01-09
2023-02-06;2023;6;Industrial;341484;3.367654121422966;2.1962961661454123;2023-02-06;39.92619047619048;32.714285714285715;39.92619047619048;2023-02-06;32.714285714285715;2023-02-06;41.54642857142857;2023-01-30;41.714285714285715;2023-01-30;27.301190476190477;2023-01-23;27.714285714285715;2023-01-23;32.78387445887446;2023-01-16;26.857142857142858;2023-01-16;37.45685817805383;2023-01-09;33.0;2023-01-09
2023-02-13;2023;7;Agricultural;59596;4.6983018994563395;3.0203369353647895;2023-02-13;42.26904761904762;57.42857142857143;42.26904761904762;2023-02-13;57.42857142857143;2023-02-13;32.73690476190476;2023-02-06;38.714285714285715;2023-02-06;33.103467908902694;2023-01-30;38.857142857142854;2023-01-30;38.37023809523809;2023-01-23;32.857142857142854;2023-01-23;33.84464285714286;2023-01-16;28.571428571428573;2023-01-16
2023-02-13;2023;7;Industrial;341484;3.7190615080062317;2.108444319499596;2023-02-13;52.115476190476194;56.857142857142854;52.115476190476194;2023-02-13;56.857142857142854;2023-02-13;39.92619047619048;2023-02-06;32.714285714285715;2023-02-06;41.54642857142857;2023-01-30;41.714285714285715;2023-01-30;27.301190476190477;2023-01-23;27.714285714285715;2023-01-23;32.78387445887446;2023-01-16;26.857142857142858;2023-01-16
2023-02-20;2023;8;Agricultural;59596;1.6779649640915497;2.3491509497281697;2023-02-20;30.107738095238094;53.857142857142854;30.107738095238094;2023-02-20;53.857142857142854;2023-02-20;42.26904761904762;2023-02-13;57.42857142857143;2023-02-13;32.73690476190476;2023-02-06;38.714285714285715;2023-02-06;33.103467908902694;2023-01-30;38.857142857142854;2023-01-30;38.37023809523809;2023-01-23;32.857142857142854;2023-01-23
2023-02-20;2023;8;Industrial;341484;3.5433578147145988;1.8448887795621463;2023-02-20;39.32666666666667;55.0;39.32666666666667;2023-02-20;55.0;2023-02-20;52.115476190476194;2023-02-13;56.857142857142854;2023-02-13;39.92619047619048;2023-02-06;32.714285714285715;2023-02-06;41.54642857142857;2023-01-30;41.714285714285715;2023-01-30;27.301190476190477;2023-01-23;27.714285714285715;2023-01-23
2023-02-27;2023;9;Agricultural;59596;3.3559299281830994;1.8457614605007047;2023-02-27;25.826190476190476;34.857142857142854;25.826190476190476;2023-02-27;34.857142857142854;2023-02-27;30.107738095238094;2023-02-20;53.857142857142854;2023-02-20;42.26904761904762;2023-02-13;57.42857142857143;2023-02-13;32.73690476190476;2023-02-06;38.714285714285715;2023-02-06;33.103467908902694;2023-01-30;38.857142857142854;2023-01-30
2023-02-27;2023;9;Industrial;341484;3.6019257124784763;1.9327406262079627;2023-02-27;31.82360248447205;32.42857142857143;31.82360248447205;2023-02-27;32.42857142857143;2023-02-27;39.32666666666667;2023-02-20;55.0;2023-02-20;52.115476190476194;2023-02-13;56.857142857142854;2023-02-13;39.92619047619048;2023-02-06;32.714285714285715;2023-02-06;41.54642857142857;2023-01-30;41.714285714285715;2023-01-30
2023-03-06;2023;10;Agricultural;59596;2.01355795690986;1.3423719712732398;2023-03-06;21.626785714285713;23.0;21.626785714285713;2023-03-06;23.0;2023-03-06;25.826190476190476;2023-02-27;34.857142857142854;2023-02-27;30.107738095238094;2023-02-20;53.857142857142854;2023-02-20;42.26904761904762;2023-02-13;57.42857142857143;2023-02-13;32.73690476190476;2023-02-06;38.714285714285715;2023-02-06
2023-03-06;2023;10;Industrial;341484;3.953333099061742;2.1670122172634736;2023-03-06;31.470238095238095;25.0;31.470238095238095;2023-03-06;25.0;2023-03-06;31.82360248447205;2023-02-27;32.42857142857143;2023-02-27;39.32666666666667;2023-02-20;55.0;2023-02-20;52.115476190476194;2023-02-13;56.857142857142854;2023-02-13;39.92619047619048;2023-02-06;32.714285714285715;2023-02-06
2023-03-13;2023;11;Agricultural;59596;3.3559299281830994;2.3491509497281697;2023-03-13;23.436309523809523;22.142857142857142;23.436309523809523;2023-03-13;22.142857142857142;2023-03-13;21.626785714285713;2023-03-06;23.0;2023-03-06;25.826190476190476;2023-02-27;34.857142857142854;2023-02-27;30.107738095238094;2023-02-20;53.857142857142854;2023-02-20;42.26904761904762;2023-02-13;57.42857142857143;2023-02-13
2023-03-13;2023;11;Industrial;341484;3.7483454568881704;1.3470616485691862;2023-03-13;26.85297619047619;20.285714285714285;26.85297619047619;2023-03-13;20.285714285714285;2023-03-13;31.470238095238095;2023-03-06;25.0;2023-03-06;31.82360248447205;2023-02-27;32.42857142857143;2023-02-27;39.32666666666667;2023-02-20;55.0;2023-02-20;52.115476190476194;2023-02-13;56.857142857142854;2023-02-13
2023-03-20;2023;12;Agricultural;59596;2.5169474461373245;1.8457614605007047;2023-03-20;23.847997835497836;30.0;23.847997835497836;2023-03-20;30.0;2023-03-20;23.436309523809523;2023-03-13;22.142857142857142;2023-03-13;21.626785714285713;2023-03-06;23.0;2023-03-06;25.826190476190476;2023-02-27;34.857142857142854;2023-02-27;30.107738095238094;2023-02-20;53.857142857142854;2023-02-20
2023-03-20;2023;12;Industrial;341484;3.0455306837216383;1.6691850862705133;2023-03-20;26.930952380952384;24.0;26.930952380952384;2023-03-20;24.0;2023-03-20;26.85297619047619;2023-03-13;20.285714285714285;2023-03-13;31.470238095238095;2023-03-06;25.0;2023-03-06;31.82360248447205;2023-02-27;32.42857142857143;2023-02-27;39.32666666666667;2023-02-20;55.0;2023-02-20
2023-03-27;2023;13;Agricultural;59596;4.194912410228874;1.1745754748640849;2023-03-27;22.635119047619046;15.142857142857142;22.635119047619046;2023-03-27;15.142857142857142;2023-03-27;23.847997835497836;2023-03-20;30.0;2023-03-20;23.436309523809523;2023-03-13;22.142857142857142;2023-03-13;21.626785714285713;2023-03-06;23.0;2023-03-06;25.826190476190476;2023-02-27;34.857142857142854;2023-02-27
2023-03-27;2023;13;Industrial;341484;3.6897775591242925;1.7863208817982688;2023-03-27;23.510714285714283;18.857142857142858;23.510714285714283;2023-03-27;18.857142857142858;2023-03-27;26.930952380952384;2023-03-20;24.0;2023-03-20;26.85297619047619;2023-03-13;20.285714285714285;2023-03-13;31.470238095238095;2023-03-06;25.0;2023-03-06;31.82360248447205;2023-02-27;32.42857142857143;2023-02-27
2023-04-03;2023;14;Agricultural;59596;0.8389824820457749;1.3423719712732398;2023-04-03;22.324275362318843;18.857142857142858;22.324275362318843;2023-04-03;18.857142857142858;2023-04-03;22.635119047619046;2023-03-27;15.142857142857142;2023-03-27;23.847997835497836;2023-03-20;30.0;2023-03-20;23.436309523809523;2023-03-13;22.142857142857142;2023-03-13;21.626785714285713;2023-03-06;23.0;2023-03-06
2023-04-03;2023;14;Industrial;341484;3.777629405770109;1.9913085239718407;2023-04-03;19.57704081632653;21.8;19.57704081632653;2023-04-03;21.8;2023-04-03;23.510714285714283;2023-03-27;18.857142857142858;2023-03-27;26.930952380952384;2023-03-20;24.0;2023-03-20;26.85297619047619;2023-03-13;20.285714285714285;2023-03-13;31.470238095238095;2023-03-06;25.0;2023-03-06
2023-04-10;2023;15;Agricultural;59596;3.8593194174105645;3.0203369353647895;2023-04-10;19.96904761904762;12.714285714285714;19.96904761904762;2023-04-10;12.714285714285714;2023-04-10;22.324275362318843;2023-04-03;18.857142857142858;2023-04-03;22.635119047619046;2023-03-27;15.142857142857142;2023-03-27;23.847997835497836;2023-03-20;30.0;2023-03-20;23.436309523809523;2023-03-13;22.142857142857142;2023-03-13
2023-04-10;2023;15;Industrial;341484;4.01190099682562;2.284148012791229;2023-04-10;14.944513457556935;10.0;14.944513457556935;2023-04-10;10.0;2023-04-10;19.57704081632653;2023-04-03;21.8;2023-04-03;23.510714285714283;2023-03-27;18.857142857142858;2023-03-27;26.930952380952384;2023-03-20;24.0;2023-03-20;26.85297619047619;2023-03-13;20.285714285714285;2023-03-13
2023-04-17;2023;16;Agricultural;59596;3.0203369353647895;1.8457614605007047;2023-04-17;21.99047619047619;16.285714285714285;21.99047619047619;2023-04-17;16.285714285714285;2023-04-17;19.96904761904762;2023-04-10;12.714285714285714;2023-04-10;22.324275362318843;2023-04-03;18.857142857142858;2023-04-03;22.635119047619046;2023-03-27;15.142857142857142;2023-03-27;23.847997835497836;2023-03-20;30.0;2023-03-20
2023-04-17;2023;16;Industrial;341484;3.309086223659088;1.6984690351524523;2023-04-17;14.242261904761905;10.166666666666666;14.242261904761905;2023-04-17;10.166666666666666;2023-04-17;14.944513457556935;2023-04-10;10.0;2023-04-10;19.57704081632653;2023-04-03;21.8;2023-04-03;23.510714285714283;2023-03-27;18.857142857142858;2023-03-27;26.930952380952384;2023-03-20;24.0;2023-03-20
2023-04-24;2023;17;Agricultural;59596;4.02711591381972;1.00677897845493;2023-04-24;16.260714285714286;12.571428571428571;16.260714285714286;2023-04-24;12.571428571428571;2023-04-24;21.99047619047619;2023-04-17;16.285714285714285;2023-04-17;19.96904761904762;2023-04-10;12.714285714285714;2023-04-10;22.324275362318843;2023-04-03;18.857142857142858;2023-04-03;22.635119047619046;2023-03-27;15.142857142857142;2023-03-27
2023-04-24;2023;17;Industrial;341484;3.2212343770132716;1.3763455974511252;2023-04-24;12.370238095238095;11.428571428571429;12.370238095238095;2023-04-24;11.428571428571429;2023-04-24;14.242261904761905;2023-04-17;10.166666666666666;2023-04-17;14.944513457556935;2023-04-10;10.0;2023-04-10;19.57704081632653;2023-04-03;21.8;2023-04-03;23.510714285714283;2023-03-27;18.857142857142858;2023-03-27
2023-05-01;2023;18;Agricultural;59596;4.6983018994563395;1.3423719712732398;2023-05-01;18.21195652173913;14.428571428571429;18.21195652173913;2023-05-01;14.428571428571429;2023-05-01;16.260714285714286;2023-04-24;12.571428571428571;2023-04-24;21.99047619047619;2023-04-17;16.285714285714285;2023-04-17;19.96904761904762;2023-04-10;12.714285714285714;2023-04-10;22.324275362318843;2023-04-03;18.857142857142858;2023-04-03
2023-05-01;2023;18;Industrial;341484;3.484789916950721;1.4349134952150027;2023-05-01;13.402272727272727;14.857142857142858;13.402272727272727;2023-05-01;14.857142857142858;2023-05-01;12.370238095238095;2023-04-24;11.428571428571429;2023-04-24;14.242261904761905;2023-04-17;10.166666666666666;2023-04-17;14.944513457556935;2023-04-10;10.0;2023-04-10;19.57704081632653;2023-04-03;21.8;2023-04-03
2023-05-08;2023;19;Agricultural;59596;3.0203369353647895;2.181354453319015;2023-05-08;13.55595238095238;9.0;13.55595238095238;2023-05-08;9.0;2023-05-08;18.21195652173913;2023-05-01;14.428571428571429;2023-05-01;16.260714285714286;2023-04-24;12.571428571428571;2023-04-24;21.99047619047619;2023-04-17;16.285714285714285;2023-04-17;19.96904761904762;2023-04-10;12.714285714285714;2023-04-10
2023-05-08;2023;19;Industrial;341484;3.6604936102423538;1.6106171885066358;2023-05-08;13.158333333333333;7.857142857142857;13.158333333333333;2023-05-08;7.857142857142857;2023-05-08;13.402272727272727;2023-05-01;14.857142857142858;2023-05-01;12.370238095238095;2023-04-24;11.428571428571429;2023-04-24;14.242261904761905;2023-04-17;10.166666666666666;2023-04-17;14.944513457556935;2023-04-10;10.0;2023-04-10
2023-05-15;2023;20;Agricultural;59596;4.530505403047184;1.3423719712732398;2023-05-15;15.331599378881988;8.857142857142858;15.331599378881988;2023-05-15;8.857142857142858;2023-05-15;13.55595238095238;2023-05-08;9.0;2023-05-08;18.21195652173913;2023-05-01;14.428571428571429;2023-05-01;16.260714285714286;2023-04-24;12.571428571428571;2023-04-24;21.99047619047619;2023-04-17;16.285714285714285;2023-04-17
2023-05-15;2023;20;Industrial;341484;3.6897775591242925;1.6106171885066358;2023-05-15;11.416071428571428;11.571428571428571;11.416071428571428;2023-05-15;11.571428571428571;2023-05-15;13.158333333333333;2023-05-08;7.857142857142857;2023-05-08;13.402272727272727;2023-05-01;14.857142857142858;2023-05-01;12.370238095238095;2023-04-24;11.428571428571429;2023-04-24;14.242261904761905;2023-04-17;10.166666666666666;2023-04-17
2023-05-22;2023;21;Agricultural;59596;3.1881334317739447;2.01355795690986;2023-05-22;16.476569264069266;15.5;16.476569264069266;2023-05-22;15.5;2023-05-22;15.331599378881988;2023-05-15;8.857142857142858;2023-05-15;13.55595238095238;2023-05-08;9.0;2023-05-08;18.21195652173913;2023-05-01;14.428571428571429;2023-05-01;16.260714285714286;2023-04-24;12.571428571428571;2023-04-24
2023-05-22;2023;21;Industrial;341484;3.6897775591242925;1.6691850862705133;2023-05-22;10.995238095238095;12.714285714285714;10.995238095238095;2023-05-22;12.714285714285714;2023-05-22;11.416071428571428;2023-05-15;11.571428571428571;2023-05-15;13.158333333333333;2023-05-08;7.857142857142857;2023-05-08;13.402272727272727;2023-05-01;14.857142857142858;2023-05-01;12.370238095238095;2023-04-24;11.428571428571429;2023-04-24
2023-05-29;2023;22;Agricultural;59596;4.866098395865494;1.6779649640915497;2023-05-29;17.351733954451344;15.166666666666666;17.351733954451344;2023-05-29;15.166666666666666;2023-05-29;16.476569264069266;2023-05-22;15.5;2023-05-22;15.331599378881988;2023-05-15;8.857142857142858;2023-05-15;13.55595238095238;2023-05-08;9.0;2023-05-08;18.21195652173913;2023-05-01;14.428571428571429;2023-05-01
2023-05-29;2023;22;Industrial;341484;3.8654812524159254;1.4934813929788806;2023-05-29;11.758653303218521;13.166666666666666;11.758653303218521;2023-05-29;13.166666666666666;2023-05-29;10.995238095238095;2023-05-22;12.714285714285714;2023-05-22;11.416071428571428;2023-05-15;11.571428571428571;2023-05-15;13.158333333333333;2023-05-08;7.857142857142857;2023-05-08;13.402272727272727;2023-05-01;14.857142857142858;2023-05-01
2023-06-05;2023;23;Agricultural;59596;2.01355795690986;1.6779649640915497;2023-06-05;17.701190476190476;12.285714285714286;17.701190476190476;2023-06-05;12.285714285714286;2023-06-05;17.351733954451344;2023-05-29;15.166666666666666;2023-05-29;16.476569264069266;2023-05-22;15.5;2023-05-22;15.331599378881988;2023-05-15;8.857142857142858;2023-05-15;13.55595238095238;2023-05-08;9.0;2023-05-08
2023-06-05;2023;23;Industrial;341484;3.9240491501798034;1.4641974440969416;2023-06-05;11.971428571428572;13.142857142857142;11.971428571428572;2023-06-05;13.142857142857142;2023-06-05;11.758653303218521;2023-05-29;13.166666666666666;2023-05-29;10.995238095238095;2023-05-22;12.714285714285714;2023-05-22;11.416071428571428;2023-05-15;11.571428571428571;2023-05-15;13.158333333333333;2023-05-08;7.857142857142857;2023-05-08
2023-06-12;2023;24;Agricultural;59596;3.1881334317739447;0.8389824820457749;2023-06-12;17.91845238095238;10.0;17.91845238095238;2023-06-12;10.0;2023-06-12;17.701190476190476;2023-06-05;12.285714285714286;2023-06-05;17.351733954451344;2023-05-29;15.166666666666666;2023-05-29;16.476569264069266;2023-05-22;15.5;2023-05-22;15.331599378881988;2023-05-15;8.857142857142858;2023-05-15
2023-06-12;2023;24;Industrial;341484;4.158320741235314;1.4934813929788806;2023-06-12;11.864285714285714;10.0;11.864285714285714;2023-06-12;10.0;2023-06-12;11.971428571428572;2023-06-05;13.142857142857142;2023-06-05;11.758653303218521;2023-05-29;13.166666666666666;2023-05-29;10.995238095238095;2023-05-22;12.714285714285714;2023-05-22;11.416071428571428;2023-05-15;11.571428571428571;2023-05-15
2023-06-19;2023;25;Agricultural;59596;4.02711591381972;1.00677897845493;2023-06-19;17.51904761904762;17.666666666666668;17.51904761904762;2023-06-19;17.666666666666668;2023-06-19;17.91845238095238;2023-06-12;10.0;2023-06-12;17.701190476190476;2023-06-05;12.285714285714286;2023-06-05;17.351733954451344;2023-05-29;15.166666666666666;2023-05-29;16.476569264069266;2023-05-22;15.5;2023-05-22
2023-06-19;2023;25;Industrial;341484;3.455505968068782;1.6984690351524523;2023-06-19;12.34453933747412;13.714285714285714;12.34453933747412;2023-06-19;13.714285714285714;2023-06-19;11.864285714285714;2023-06-12;10.0;2023-06-12;11.971428571428572;2023-06-05;13.142857142857142;2023-06-05;11.758653303218521;2023-05-29;13.166666666666666;2023-05-29;10.995238095238095;2023-05-22;12.714285714285714;2023-05-22
2023-06-26;2023;26;Agricultural;59596;4.02711591381972;1.8457614605007047;2023-06-26;14.51845238095238;20.428571428571427;14.51845238095238;2023-06-26;20.428571428571427;2023-06-26;17.51904761904762;2023-06-19;17.666666666666668;2023-06-19;17.91845238095238;2023-06-12;10.0;2023-06-12;17.701190476190476;2023-06-05;12.285714285714286;2023-06-05;17.351733954451344;2023-05-29;15.166666666666666;2023-05-29
2023-06-26;2023;26;Industrial;341484;4.275456536763069;1.3177776996872472;2023-06-26;11.679166666666665;14.857142857142858;11.679166666666665;2023-06-26;14.857142857142858;2023-06-26;12.34453933747412;2023-06-19;13.714285714285714;2023-06-19;11.864285714285714;2023-06-12;10.0;2023-06-12;11.971428571428572;2023-06-05;13.142857142857142;2023-06-05;11.758653303218521;2023-05-29;13.166666666666666;2023-05-29
2023-07-03;2023;27;Agricultural;59596;2.5169474461373245;1.5101684676823948;2023-07-03;12.545833333333333;14.428571428571429;12.545833333333333;2023-07-03;14.428571428571429;2023-07-03;14.51845238095238;2023-06-26;20.428571428571427;2023-06-26;17.51904761904762;2023-06-19;17.666666666666668;2023-06-19;17.91845238095238;2023-06-12;10.0;2023-06-12;17.701190476190476;2023-06-05;12.285714285714286;2023-06-05
2023-07-03;2023;27;Industrial;341484;4.099752843471436;1.1127900575136755;2023-07-03;8.7375;12.166666666666666;8.7375;2023-07-03;12.166666666666666;2023-07-03;11.679166666666665;2023-06-26;14.857142857142858;2023-06-26;12.34453933747412;2023-06-19;13.714285714285714;2023-06-19;11.864285714285714;2023-06-12;10.0;2023-06-12;11.971428571428572;2023-06-05;13.142857142857142;2023-06-05
2023-07-10;2023;28;Agricultural;59596;2.181354453319015;1.8457614605007047;2023-07-10;15.105357142857143;18.285714285714285;15.105357142857143;2023-07-10;18.285714285714285;2023-07-10;12.545833333333333;2023-07-03;14.428571428571429;2023-07-03;14.51845238095238;2023-06-26;20.428571428571427;2023-06-26;17.51904761904762;2023-06-19;17.666666666666668;2023-06-19;17.91845238095238;2023-06-12;10.0;2023-06-12
2023-07-10;2023;28;Industrial;341484;4.890419463283784;1.1420740063956145;2023-07-10;9.731651138716357;13.5;9.731651138716357;2023-07-10;13.5;2023-07-10;8.7375;2023-07-03;12.166666666666666;2023-07-03;11.679166666666665;2023-06-26;14.857142857142858;2023-06-26;12.34453933747412;2023-06-19;13.714285714285714;2023-06-19;11.864285714285714;2023-06-12;10.0;2023-06-12
2023-07-17;2023;29;Agricultural;59596;4.36270890663803;1.3423719712732398;2023-07-17;10.73095238095238;15.8;10.73095238095238;2023-07-17;15.8;2023-07-17;15.105357142857143;2023-07-10;18.285714285714285;2023-07-10;12.545833333333333;2023-07-03;14.428571428571429;2023-07-03;14.51845238095238;2023-06-26;20.428571428571427;2023-06-26;17.51904761904762;2023-06-19;17.666666666666668;2023-06-19
2023-07-17;2023;29;Industrial;341484;3.777629405770109;1.7863208817982688;2023-07-17;11.419155844155844;15.571428571428571;11.419155844155844;2023-07-17;15.571428571428571;2023-07-17;9.731651138716357;2023-07-10;13.5;2023-07-10;8.7375;2023-07-03;12.166666666666666;2023-07-03;11.679166666666665;2023-06-26;14.857142857142858;2023-06-26;12.34453933747412;2023-06-19;13.714285714285714;2023-06-19
2023-07-24;2023;30;Agricultural;59596;3.1881334317739447;0.8389824820457749;2023-07-24;11.221598639455783;10.0;11.221598639455783;2023-07-24;10.0;2023-07-24;10.73095238095238;2023-07-17;15.8;2023-07-17;15.105357142857143;2023-07-10;18.285714285714285;2023-07-10;12.545833333333333;2023-07-03;14.428571428571429;2023-07-03;14.51845238095238;2023-06-26;20.428571428571427;2023-06-26
2023-07-24;2023;30;Industrial;341484;3.6604936102423538;1.6106171885066358;2023-07-24;12.225595238095238;10.0;12.225595238095238;2023-07-24;10.0;2023-07-24;11.419155844155844;2023-07-17;15.571428571428571;2023-07-17;9.731651138716357;2023-07-10;13.5;2023-07-10;8.7375;2023-07-03;12.166666666666666;2023-07-03;11.679166666666665;2023-06-26;14.857142857142858;2023-06-26
2023-07-31;2023;31;Agricultural;59596;3.1881334317739447;1.1745754748640849;2023-07-31;10.75595238095238;9.714285714285714;10.75595238095238;2023-07-31;9.714285714285714;2023-07-31;11.221598639455783;2023-07-24;10.0;2023-07-24;10.73095238095238;2023-07-17;15.8;2023-07-17;15.105357142857143;2023-07-10;18.285714285714285;2023-07-10;12.545833333333333;2023-07-03;14.428571428571429;2023-07-03
2023-07-31;2023;31;Industrial;341484;3.5140738658326596;1.4349134952150027;2023-07-31;10.69438775510204;7.571428571428571;10.69438775510204;2023-07-31;7.571428571428571;2023-07-31;12.225595238095238;2023-07-24;10.0;2023-07-24;11.419155844155844;2023-07-17;15.571428571428571;2023-07-17;9.731651138716357;2023-07-10;13.5;2023-07-10;8.7375;2023-07-03;12.166666666666666;2023-07-03
2023-08-07;2023;32;Agricultural;59596;2.5169474461373245;1.00677897845493;2023-08-07;14.239932712215321;11.0;14.239932712215321;2023-08-07;11.0;2023-08-07;10.75595238095238;2023-07-31;9.714285714285714;2023-07-31;11.221598639455783;2023-07-24;10.0;2023-07-24;10.73095238095238;2023-07-17;15.8;2023-07-17;15.105357142857143;2023-07-10;18.285714285714285;2023-07-10
2023-08-07;2023;32;Industrial;341484;3.5140738658326596;1.2592098019233697;2023-08-07;12.604761904761904;8.571428571428571;12.604761904761904;2023-08-07;8.571428571428571;2023-08-07;10.69438775510204;2023-07-31;7.571428571428571;2023-07-31;12.225595238095238;2023-07-24;10.0;2023-07-24;11.419155844155844;2023-07-17;15.571428571428571;2023-07-17;9.731651138716357;2023-07-10;13.5;2023-07-10
2023-08-14;2023;33;Agricultural;59596;5.369487885092959;2.181354453319015;2023-08-14;15.057738095238095;18.714285714285715;15.057738095238095;2023-08-14;18.714285714285715;2023-08-14;14.239932712215321;2023-08-07;11.0;2023-08-07;10.75595238095238;2023-07-31;9.714285714285714;2023-07-31;11.221598639455783;2023-07-24;10.0;2023-07-24;10.73095238095238;2023-07-17;15.8;2023-07-17
2023-08-14;2023;33;Industrial;341484;3.191950428131333;1.6106171885066358;2023-08-14;8.805357142857144;15.142857142857142;8.805357142857144;2023-08-14;15.142857142857142;2023-08-14;12.604761904761904;2023-08-07;8.571428571428571;2023-08-07;10.69438775510204;2023-07-31;7.571428571428571;2023-07-31;12.225595238095238;2023-07-24;10.0;2023-07-24;11.419155844155844;2023-07-17;15.571428571428571;2023-07-17
2023-08-21;2023;34;Agricultural;59596;3.1881334317739447;1.6779649640915497;2023-08-21;18.33154761904762;23.714285714285715;18.33154761904762;2023-08-21;23.714285714285715;2023-08-21;15.057738095238095;2023-08-14;18.714285714285715;2023-08-14;14.239932712215321;2023-08-07;11.0;2023-08-07;10.75595238095238;2023-07-31;9.714285714285714;2023-07-31;11.221598639455783;2023-07-24;10.0;2023-07-24
2023-08-21;2023;34;Industrial;341484;4.421876281172763;2.079160370617657;2023-08-21;13.14120082815735;17.4;13.14120082815735;2023-08-21;17.4;2023-08-21;8.805357142857144;2023-08-14;15.142857142857142;2023-08-14;12.604761904761904;2023-08-07;8.571428571428571;2023-08-07;10.69438775510204;2023-07-31;7.571428571428571;2023-07-31;12.225595238095238;2023-07-24;10.0;2023-07-24
2023-08-28;2023;35;Agricultural;59596;2.6847439425464796;2.181354453319015;2023-08-28;16.018344155844154;16.833333333333332;16.018344155844154;2023-08-28;16.833333333333332;2023-08-28;18.33154761904762;2023-08-21;23.714285714285715;2023-08-21;15.057738095238095;2023-08-14;18.714285714285715;2023-08-14;14.239932712215321;2023-08-07;11.0;2023-08-07;10.75595238095238;2023-07-31;9.714285714285714;2023-07-31
2023-08-28;2023;35;Industrial;341484;3.279802274777149;1.3763455974511252;2023-08-28;14.573214285714286;9.166666666666666;14.573214285714286;2023-08-28;9.166666666666666;2023-08-28;13.14120082815735;2023-08-21;17.4;2023-08-21;8.805357142857144;2023-08-14;15.142857142857142;2023-08-14;12.604761904761904;2023-08-07;8.571428571428571;2023-08-07;10.69438775510204;2023-07-31;7.571428571428571;2023-07-31
2023-09-04;2023;36;Agricultural;59596;2.3491509497281697;1.8457614605007047;2023-09-04;20.583333333333336;23.857142857142858;20.583333333333336;2023-09-04;23.857142857142858;2023-09-04;16.018344155844154;2023-08-28;16.833333333333332;2023-08-28;18.33154761904762;2023-08-21;23.714285714285715;2023-08-21;15.057738095238095;2023-08-14;18.714285714285715;2023-08-14;14.239932712215321;2023-08-07;11.0;2023-08-07
2023-09-04;2023;36;Industrial;341484;2.5769875016106174;1.5227653418608191;2023-09-04;17.794642857142858;14.166666666666666;17.794642857142858;2023-09-04;14.166666666666666;2023-09-04;14.573214285714286;2023-08-28;9.166666666666666;2023-08-28;13.14120082815735;2023-08-21;17.4;2023-08-21;8.805357142857144;2023-08-14;15.142857142857142;2023-08-14;12.604761904761904;2023-08-07;8.571428571428571;2023-08-07
2023-09-11;2023;37;Agricultural;59596;3.1881334317739447;1.00677897845493;2023-09-11;20.35892857142857;27.571428571428573;20.35892857142857;2023-09-11;27.571428571428573;2023-09-11;20.583333333333336;2023-09-04;23.857142857142858;2023-09-04;16.018344155844154;2023-08-28;16.833333333333332;2023-08-28;18.33154761904762;2023-08-21;23.714285714285715;2023-08-21;15.057738095238095;2023-08-14;18.714285714285715;2023-08-14
2023-09-11;2023;37;Industrial;341484;3.8654812524159254;1.7863208817982688;2023-09-11;18.748214285714287;23.142857142857142;18.748214285714287;2023-09-11;23.142857142857142;2023-09-11;17.794642857142858;2023-09-04;14.166666666666666;2023-09-04;14.573214285714286;2023-08-28;9.166666666666666;2023-08-28;13.14120082815735;2023-08-21;17.4;2023-08-21;8.805357142857144;2023-08-14;15.142857142857142;2023-08-14
2023-09-18;2023;38;Agricultural;59596;4.194912410228874;2.01355795690986;2023-09-18;17.54583333333333;15.428571428571429;17.54583333333333;2023-09-18;15.428571428571429;2023-09-18;20.35892857142857;2023-09-11;27.571428571428573;2023-09-11;20.583333333333336;2023-09-04;23.857142857142858;2023-09-04;16.018344155844154;2023-08-28;16.833333333333332;2023-08-28;18.33154761904762;2023-08-21;23.714285714285715;2023-08-21
2023-09-18;2023;38;Industrial;341484;3.6019257124784763;1.4349134952150027;2023-09-18;14.608552631578947;10.0;14.608552631578947;2023-09-18;10.0;2023-09-18;18.748214285714287;2023-09-11;23.142857142857142;2023-09-11;17.794642857142858;2023-09-04;14.166666666666666;2023-09-04;14.573214285714286;2023-08-28;9.166666666666666;2023-08-28;13.14120082815735;2023-08-21;17.4;2023-08-21
2023-09-25;2023;39;Agricultural;59596;3.0203369353647895;1.1745754748640849;2023-09-25;29.81349990589121;28.142857142857142;29.81349990589121;2023-09-25;28.142857142857142;2023-09-25;17.54583333333333;2023-09-18;15.428571428571429;2023-09-18;20.35892857142857;2023-09-11;27.571428571428573;2023-09-11;20.583333333333336;2023-09-04;23.857142857142858;2023-09-04;16.018344155844154;2023-08-28;16.833333333333332;2023-08-28
2023-09-25;2023;39;Industrial;341484;4.919703412165724;1.581333239624697;2023-09-25;23.515909090909094;16.428571428571427;23.515909090909094;2023-09-25;16.428571428571427;2023-09-25;14.608552631578947;2023-09-18;10.0;2023-09-18;18.748214285714287;2023-09-11;23.142857142857142;2023-09-11;17.794642857142858;2023-09-04;14.166666666666666;2023-09-04;14.573214285714286;2023-08-28;9.166666666666666;2023-08-28
2023-10-02;2023;40;Agricultural;59596;4.194912410228874;1.1745754748640849;2023-10-02;26.47955486542443;41.42857142857143;26.47955486542443;2023-10-02;41.42857142857143;2023-10-02;29.81349990589121;2023-09-25;28.142857142857142;2023-09-25;17.54583333333333;2023-09-18;15.428571428571429;2023-09-18;20.35892857142857;2023-09-11;27.571428571428573;2023-09-11;20.583333333333336;2023-09-04;23.857142857142858;2023-09-04
2023-10-02;2023;40;Industrial;341484;4.099752843471436;1.8741727284440852;2023-10-02;24.988095238095237;29.0;24.988095238095237;2023-10-02;29.0;2023-10-02;23.515909090909094;2023-09-25;16.428571428571427;2023-09-25;14.608552631578947;2023-09-18;10.0;2023-09-18;18.748214285714287;2023-09-11;23.142857142857142;2023-09-11;17.794642857142858;2023-09-04;14.166666666666666;2023-09-04
2023-10-09;2023;41;Agricultural;59596;2.181354453319015;1.8457614605007047;2023-10-09;23.68392857142857;29.714285714285715;23.68392857142857;2023-10-09;29.714285714285715;2023-10-09;26.47955486542443;2023-10-02;41.42857142857143;2023-10-02;29.81349990589121;2023-09-25;28.142857142857142;2023-09-25;17.54583333333333;2023-09-18;15.428571428571429;2023-09-18;20.35892857142857;2023-09-11;27.571428571428573;2023-09-11
2023-10-09;2023;41;Industrial;341484;3.5726417635965375;1.6984690351524523;2023-10-09;24.832738095238096;26.285714285714285;24.832738095238096;2023-10-09;26.285714285714285;2023-10-09;24.988095238095237;2023-10-02;29.0;2023-10-02;23.515909090909094;2023-09-25;16.428571428571427;2023-09-25;14.608552631578947;2023-09-18;10.0;2023-09-18;18.748214285714287;2023-09-11;23.142857142857142;2023-09-11
2023-10-16;2023;42;Agricultural;59596;1.3423719712732398;2.01355795690986;2023-10-16;23.91547619047619;16.857142857142858;23.91547619047619;2023-10-16;16.857142857142858;2023-10-16;23.68392857142857;2023-10-09;29.714285714285715;2023-10-09;26.47955486542443;2023-10-02;41.42857142857143;2023-10-02;29.81349990589121;2023-09-25;28.142857142857142;2023-09-25;17.54583333333333;2023-09-18;15.428571428571429;2023-09-18
2023-10-16;2023;42;Industrial;341484;4.129036792353375;1.6984690351524523;2023-10-16;21.348809523809525;13.571428571428571;21.348809523809525;2023-10-16;13.571428571428571;2023-10-16;24.832738095238096;2023-10-09;26.285714285714285;2023-10-09;24.988095238095237;2023-10-02;29.0;2023-10-02;23.515909090909094;2023-09-25;16.428571428571427;2023-09-25;14.608552631578947;2023-09-18;10.0;2023-09-18
2023-10-23;2023;43;Agricultural;59596;2.181354453319015;2.3491509497281697;2023-10-23;22.33154761904762;17.857142857142858;22.33154761904762;2023-10-23;17.857142857142858;2023-10-23;23.91547619047619;2023-10-16;16.857142857142858;2023-10-16;23.68392857142857;2023-10-09;29.714285714285715;2023-10-09;26.47955486542443;2023-10-02;41.42857142857143;2023-10-02;29.81349990589121;2023-09-25;28.142857142857142;2023-09-25
2023-10-23;2023;43;Industrial;341484;3.9240491501798034;1.6691850862705133;2023-10-23;20.85654761904762;14.571428571428571;20.85654761904762;2023-10-23;14.571428571428571;2023-10-23;21.348809523809525;2023-10-16;13.571428571428571;2023-10-16;24.832738095238096;2023-10-09;26.285714285714285;2023-10-09;24.988095238095237;2023-10-02;29.0;2023-10-02;23.515909090909094;2023-09-25;16.428571428571427;2023-09-25
2023-10-30;2023;44;Agricultural;59596;3.1881334317739447;2.852540438955635;2023-10-30;19.580357142857142;10.428571428571429;19.580357142857142;2023-10-30;10.428571428571429;2023-10-30;22.33154761904762;2023-10-23;17.857142857142858;2023-10-23;23.91547619047619;2023-10-16;16.857142857142858;2023-10-16;23.68392857142857;2023-10-09;29.714285714285715;2023-10-09;26.47955486542443;2023-10-02;41.42857142857143;2023-10-02
2023-10-30;2023;44;Industrial;341484;4.597579974464397;1.727752984034391;2023-10-30;16.65339026915114;7.428571428571429;16.65339026915114;2023-10-30;7.428571428571429;2023-10-30;20.85654761904762;2023-10-23;14.571428571428571;2023-10-23;21.348809523809525;2023-10-16;13.571428571428571;2023-10-16;24.832738095238096;2023-10-09;26.285714285714285;2023-10-09;24.988095238095237;2023-10-02;29.0;2023-10-02
2023-11-06;2023;45;Agricultural;59596;3.3559299281830994;1.1745754748640849;2023-11-06;32.67857142857143;26.714285714285715;32.67857142857143;2023-11-06;26.714285714285715;2023-11-06;19.580357142857142;2023-10-30;10.428571428571429;2023-10-30;22.33154761904762;2023-10-23;17.857142857142858;2023-10-23;23.91547619047619;2023-10-16;16.857142857142858;2023-10-16;23.68392857142857;2023-10-09;29.714285714285715;2023-10-09
2023-11-06;2023;45;Industrial;341484;4.861135514401846;1.7863208817982688;2023-11-06;25.302813852813852;11.25;25.302813852813852;2023-11-06;11.25;2023-11-06;16.65339026915114;2023-10-30;7.428571428571429;2023-10-30;20.85654761904762;2023-10-23;14.571428571428571;2023-10-23;21.348809523809525;2023-10-16;13.571428571428571;2023-10-16;24.832738095238096;2023-10-09;26.285714285714285;2023-10-09
2023-11-13;2023;46;Agricultural;59596;4.36270890663803;2.01355795690986;2023-11-13;37.398809523809526;32.714285714285715;37.398809523809526;2023-11-13;32.714285714285715;2023-11-13;32.67857142857143;2023-11-06;26.714285714285715;2023-11-06;19.580357142857142;2023-10-30;10.428571428571429;2023-10-30;22.33154761904762;2023-10-23;17.857142857142858;2023-10-23;23.91547619047619;2023-10-16;16.857142857142858;2023-10-16
2023-11-13;2023;46;Industrial;341484;4.480444178936641;1.6691850862705133;2023-11-13;32.31666666666667;23.5;32.31666666666667;2023-11-13;23.5;2023-11-13;25.302813852813852;2023-11-06;11.25;2023-11-06;16.65339026915114;2023-10-30;7.428571428571429;2023-10-30;20.85654761904762;2023-10-23;14.571428571428571;2023-10-23;21.348809523809525;2023-10-16;13.571428571428571;2023-10-16
2023-11-20;2023;47;Agricultural;59596;3.6915229210014093;1.5101684676823948;2023-11-20;38.23809523809524;33.714285714285715;38.23809523809524;2023-11-20;33.714285714285715;2023-11-20;37.398809523809526;2023-11-13;32.714285714285715;2023-11-13;32.67857142857143;2023-11-06;26.714285714285715;2023-11-06;19.580357142857142;2023-10-30;10.428571428571429;2023-10-30;22.33154761904762;2023-10-23;17.857142857142858;2023-10-23
2023-11-20;2023;47;Industrial;341484;4.626863923346336;1.552049290742758;2023-11-20;32.39345238095238;27.285714285714285;32.39345238095238;2023-11-20;27.285714285714285;2023-11-20;32.31666666666667;2023-11-13;23.5;2023-11-13;25.302813852813852;2023-11-06;11.25;2023-11-06;16.65339026915114;2023-10-30;7.428571428571429;2023-10-30;20.85654761904762;2023-10-23;14.571428571428571;2023-10-23
2023-11-27;2023;48;Agricultural;59596;4.194912410228874;2.5169474461373245;2023-11-27;37.43755411255411;25.571428571428573;37.43755411255411;2023-11-27;25.571428571428573;2023-11-27;38.23809523809524;2023-11-20;33.714285714285715;2023-11-20;37.398809523809526;2023-11-13;32.714285714285715;2023-11-13;32.67857142857143;2023-11-06;26.714285714285715;2023-11-06;19.580357142857142;2023-10-30;10.428571428571429;2023-10-30
2023-11-27;2023;48;Industrial;341484;4.919703412165724;1.7863208817982688;2023-11-27;35.26130952380952;22.142857142857142;35.26130952380952;2023-11-27;22.142857142857142;2023-11-27;32.39345238095238;2023-11-20;27.285714285714285;2023-11-20;32.31666666666667;2023-11-13;23.5;2023-11-13;25.302813852813852;2023-11-06;11.25;2023-11-06;16.65339026915114;2023-10-30;7.428571428571429;2023-10-30
2023-12-04;2023;49;Agricultural;59596;3.3559299281830994;1.1745754748640849;2023-12-04;41.774404761904755;37.857142857142854;41.774404761904755;2023-12-04;37.857142857142854;2023-12-04;37.43755411255411;2023-11-27;25.571428571428573;2023-11-27;38.23809523809524;2023-11-20;33.714285714285715;2023-11-20;37.398809523809526;2023-11-13;32.714285714285715;2023-11-13;32.67857142857143;2023-11-06;26.714285714285715;2023-11-06
2023-12-04;2023;49;Industrial;341484;4.392592332290825;2.079160370617657;2023-12-04;32.42169913419914;34.0;32.42169913419914;2023-12-04;34.0;2023-12-04;35.26130952380952;2023-11-27;22.142857142857142;2023-11-27;32.39345238095238;2023-11-20;27.285714285714285;2023-11-20;32.31666666666667;2023-11-13;23.5;2023-11-13;25.302813852813852;2023-11-06;11.25;2023-11-06
2023-12-11;2023;50;Agricultural;59596;3.5237264245922546;1.5101684676823948;2023-12-11;40.82083333333333;37.714285714285715;40.82083333333333;2023-12-11;37.714285714285715;2023-12-11;41.774404761904755;2023-12-04;37.857142857142854;2023-12-04;37.43755411255411;2023-11-27;25.571428571428573;2023-11-27;38.23809523809524;2023-11-20;33.714285714285715;2023-11-20;37.398809523809526;2023-11-13;32.714285714285715;2023-11-13
2023-12-11;2023;50;Industrial;341484;4.480444178936641;2.108444319499596;2023-12-11;36.37559523809524;33.333333333333336;36.37559523809524;2023-12-11;33.333333333333336;2023-12-11;32.42169913419914;2023-12-04;34.0;2023-12-04;35.26130952380952;2023-11-27;22.142857142857142;2023-11-27;32.39345238095238;2023-11-20;27.285714285714285;2023-11-20;32.31666666666667;2023-11-13;23.5;2023-11-13
2023-12-18;2023;51;Agricultural;59596;5.369487885092959;3.3559299281830994;2023-12-18;40.047619047619044;38.42857142857143;40.047619047619044;2023-12-18;38.42857142857143;2023-12-18;40.82083333333333;2023-12-11;37.714285714285715;2023-12-11;41.774404761904755;2023-12-04;37.857142857142854;2023-12-04;37.43755411255411;2023-11-27;25.571428571428573;2023-11-27;38.23809523809524;2023-11-20;33.714285714285715;2023-11-20
2023-12-18;2023;51;Industrial;341484;5.1832589521031736;3.0455306837216383;2023-12-18;32.41904761904762;33.285714285714285;32.41904761904762;2023-12-18;33.285714285714285;2023-12-18;36.37559523809524;2023-12-11;33.333333333333336;2023-12-11;32.42169913419914;2023-12-04;34.0;2023-12-04;35.26130952380952;2023-11-27;22.142857142857142;2023-11-27;32.39345238095238;2023-11-20;27.285714285714285;2023-11-20
2023-12-25;2023;52;Agricultural;59596;4.866098395865494;2.5169474461373245;2023-12-25;36.67321428571428;46.0;36.67321428571428;2023-12-25;46.0;2023-12-25;40.047619047619044;2023-12-18;38.42857142857143;2023-12-18;40.82083333333333;2023-12-11;37.714285714285715;2023-12-11;41.774404761904755;2023-12-04;37.857142857142854;2023-12-04;37.43755411255411;2023-11-27;25.571428571428573;2023-11-27
2023-12-25;2023;52;Industrial;341484;4.392592332290825;3.836197303533987;2023-12-25;30.42083333333333;43.285714285714285;30.42083333333333;2023-12-25;43.285714285714285;2023-12-25;32.41904761904762;2023-12-18;33.285714285714285;2023-12-18;36.37559523809524;2023-12-11;33.333333333333336;2023-12-11;32.42169913419914;2023-12-04;34.0;2023-12-04;35.26130952380952;2023-11-27;22.142857142857142;2023-11-27
