Date;Year;Month;Season;SeasonYear;Area;Pollutant;Arithmetic_mean;Population_weighted_mean
2016-01-01;2016;1;Winter;2016;Agricultural;NO2;25.46190476190477;25.82343986073704
2016-01-02;2016;1;Winter;2016;Agricultural;NO2;29.81428571428572;30.44465611246141
2016-01-03;2016;1;Winter;2016;Agricultural;NO2;29.104761904761908;29.3443670761348
2016-01-04;2016;1;Winter;2016;Agricultural;NO2;26.433333333333334;26.2326594626552
2016-01-05;2016;1;Winter;2016;Agricultural;NO2;27.604761904761908;28.210232871313146
2016-01-06;2016;1;Winter;2016;Agricultural;NO2;27.87142857142857;27.72326742429219
2016-01-07;2016;1;Winter;2016;Agricultural;NO2;30.866666666666667;30.879227156276688
2016-01-08;2016;1;Winter;2016;Agricultural;NO2;36.57619047619048;36.36296722065296
2016-01-09;2016;1;Winter;2016;Agricultural;NO2;40.07619047619048;40.26580174735597
2016-01-10;2016;1;Winter;2016;Agricultural;NO2;36.35714285714285;36.73654010379032
2016-01-11;2016;1;Winter;2016;Agricultural;NO2;32.34761904761905;32.542033436247785
2016-01-12;2016;1;Winter;2016;Agricultural;NO2;32.01428571428571;31.64228962753728
2016-01-13;2016;1;Winter;2016;Agricultural;NO2;26.23333333333333;25.42253826446824
2016-01-14;2016;1;Winter;2016;Agricultural;NO2;37.95238095238095;38.73948137686396
2016-01-15;2016;1;Winter;2016;Agricultural;NO2;37.304761904761904;37.10421401826184
2016-01-16;2016;1;Winter;2016;Agricultural;NO2;40.54285714285714;40.438622479143405
2016-01-17;2016;1;Winter;2016;Agricultural;NO2;22.723809523809525;21.9626502660448
2016-01-18;2016;1;Winter;2016;Agricultural;NO2;41.6;42.538936149247846
2016-01-19;2016;1;Winter;2016;Agricultural;NO2;53.53333333333334;53.64877159561191
2016-01-20;2016;1;Winter;2016;Agricultural;NO2;58.56190476190476;58.10498259213032
2016-01-21;2016;1;Winter;2016;Agricultural;NO2;62.27619047619047;61.79700617486697
2016-01-22;2016;1;Winter;2016;Agricultural;NO2;63.29047619047618;63.49532779347041
2016-01-23;2016;1;Winter;2016;Agricultural;NO2;60.81428571428571;60.729148328187605
2016-01-24;2016;1;Winter;2016;Agricultural;NO2;56.82857142857144;56.723863561715824
2016-01-25;2016;1;Winter;2016;Agricultural;NO2;61.209523809523816;61.22607567496552
2016-01-26;2016;1;Winter;2016;Agricultural;NO2;60.22857142857143;60.16551928003678
2016-01-27;2016;1;Winter;2016;Agricultural;NO2;56.94761904761905;57.38051468173159
2016-01-28;2016;1;Winter;2016;Agricultural;NO2;58.62857142857143;58.84971589042895
2016-01-29;2016;1;Winter;2016;Agricultural;NO2;47.48095238095238;48.12172534979965
2016-01-30;2016;1;Winter;2016;Agricultural;NO2;47.13809523809524;48.03908559416672
2016-01-31;2016;1;Winter;2016;Agricultural;NO2;37.595238095238095;37.60082605268344
2016-02-01;2016;2;Winter;2016;Agricultural;NO2;44.71904761904762;45.35815706496748
2016-02-02;2016;2;Winter;2016;Agricultural;NO2;31.19047619047619;30.75283616895487
2016-02-03;2016;2;Winter;2016;Agricultural;NO2;35.50476190476191;34.83092688694738
2016-02-04;2016;2;Winter;2016;Agricultural;NO2;33.75714285714285;33.220033830388225
2016-02-05;2016;2;Winter;2016;Agricultural;NO2;42.2;42.08277442028509
2016-02-06;2016;2;Winter;2016;Agricultural;NO2;34.91428571428572;35.874428496354206
2016-02-07;2016;2;Winter;2016;Agricultural;NO2;25.73809523809524;25.84737568153452
2016-02-08;2016;2;Winter;2016;Agricultural;NO2;28.05714285714286;27.75952341851146
2016-02-09;2016;2;Winter;2016;Agricultural;NO2;32.51428571428571;32.93505715036458
2016-02-10;2016;2;Winter;2016;Agricultural;NO2;28.96190476190477;28.09086251067464
2016-02-11;2016;2;Winter;2016;Agricultural;NO2;35.885714285714286;36.36337942586875
2016-02-12;2016;2;Winter;2016;Agricultural;NO2;31.861904761904764;31.974118110753466
2016-02-13;2016;2;Winter;2016;Agricultural;NO2;23.604761904761904;23.751911581160087
2016-02-14;2016;2;Winter;2016;Agricultural;NO2;23.219047619047625;23.597328056230705
2016-02-15;2016;2;Winter;2016;Agricultural;NO2;30.623809523809523;31.309643302896934
2016-02-16;2016;2;Winter;2016;Agricultural;NO2;29.452380952380956;29.66900249622282
2016-02-17;2016;2;Winter;2016;Agricultural;NO2;27.96190476190477;28.25353576824542
2016-02-18;2016;2;Winter;2016;Agricultural;NO2;30.242857142857144;29.827057741575253
2016-02-19;2016;2;Winter;2016;Agricultural;NO2;33.733333333333334;33.35319910661499
2016-02-20;2016;2;Winter;2016;Agricultural;NO2;26.31428571428572;25.90271956907311
2016-02-21;2016;2;Winter;2016;Agricultural;NO2;30.18095238095238;29.79031564080667
2016-02-22;2016;2;Winter;2016;Agricultural;NO2;28.98095238095238;29.51422025881889
2016-02-23;2016;2;Winter;2016;Agricultural;NO2;29.88095238095238;29.791603166261577
2016-02-24;2016;2;Winter;2016;Agricultural;NO2;27.323809523809523;26.75514189056033
2016-02-25;2016;2;Winter;2016;Agricultural;NO2;24.26666666666667;24.721827169414706
2016-02-26;2016;2;Winter;2016;Agricultural;NO2;24.066666666666663;24.49885042370098
2016-02-27;2016;2;Winter;2016;Agricultural;NO2;19.83333333333333;19.076711226433687
2016-02-28;2016;2;Winter;2016;Agricultural;NO2;20.185714285714283;18.97235925901596
2016-02-29;2016;2;Winter;2016;Agricultural;NO2;18.88571428571429;17.748717401300663
2016-03-01;2016;3;Spring;2016;Agricultural;NO2;23.4;23.63196479012021
2016-03-02;2016;3;Spring;2016;Agricultural;NO2;22.547619047619047;22.32594101031334
2016-03-03;2016;3;Spring;2016;Agricultural;NO2;19.085714285714285;18.63203869145372
2016-03-04;2016;3;Spring;2016;Agricultural;NO2;27.35238095238095;27.414016619588786
2016-03-05;2016;3;Spring;2016;Agricultural;NO2;19.723809523809525;19.65556887604283
2016-03-06;2016;3;Spring;2016;Agricultural;NO2;21.98095238095238;22.424497470932145
2016-03-07;2016;3;Spring;2016;Agricultural;NO2;22.43809523809524;22.369012349733957
2016-03-08;2016;3;Spring;2016;Agricultural;NO2;23.67619047619048;23.82960815870722
2016-03-09;2016;3;Spring;2016;Agricultural;NO2;20.285714285714285;20.839693227353347
2016-03-10;2016;3;Spring;2016;Agricultural;NO2;26.61904761904762;27.23208139000197
2016-03-11;2016;3;Spring;2016;Agricultural;NO2;25.995238095238093;26.599275766931616
2016-03-12;2016;3;Spring;2016;Agricultural;NO2;23.35238095238095;23.700650331734877
2016-03-13;2016;3;Spring;2016;Agricultural;NO2;14.604761904761904;14.971401826184064
2016-03-14;2016;3;Spring;2016;Agricultural;NO2;18.742857142857144;19.360178677001905
2016-03-15;2016;3;Spring;2016;Agricultural;NO2;22.51904761904762;22.83155422715628
2016-03-16;2016;3;Spring;2016;Agricultural;NO2;14.038095238095238;14.0507718583722
2016-03-17;2016;3;Spring;2016;Agricultural;NO2;22.32857142857143;22.580155028575184
2016-03-18;2016;3;Spring;2016;Agricultural;NO2;30.88571428571429;30.88717401300664
2016-03-19;2016;3;Spring;2016;Agricultural;NO2;30.09047619047619;29.66376699730671
2016-03-20;2016;3;Spring;2016;Agricultural;NO2;17.89047619047619;17.722222952111938
2016-03-21;2016;3;Spring;2016;Agricultural;NO2;24.452380952380956;24.56915851014912
2016-03-22;2016;3;Spring;2016;Agricultural;NO2;18.51904761904762;18.782845037114893
2016-03-23;2016;3;Spring;2016;Agricultural;NO2;17.223809523809525;17.222764895224334
2016-03-24;2016;3;Spring;2016;Agricultural;NO2;22.31428571428572;22.27353511134468
2016-03-25;2016;3;Spring;2016;Agricultural;NO2;21.066666666666663;20.953594889312225
2016-03-26;2016;3;Spring;2016;Agricultural;NO2;18.361904761904764;18.80953984103002
2016-03-27;2016;3;Spring;2016;Agricultural;NO2;16.15714285714286;16.27576036260921
2016-03-28;2016;3;Spring;2016;Agricultural;NO2;14.671428571428573;14.674735597451225
2016-03-29;2016;3;Spring;2016;Agricultural;NO2;19.44761904761905;19.42811042501478
2016-03-30;2016;3;Spring;2016;Agricultural;NO2;29.257142857142856;28.998940747553046
2016-03-31;2016;3;Spring;2016;Agricultural;NO2;21.88095238095238;21.850796492150035
2016-04-01;2016;4;Spring;2016;Agricultural;NO2;21.03809523809524;21.432004204164752
2016-04-02;2016;4;Spring;2016;Agricultural;NO2;18.61904761904762;18.675947579320766
2016-04-03;2016;4;Spring;2016;Agricultural;NO2;18.585714285714285;18.688096958549565
2016-04-04;2016;4;Spring;2016;Agricultural;NO2;10.58095238095238;10.731427773763384
2016-04-05;2016;4;Spring;2016;Agricultural;NO2;15.680952380952382;15.736257636471128
2016-04-06;2016;4;Spring;2016;Agricultural;NO2;24.223809523809525;24.41803028312422
2016-04-07;2016;4;Spring;2016;Agricultural;NO2;15.41904761904762;15.449421927346776
2016-04-08;2016;4;Spring;2016;Agricultural;NO2;16.64761904761905;16.7799316823228
2016-04-09;2016;4;Spring;2016;Agricultural;NO2;14.376190476190477;14.468623136044144
2016-04-10;2016;4;Spring;2016;Agricultural;NO2;14.533333333333331;14.616018524600932
2016-04-11;2016;4;Spring;2016;Agricultural;NO2;16.933333333333334;16.827134927412466
2016-04-12;2016;4;Spring;2016;Agricultural;NO2;18.38571428571429;18.174883400118244
2016-04-13;2016;4;Spring;2016;Agricultural;NO2;11.41904761904762;12.031803849438347
2016-04-14;2016;4;Spring;2016;Agricultural;NO2;12.390476190476187;12.621178479931682
2016-04-15;2016;4;Spring;2016;Agricultural;NO2;11.652380952380952;12.04780759377258
2016-04-16;2016;4;Spring;2016;Agricultural;NO2;13.747619047619049;13.686104907048543
2016-04-17;2016;4;Spring;2016;Agricultural;NO2;10.104761904761904;10.233935492347106
2016-04-18;2016;4;Spring;2016;Agricultural;NO2;12.752380952380951;12.414156210996516
2016-04-19;2016;4;Spring;2016;Agricultural;NO2;15.323809523809524;14.88479439006766
2016-04-20;2016;4;Spring;2016;Agricultural;NO2;14.152380952380952;14.48199270840176
2016-04-21;2016;4;Spring;2016;Agricultural;NO2;18.18095238095238;18.52936182092885
2016-04-22;2016;4;Spring;2016;Agricultural;NO2;19.81428571428572;18.865248308480588
2016-04-23;2016;4;Spring;2016;Agricultural;NO2;12.933333333333334;13.178993956513173
2016-04-24;2016;4;Spring;2016;Agricultural;NO2;8.32857142857143;8.28121756552585
2016-04-25;2016;4;Spring;2016;Agricultural;NO2;11.01904761904762;10.92698384024174
2016-04-26;2016;4;Spring;2016;Agricultural;NO2;14.871428571428572;14.824563161006372
2016-04-27;2016;4;Spring;2016;Agricultural;NO2;13.30952380952381;13.456729948104842
2016-04-28;2016;4;Spring;2016;Agricultural;NO2;13.904761904761903;14.145552781974644
2016-04-29;2016;4;Spring;2016;Agricultural;NO2;14.357142857142858;14.517994153583391
2016-04-30;2016;4;Spring;2016;Agricultural;NO2;13.414285714285716;13.3510576101951
2016-05-01;2016;5;Spring;2016;Agricultural;NO2;8.4;8.545409906063194
2016-05-02;2016;5;Spring;2016;Agricultural;NO2;14.433333333333334;14.808912500821126
2016-05-03;2016;5;Spring;2016;Agricultural;NO2;18.904761904761905;18.596088156079617
2016-05-04;2016;5;Spring;2016;Agricultural;NO2;10.680952380952382;10.866284569401564
2016-05-05;2016;5;Spring;2016;Agricultural;NO2;14.923809523809522;14.903468435919333
2016-05-06;2016;5;Spring;2016;Agricultural;NO2;19.261904761904763;19.55574788149511
2016-05-07;2016;5;Spring;2016;Agricultural;NO2;19.17619047619048;18.745697300137948
2016-05-08;2016;5;Spring;2016;Agricultural;NO2;12.514285714285714;12.486525323523615
2016-05-09;2016;5;Spring;2016;Agricultural;NO2;14.547619047619047;14.320848387308676
2016-05-10;2016;5;Spring;2016;Agricultural;NO2;21.4;21.349689614399264
2016-05-11;2016;5;Spring;2016;Agricultural;NO2;12.414285714285716;12.45712408855022
2016-05-12;2016;5;Spring;2016;Agricultural;NO2;11.042857142857144;11.185149116468502
2016-05-13;2016;5;Spring;2016;Agricultural;NO2;21.20952380952381;20.78827924850555
2016-05-14;2016;5;Spring;2016;Agricultural;NO2;14.00952380952381;13.70905373448072
2016-05-15;2016;5;Spring;2016;Agricultural;NO2;8.438095238095238;8.064859094790778
2016-05-16;2016;5;Spring;2016;Agricultural;NO2;8.114285714285714;8.380907179925114
2016-05-17;2016;5;Spring;2016;Agricultural;NO2;11.385714285714286;11.394721802535637
2016-05-18;2016;5;Spring;2016;Agricultural;NO2;14.685714285714283;14.621748341325626
2016-05-19;2016;5;Spring;2016;Agricultural;NO2;13.642857142857142;13.7393795572489
2016-05-20;2016;5;Spring;2016;Agricultural;NO2;14.442857142857145;14.526078959469224
2016-05-21;2016;5;Spring;2016;Agricultural;NO2;16.452380952380953;15.779493201077315
2016-05-22;2016;5;Spring;2016;Agricultural;NO2;13.866666666666664;13.401459961899755
2016-05-23;2016;5;Spring;2016;Agricultural;NO2;9.971428571428572;10.074934309925773
2016-05-24;2016;5;Spring;2016;Agricultural;NO2;13.095238095238097;12.969424554949748
2016-05-25;2016;5;Spring;2016;Agricultural;NO2;12.01904761904762;11.997571109505351
2016-05-26;2016;5;Spring;2016;Agricultural;NO2;15.833333333333334;15.803916770675952
2016-05-27;2016;5;Spring;2016;Agricultural;NO2;21.247619047619047;21.092310976811405
2016-05-28;2016;5;Spring;2016;Agricultural;NO2;16.576190476190476;16.16518590291007
2016-05-29;2016;5;Spring;2016;Agricultural;NO2;8.79047619047619;8.944797346121002
2016-05-30;2016;5;Spring;2016;Agricultural;NO2;13.252380952380951;13.284641660645075
2016-05-31;2016;5;Spring;2016;Agricultural;NO2;13.461904761904762;13.78129803586678
2016-06-01;2016;6;Summer;2016;Agricultural;NO2;16.51904761904762;16.67594922157262
2016-06-02;2016;6;Summer;2016;Agricultural;NO2;14.171428571428573;14.0501149576299
2016-06-03;2016;6;Summer;2016;Agricultural;NO2;14.747619047619049;14.26984004466925
2016-06-04;2016;6;Summer;2016;Agricultural;NO2;16.804761904761904;16.045350784996387
2016-06-05;2016;6;Summer;2016;Agricultural;NO2;17.40952380952381;16.784671221178478
2016-06-06;2016;6;Summer;2016;Agricultural;NO2;22.057142857142857;21.335428299283976
2016-06-07;2016;6;Summer;2016;Agricultural;NO2;26.490476190476187;25.517877553701634
2016-06-08;2016;6;Summer;2016;Agricultural;NO2;25.81428571428572;24.794330946593973
2016-06-09;2016;6;Summer;2016;Agricultural;NO2;14.057142857142855;13.965304145043683
2016-06-10;2016;6;Summer;2016;Agricultural;NO2;16.29047619047619;16.340222032450896
2016-06-11;2016;6;Summer;2016;Agricultural;NO2;17.566666666666666;17.06402483084806
2016-06-12;2016;6;Summer;2016;Agricultural;NO2;17.34285714285714;16.911779872561254
2016-06-13;2016;6;Summer;2016;Agricultural;NO2;11.847619047619046;11.84327333639887
2016-06-14;2016;6;Summer;2016;Agricultural;NO2;6.785714285714286;7.185270643105826
2016-06-15;2016;6;Summer;2016;Agricultural;NO2;8.647619047619047;8.879443933521644
2016-06-16;2016;6;Summer;2016;Agricultural;NO2;11.280952380952382;11.221390330421071
2016-06-17;2016;6;Summer;2016;Agricultural;NO2;15.171428571428573;14.272904486632068
2016-06-18;2016;6;Summer;2016;Agricultural;NO2;14.266666666666667;13.785702555343889
2016-06-19;2016;6;Summer;2016;Agricultural;NO2;14.609523809523813;14.500622413453328
2016-06-20;2016;6;Summer;2016;Agricultural;NO2;17.166666666666668;16.746396899428497
2016-06-21;2016;6;Summer;2016;Agricultural;NO2;12.395238095238096;12.25997175326808
2016-06-22;2016;6;Summer;2016;Agricultural;NO2;10.804761904761904;10.630291335479209
2016-06-23;2016;6;Summer;2016;Agricultural;NO2;23.96190476190476;22.68413913157722
2016-06-24;2016;6;Summer;2016;Agricultural;NO2;21.752380952380957;21.34186921106221
2016-06-25;2016;6;Summer;2016;Agricultural;NO2;20.152380952380952;18.83151481311174
2016-06-26;2016;6;Summer;2016;Agricultural;NO2;12.785714285714286;12.214351638967353
2016-06-27;2016;6;Summer;2016;Agricultural;NO2;9.1;9.438182355646063
2016-06-28;2016;6;Summer;2016;Agricultural;NO2;12.757142857142856;12.804925113315376
2016-06-29;2016;6;Summer;2016;Agricultural;NO2;12.571428571428571;12.879734612100112
2016-06-30;2016;6;Summer;2016;Agricultural;NO2;12.733333333333333;12.661618931879394
2016-07-01;2016;7;Summer;2016;Agricultural;NO2;14.21904761904762;14.03598338041122
2016-07-02;2016;7;Summer;2016;Agricultural;NO2;11.361904761904762;11.31897129343756
2016-07-03;2016;7;Summer;2016;Agricultural;NO2;9.895238095238096;9.715327136569664
2016-07-04;2016;7;Summer;2016;Agricultural;NO2;11.276190476190475;11.093199435065362
2016-07-05;2016;7;Summer;2016;Agricultural;NO2;14.628571428571428;14.37438251330224
2016-07-06;2016;7;Summer;2016;Agricultural;NO2;13.752380952380951;13.518036852131642
2016-07-07;2016;7;Summer;2016;Agricultural;NO2;16.566666666666666;16.331966432372067
2016-07-08;2016;7;Summer;2016;Agricultural;NO2;15.952380952380953;15.82972311633712
2016-07-09;2016;7;Summer;2016;Agricultural;NO2;17.538095238095238;17.0729997372397
2016-07-10;2016;7;Summer;2016;Agricultural;NO2;15.709523809523809;15.199929383170202
2016-07-11;2016;7;Summer;2016;Agricultural;NO2;17.7;17.7202834526703
2016-07-12;2016;7;Summer;2016;Agricultural;NO2;16.33809523809524;16.051765420744925
2016-07-13;2016;7;Summer;2016;Agricultural;NO2;14.576190476190478;14.241502988898375
2016-07-14;2016;7;Summer;2016;Agricultural;NO2;12.395238095238096;12.253269723444786
2016-07-15;2016;7;Summer;2016;Agricultural;NO2;13.257142857142856;13.312806279971095
2016-07-16;2016;7;Summer;2016;Agricultural;NO2;18.057142857142857;17.745450962359588
2016-07-17;2016;7;Summer;2016;Agricultural;NO2;10.79047619047619;10.377988898377454
2016-07-18;2016;7;Summer;2016;Agricultural;NO2;21.785714285714285;21.372769821979897
2016-07-19;2016;7;Summer;2016;Agricultural;NO2;11.961904761904762;11.643081192931747
2016-07-20;2016;7;Summer;2016;Agricultural;NO2;19.30952380952381;19.04517999080339
2016-07-21;2016;7;Summer;2016;Agricultural;NO2;20.97142857142857;20.723902975760364
2016-07-22;2016;7;Summer;2016;Agricultural;NO2;12.9;12.355821782828611
2016-07-23;2016;7;Summer;2016;Agricultural;NO2;16.495238095238093;15.896096367338895
2016-07-24;2016;7;Summer;2016;Agricultural;NO2;18.73809523809524;18.404892268278264
2016-07-25;2016;7;Summer;2016;Agricultural;NO2;19.73333333333333;19.339978979176248
2016-07-26;2016;7;Summer;2016;Agricultural;NO2;18.633333333333333;18.244247191749327
2016-07-27;2016;7;Summer;2016;Agricultural;NO2;19.442857142857143;19.122899559876505
2016-07-28;2016;7;Summer;2016;Agricultural;NO2;16.061904761904763;15.81027721211325
2016-07-29;2016;7;Summer;2016;Agricultural;NO2;22.32857142857143;21.603332129015303
2016-07-30;2016;7;Summer;2016;Agricultural;NO2;24.1;23.023558102870656
2016-07-31;2016;7;Summer;2016;Agricultural;NO2;12.609523809523813;12.157477172699204
2016-08-01;2016;8;Summer;2016;Agricultural;NO2;9.742857142857142;9.752576693161664
2016-08-02;2016;8;Summer;2016;Agricultural;NO2;9.90952380952381;9.877731064836103
2016-08-03;2016;8;Summer;2016;Agricultural;NO2;18.785714285714285;18.73404223871773
2016-08-04;2016;8;Summer;2016;Agricultural;NO2;18.923809523809524;18.30539151284241
2016-08-05;2016;8;Summer;2016;Agricultural;NO2;13.52857142857143;13.958056887604284
2016-08-06;2016;8;Summer;2016;Agricultural;NO2;13.680952380952382;13.97853905274913
2016-08-07;2016;8;Summer;2016;Agricultural;NO2;12.857142857142858;12.94749063916442
2016-08-08;2016;8;Summer;2016;Agricultural;NO2;14.842857142857142;15.018626420547854
2016-08-09;2016;8;Summer;2016;Agricultural;NO2;16.566666666666666;16.2548315049596
2016-08-10;2016;8;Summer;2016;Agricultural;NO2;11.195238095238096;11.35574295473954
2016-08-11;2016;8;Summer;2016;Agricultural;NO2;10.442857142857145;10.76403139985548
2016-08-12;2016;8;Summer;2016;Agricultural;NO2;13.261904761904765;13.54799316823228
2016-08-13;2016;8;Summer;2016;Agricultural;NO2;16.11904761904762;15.27410497273862
2016-08-14;2016;8;Summer;2016;Agricultural;NO2;15.233333333333333;15.25366550614202
2016-08-15;2016;8;Summer;2016;Agricultural;NO2;14.076190476190478;14.087614136503976
2016-08-16;2016;8;Summer;2016;Agricultural;NO2;12.333333333333334;12.324566445510085
2016-08-17;2016;8;Summer;2016;Agricultural;NO2;10.238095238095235;10.397628588320304
2016-08-18;2016;8;Summer;2016;Agricultural;NO2;9.466666666666669;10.02009130920318
2016-08-19;2016;8;Summer;2016;Agricultural;NO2;10.747619047619049;10.962825986993366
2016-08-20;2016;8;Summer;2016;Agricultural;NO2;12.333333333333334;12.324566445510085
2016-08-21;2016;8;Summer;2016;Agricultural;NO2;9.057142857142855;9.262320173421797
2016-08-22;2016;8;Summer;2016;Agricultural;NO2;13.266666666666667;13.243974577941271
2016-08-23;2016;8;Summer;2016;Agricultural;NO2;15.923809523809522;15.78628391250082
2016-08-24;2016;8;Summer;2016;Agricultural;NO2;16.314285714285717;16.190619457399986
2016-08-25;2016;8;Summer;2016;Agricultural;NO2;16.866666666666667;16.338505879261643
2016-08-26;2016;8;Summer;2016;Agricultural;NO2;15.328571428571427;15.342954739538856
2016-08-27;2016;8;Summer;2016;Agricultural;NO2;18.00952380952381;17.92753235236156
2016-08-28;2016;8;Summer;2016;Agricultural;NO2;17.114285714285714;17.035206595283455
2016-08-29;2016;8;Summer;2016;Agricultural;NO2;16.876190476190477;16.594618340668724
2016-08-30;2016;8;Summer;2016;Agricultural;NO2;16.947619047619046;17.366340405964657
2016-08-31;2016;8;Summer;2016;Agricultural;NO2;18.76666666666667;18.499014648886558
2016-09-01;2016;9;Autumn;2016;Agricultural;NO2;17.676190476190477;17.459052092228866
2016-09-02;2016;9;Autumn;2016;Agricultural;NO2;21.79047619047619;21.546978256585437
2016-09-03;2016;9;Autumn;2016;Agricultural;NO2;21.585714285714285;21.340167838139656
2016-09-04;2016;9;Autumn;2016;Agricultural;NO2;17.361904761904764;17.035021020823752
2016-09-05;2016;9;Autumn;2016;Agricultural;NO2;14.885714285714286;14.803901990409248
2016-09-06;2016;9;Autumn;2016;Agricultural;NO2;15.604761904761904;15.231555869408131
2016-09-07;2016;9;Autumn;2016;Agricultural;NO2;18.995238095238093;18.940057807265323
2016-09-08;2016;9;Autumn;2016;Agricultural;NO2;23.88095238095238;23.833989686658345
2016-09-09;2016;9;Autumn;2016;Agricultural;NO2;26.12857142857143;25.687343164947777
2016-09-10;2016;9;Autumn;2016;Agricultural;NO2;21.38095238095238;20.890670367207512
2016-09-11;2016;9;Autumn;2016;Agricultural;NO2;19.914285714285715;19.277405898968667
2016-09-12;2016;9;Autumn;2016;Agricultural;NO2;22.54285714285714;22.335209879787165
2016-09-13;2016;9;Autumn;2016;Agricultural;NO2;16.814285714285717;16.744751363069042
2016-09-14;2016;9;Autumn;2016;Agricultural;NO2;25.823809523809523;25.93175786638639
2016-09-15;2016;9;Autumn;2016;Agricultural;NO2;30.62857142857143;29.38283025684819
2016-09-16;2016;9;Autumn;2016;Agricultural;NO2;19.561904761904763;20.32886421861657
2016-09-17;2016;9;Autumn;2016;Agricultural;NO2;13.319047619047618;13.464484661367669
2016-09-18;2016;9;Autumn;2016;Agricultural;NO2;15.195238095238096;15.275702883794258
2016-09-19;2016;9;Autumn;2016;Agricultural;NO2;22.5;22.306040202325427
2016-09-20;2016;9;Autumn;2016;Agricultural;NO2;22.88095238095238;23.16503153123563
2016-09-21;2016;9;Autumn;2016;Agricultural;NO2;13.647619047619049;13.87179268212573
2016-09-22;2016;9;Autumn;2016;Agricultural;NO2;20.59047619047619;20.178300926230047
2016-09-23;2016;9;Autumn;2016;Agricultural;NO2;23.26666666666667;22.910541614662023
2016-09-24;2016;9;Autumn;2016;Agricultural;NO2;20.423809523809524;20.546845234185117
2016-09-25;2016;9;Autumn;2016;Agricultural;NO2;25.29523809523809;25.44213525586284
2016-09-26;2016;9;Autumn;2016;Agricultural;NO2;26.23333333333333;25.58693752873941
2016-09-27;2016;9;Autumn;2016;Agricultural;NO2;24.142857142857142;24.299860408592263
2016-09-28;2016;9;Autumn;2016;Agricultural;NO2;28.038095238095234;27.857416409380544
2016-09-29;2016;9;Autumn;2016;Agricultural;NO2;26.14761904761905;25.47367634500427
2016-09-30;2016;9;Autumn;2016;Agricultural;NO2;22.571428571428573;22.51645207909085
2016-10-01;2016;10;Autumn;2016;Agricultural;NO2;20.204761904761902;20.269909019247194
2016-10-02;2016;10;Autumn;2016;Agricultural;NO2;16.014285714285716;15.682317874269197
2016-10-03;2016;10;Autumn;2016;Agricultural;NO2;20.07619047619048;19.952783616895484
2016-10-04;2016;10;Autumn;2016;Agricultural;NO2;18.704761904761902;18.669184786178807
2016-10-05;2016;10;Autumn;2016;Agricultural;NO2;20.79523809523809;20.303207317874268
2016-10-06;2016;10;Autumn;2016;Agricultural;NO2;13.504761904761908;14.028557117519544
2016-10-07;2016;10;Autumn;2016;Agricultural;NO2;24.704761904761902;24.48800663469749
2016-10-08;2016;10;Autumn;2016;Agricultural;NO2;22.728571428571428;22.55323852065953
2016-10-09;2016;10;Autumn;2016;Agricultural;NO2;15.033333333333331;14.424178874072128
2016-10-10;2016;10;Autumn;2016;Agricultural;NO2;22.16190476190476;22.15381987781646
2016-10-11;2016;10;Autumn;2016;Agricultural;NO2;22.99047619047619;22.98506864612757
2016-10-12;2016;10;Autumn;2016;Agricultural;NO2;31.719047619047625;31.4738569927084
2016-10-13;2016;10;Autumn;2016;Agricultural;NO2;41.65238095238095;41.12014714576628
2016-10-14;2016;10;Autumn;2016;Agricultural;NO2;26.514285714285712;26.046523352821392
2016-10-15;2016;10;Autumn;2016;Agricultural;NO2;18.70952380952381;18.826417263351505
2016-10-16;2016;10;Autumn;2016;Agricultural;NO2;15.752380952380951;15.926307232477171
2016-10-17;2016;10;Autumn;2016;Agricultural;NO2;30.96190476190477;31.342519542797085
2016-10-18;2016;10;Autumn;2016;Agricultural;NO2;27.59047619047619;27.715740984037318
2016-10-19;2016;10;Autumn;2016;Agricultural;NO2;28.83809523809524;29.091962819417983
2016-10-20;2016;10;Autumn;2016;Agricultural;NO2;17.761904761904763;18.08245582342508
2016-10-21;2016;10;Autumn;2016;Agricultural;NO2;23.89047619047619;24.374586152532352
2016-10-22;2016;10;Autumn;2016;Agricultural;NO2;25.89523809523809;25.759715561978588
2016-10-23;2016;10;Autumn;2016;Agricultural;NO2;22.666666666666668;22.98063456611706
2016-10-24;2016;10;Autumn;2016;Agricultural;NO2;24.52380952380953;25.28045227616107
2016-10-25;2016;10;Autumn;2016;Agricultural;NO2;37.16190476190476;37.17856697103068
2016-10-26;2016;10;Autumn;2016;Agricultural;NO2;34.31904761904762;34.01542895618472
2016-10-27;2016;10;Autumn;2016;Agricultural;NO2;27.17619047619048;26.559812454838077
2016-10-28;2016;10;Autumn;2016;Agricultural;NO2;21.714285714285715;22.035448006306247
2016-10-29;2016;10;Autumn;2016;Agricultural;NO2;27.857142857142858;27.412106680680548
2016-10-30;2016;10;Autumn;2016;Agricultural;NO2;22.504761904761907;22.581311173881627
2016-10-31;2016;10;Autumn;2016;Agricultural;NO2;17.01904761904762;17.508506864612755
2016-11-01;2016;11;Autumn;2016;Agricultural;NO2;24.65714285714285;23.908804112198645
2016-11-02;2016;11;Autumn;2016;Agricultural;NO2;17.82857142857143;18.979995730145173
2016-11-03;2016;11;Autumn;2016;Agricultural;NO2;20.085714285714285;20.713624121395256
2016-11-04;2016;11;Autumn;2016;Agricultural;NO2;16.89047619047619;18.763569927084017
2016-11-05;2016;11;Autumn;2016;Agricultural;NO2;25.280952380952375;26.382349077054457
2016-11-06;2016;11;Autumn;2016;Agricultural;NO2;31.419047619047618;31.01529757603626
2016-11-07;2016;11;Autumn;2016;Agricultural;NO2;30.44761904761905;30.25576594626552
2016-11-08;2016;11;Autumn;2016;Agricultural;NO2;24.847619047619045;25.209383827103725
2016-11-09;2016;11;Autumn;2016;Agricultural;NO2;33.285714285714285;33.5290892071208
2016-11-10;2016;11;Autumn;2016;Agricultural;NO2;38.40952380952381;39.03196643237207
2016-11-11;2016;11;Autumn;2016;Agricultural;NO2;43.58571428571428;42.41118537738947
2016-11-12;2016;11;Autumn;2016;Agricultural;NO2;50.661904761904765;50.4892202588189
2016-11-13;2016;11;Autumn;2016;Agricultural;NO2;48.76190476190476;47.77304243578796
2016-11-14;2016;11;Autumn;2016;Agricultural;NO2;37.095238095238095;37.67393417854562
2016-11-15;2016;11;Autumn;2016;Agricultural;NO2;45.81904761904762;46.00272449582868
2016-11-16;2016;11;Autumn;2016;Agricultural;NO2;55.0904761904762;53.77512481114103
2016-11-17;2016;11;Autumn;2016;Agricultural;NO2;57.2047619047619;56.49765814885372
2016-11-18;2016;11;Autumn;2016;Agricultural;NO2;41.96666666666666;42.90034979964528
2016-11-19;2016;11;Autumn;2016;Agricultural;NO2;49.74761904761905;49.78448071996321
2016-11-20;2016;11;Autumn;2016;Agricultural;NO2;45.00476190476191;45.48364152926493
2016-11-21;2016;11;Autumn;2016;Agricultural;NO2;47.08095238095238;47.495606976285885
2016-11-22;2016;11;Autumn;2016;Agricultural;NO2;47.45238095238095;48.7081192931748
2016-11-23;2016;11;Autumn;2016;Agricultural;NO2;34.43333333333334;34.16531892531039
2016-11-24;2016;11;Autumn;2016;Agricultural;NO2;28.17619047619048;28.462463049333248
2016-11-25;2016;11;Autumn;2016;Agricultural;NO2;27.014285714285712;26.9811748669776
2016-11-26;2016;11;Autumn;2016;Agricultural;NO2;31.933333333333334;31.54658904289562
2016-11-27;2016;11;Autumn;2016;Agricultural;NO2;27.185714285714283;27.58001051041188
2016-11-28;2016;11;Autumn;2016;Agricultural;NO2;21.73809523809524;22.36562602640741
2016-11-29;2016;11;Autumn;2016;Agricultural;NO2;21.476190476190474;22.309444590422387
2016-11-30;2016;11;Autumn;2016;Agricultural;NO2;40.65714285714286;40.44550022991526
2016-12-01;2016;12;Winter;2017;Agricultural;NO2;50.89047619047619;50.437362871970045
2016-12-02;2016;12;Winter;2017;Agricultural;NO2;45.67142857142857;45.55103461866912
2016-12-03;2016;12;Winter;2017;Agricultural;NO2;36.91428571428572;37.81653254943178
2016-12-04;2016;12;Winter;2017;Agricultural;NO2;30.780952380952375;31.773620508441176
2016-12-05;2016;12;Winter;2017;Agricultural;NO2;29.547619047619047;29.80830979439007
2016-12-06;2016;12;Winter;2017;Agricultural;NO2;41.7952380952381;42.25302667017014
2016-12-07;2016;12;Winter;2017;Agricultural;NO2;39.42380952380952;40.58476975628983
2016-12-08;2016;12;Winter;2017;Agricultural;NO2;44.48095238095238;44.60033830388229
2016-12-09;2016;12;Winter;2017;Agricultural;NO2;45.15238095238095;45.310502200617485
2016-12-10;2016;12;Winter;2017;Agricultural;NO2;42.41428571428572;42.83078401103593
2016-12-11;2016;12;Winter;2017;Agricultural;NO2;39.3;40.273728897063656
2016-12-12;2016;12;Winter;2017;Agricultural;NO2;37.56666666666666;37.86760986664915
2016-12-13;2016;12;Winter;2017;Agricultural;NO2;40.76190476190476;41.20413190566905
2016-12-14;2016;12;Winter;2017;Agricultural;NO2;32.11904761904762;31.982567496551276
2016-12-15;2016;12;Winter;2017;Agricultural;NO2;54.07619047619047;54.17891020166853
2016-12-16;2016;12;Winter;2017;Agricultural;NO2;38.95238095238095;39.82661926032976
2016-12-17;2016;12;Winter;2017;Agricultural;NO2;46.21904761904762;46.37346777901859
2016-12-18;2016;12;Winter;2017;Agricultural;NO2;40.457142857142856;40.69685344544439
2016-12-19;2016;12;Winter;2017;Agricultural;NO2;37.33809523809524;37.79062109965184
2016-12-20;2016;12;Winter;2017;Agricultural;NO2;44.27619047619047;45.153509492215726
2016-12-21;2016;12;Winter;2017;Agricultural;NO2;38.76190476190476;39.152249885042366
2016-12-22;2016;12;Winter;2017;Agricultural;NO2;38.06190476190476;37.924101688234906
2016-12-23;2016;12;Winter;2017;Agricultural;NO2;50.98095238095237;50.35110523549891
2016-12-24;2016;12;Winter;2017;Agricultural;NO2;46.32380952380952;46.13874236352887
2016-12-25;2016;12;Winter;2017;Agricultural;NO2;45.88095238095238;46.33315213821192
2016-12-26;2016;12;Winter;2017;Agricultural;NO2;47.02857142857143;46.90368028640872
2016-12-27;2016;12;Winter;2017;Agricultural;NO2;40.95238095238095;40.43553011889903
2016-12-28;2016;12;Winter;2017;Agricultural;NO2;47.1;46.8356647835512
2016-12-29;2016;12;Winter;2017;Agricultural;NO2;31.17142857142857;31.23643828417526
2016-12-30;2016;12;Winter;2017;Agricultural;NO2;36.57619047619048;36.60912106680681
2016-12-31;2016;12;Winter;2017;Agricultural;NO2;39.03809523809524;38.9462408855022
2017-01-01;2017;1;Winter;2017;Agricultural;NO2;34.042857142857144;34.65498332287573
2017-01-02;2017;1;Winter;2017;Agricultural;NO2;39.6;40.0050757900994
2017-01-03;2017;1;Winter;2017;Agricultural;NO2;41.35238095238096;42.22902975463162
2017-01-04;2017;1;Winter;2017;Agricultural;NO2;40.195238095238096;40.14208579637396
2017-01-05;2017;1;Winter;2017;Agricultural;NO2;22.257142857142856;22.146626597536407
2017-01-06;2017;1;Winter;2017;Agricultural;NO2;34.2952380952381;34.66073445394802
2017-01-07;2017;1;Winter;2017;Agricultural;NO2;38.957142857142856;39.75577424787821
2017-01-08;2017;1;Winter;2017;Agricultural;NO2;38.99523809523809;39.03410059112976
2017-01-09;2017;1;Winter;2017;Agricultural;NO2;45.36666666666667;45.37368316766289
2017-01-10;2017;1;Winter;2017;Agricultural;NO2;44.05714285714286;43.85967273207622
2017-01-11;2017;1;Winter;2017;Agricultural;NO2;26.73809523809524;26.817175786797
2017-01-12;2017;1;Winter;2017;Agricultural;NO2;39.74761904761905;40.16012350979162
2017-01-13;2017;1;Winter;2017;Agricultural;NO2;33.00952380952381;33.01488887421155
2017-01-14;2017;1;Winter;2017;Agricultural;NO2;30.223809523809525;30.87200224563258
2017-01-15;2017;1;Winter;2017;Agricultural;NO2;38.57619047619048;38.49531884680162
2017-01-16;2017;1;Winter;2017;Agricultural;NO2;41.457142857142856;41.86653842343383
2017-01-17;2017;1;Winter;2017;Agricultural;NO2;49.28095238095239;50.41146758693571
2017-01-18;2017;1;Winter;2017;Agricultural;NO2;48.77619047619047;50.06441497969024
2017-01-19;2017;1;Winter;2017;Agricultural;NO2;50.08571428571428;51.3196988210429
2017-01-20;2017;1;Winter;2017;Agricultural;NO2;51.13809523809524;52.47845513688452
2017-01-21;2017;1;Winter;2017;Agricultural;NO2;45.87619047619047;47.63130841121495
2017-01-22;2017;1;Winter;2017;Agricultural;NO2;42.390476190476186;43.317487863676895
2017-01-23;2017;1;Winter;2017;Agricultural;NO2;48.53333333333334;49.81857600475546
2017-01-24;2017;1;Winter;2017;Agricultural;NO2;60.25714285714286;61.80581057428751
2017-01-25;2017;1;Winter;2017;Agricultural;NO2;49.43809523809525;49.96131072289554
2017-01-26;2017;1;Winter;2017;Agricultural;NO2;43.42857142857143;43.667831313364815
2017-01-27;2017;1;Winter;2017;Agricultural;NO2;47.28095238095238;48.16225025593607
2017-01-28;2017;1;Winter;2017;Agricultural;NO2;49.05238095238095;49.34783197384498
2017-01-29;2017;1;Winter;2017;Agricultural;NO2;49.400000000000006;50.50389848419801
2017-01-30;2017;1;Winter;2017;Agricultural;NO2;48.74285714285715;49.39867243486014
2017-01-31;2017;1;Winter;2017;Agricultural;NO2;45.35238095238096;46.24389220963641
2017-02-01;2017;2;Winter;2017;Agricultural;NO2;37.87142857142857;38.63291668042667
2017-02-02;2017;2;Winter;2017;Agricultural;NO2;36.919047619047625;39.214073181202735
2017-02-03;2017;2;Winter;2017;Agricultural;NO2;39.28095238095238;40.80305637198244
2017-02-04;2017;2;Winter;2017;Agricultural;NO2;42.56190476190476;43.07889600739738
2017-02-05;2017;2;Winter;2017;Agricultural;NO2;33.44285714285714;33.883352597338266
2017-02-06;2017;2;Winter;2017;Agricultural;NO2;31.633333333333333;32.04213698358707
2017-02-07;2017;2;Winter;2017;Agricultural;NO2;31.61904761904762;32.94949143026981
2017-02-08;2017;2;Winter;2017;Agricultural;NO2;27.80952380952381;28.286623625375647
2017-02-09;2017;2;Winter;2017;Agricultural;NO2;23.65714285714286;24.9228327994452
2017-02-10;2017;2;Winter;2017;Agricultural;NO2;33.36190476190476;33.750125491232126
2017-02-11;2017;2;Winter;2017;Agricultural;NO2;31.842857142857145;33.76647237541693
2017-02-12;2017;2;Winter;2017;Agricultural;NO2;26.33809523809524;27.45608302235725
2017-02-13;2017;2;Winter;2017;Agricultural;NO2;29.571428571428573;30.237409596776857
2017-02-14;2017;2;Winter;2017;Agricultural;NO2;32.88095238095238;33.613647171493675
2017-02-15;2017;2;Winter;2017;Agricultural;NO2;34.766666666666666;34.943799742412736
2017-02-16;2017;2;Winter;2017;Agricultural;NO2;43.2952380952381;43.18977906938344
2017-02-17;2017;2;Winter;2017;Agricultural;NO2;33.77619047619047;34.52803408077673
2017-02-18;2017;2;Winter;2017;Agricultural;NO2;19.128571428571423;19.705851854298075
2017-02-19;2017;2;Winter;2017;Agricultural;NO2;19.11904761904762;19.90232489019517
2017-02-20;2017;2;Winter;2017;Agricultural;NO2;20.695238095238096;21.31451074931475
2017-02-21;2017;2;Winter;2017;Agricultural;NO2;30.847619047619045;31.35035996169215
2017-02-22;2017;2;Winter;2017;Agricultural;NO2;28.05714285714286;29.26245500478848
2017-02-23;2017;2;Winter;2017;Agricultural;NO2;25.552380952380958;27.520423698028463
2017-02-24;2017;2;Winter;2017;Agricultural;NO2;21.8;23.31684224431161
2017-02-25;2017;2;Winter;2017;Agricultural;NO2;20.933333333333334;21.872494303358543
2017-02-26;2017;2;Winter;2017;Agricultural;NO2;26.95714285714286;28.83855883227106
2017-02-27;2017;2;Winter;2017;Agricultural;NO2;24.976190476190474;25.363721475512698
2017-02-28;2017;2;Winter;2017;Agricultural;NO2;24.614285714285717;25.40014695683762
2017-03-01;2017;3;Spring;2017;Agricultural;NO2;22.976190476190474;23.33270862917341
2017-03-02;2017;3;Spring;2017;Agricultural;NO2;28.83809523809524;29.584269013572868
2017-03-03;2017;3;Spring;2017;Agricultural;NO2;30.966666666666665;31.36290082890261
2017-03-04;2017;3;Spring;2017;Agricultural;NO2;17.11904761904762;16.42672633004194
2017-03-05;2017;3;Spring;2017;Agricultural;NO2;16.314285714285717;16.311921667051948
2017-03-06;2017;3;Spring;2017;Agricultural;NO2;24.361904761904764;24.830228526138505
2017-03-07;2017;3;Spring;2017;Agricultural;NO2;21.804761904761907;22.192549783692744
2017-03-08;2017;3;Spring;2017;Agricultural;NO2;31.6;32.13400812390608
2017-03-09;2017;3;Spring;2017;Agricultural;NO2;45.97142857142857;46.67800766156997
2017-03-10;2017;3;Spring;2017;Agricultural;NO2;37.19047619047619;37.50981968891384
2017-03-11;2017;3;Spring;2017;Agricultural;NO2;23.06666666666667;23.054491265149764
2017-03-12;2017;3;Spring;2017;Agricultural;NO2;24.79047619047619;24.187133846306264
2017-03-13;2017;3;Spring;2017;Agricultural;NO2;25.16190476190476;25.16440177008685
2017-03-14;2017;3;Spring;2017;Agricultural;NO2;36.614285714285714;37.20031372808031
2017-03-15;2017;3;Spring;2017;Agricultural;NO2;39.05714285714286;38.81939500016512
2017-03-16;2017;3;Spring;2017;Agricultural;NO2;38.04761904761905;37.57649351078234
2017-03-17;2017;3;Spring;2017;Agricultural;NO2;38.11904761904762;37.45655031207688
2017-03-18;2017;3;Spring;2017;Agricultural;NO2;25.35238095238095;25.399271820613585
2017-03-19;2017;3;Spring;2017;Agricultural;NO2;25.48095238095238;25.644125028896006
2017-03-20;2017;3;Spring;2017;Agricultural;NO2;27.93809523809524;28.14248538687626
2017-03-21;2017;3;Spring;2017;Agricultural;NO2;28.70952380952381;28.408005019649288
2017-03-22;2017;3;Spring;2017;Agricultural;NO2;18.26666666666667;18.48905749479872
2017-03-23;2017;3;Spring;2017;Agricultural;NO2;20.84285714285714;20.75706878900961
2017-03-24;2017;3;Spring;2017;Agricultural;NO2;25.009523809523813;24.97419503979393
2017-03-25;2017;3;Spring;2017;Agricultural;NO2;24.61904761904762;24.780552161421355
2017-03-26;2017;3;Spring;2017;Agricultural;NO2;13.623809523809523;13.63891218916152
2017-03-27;2017;3;Spring;2017;Agricultural;NO2;20.46190476190476;20.258576334995546
2017-03-28;2017;3;Spring;2017;Agricultural;NO2;29.552380952380958;29.602265446979956
2017-03-29;2017;3;Spring;2017;Agricultural;NO2;29.96190476190477;29.9129800865229
2017-03-30;2017;3;Spring;2017;Agricultural;NO2;31.728571428571428;31.91530827911892
2017-03-31;2017;3;Spring;2017;Agricultural;NO2;31.02857142857143;30.33742280638024
2017-04-01;2017;4;Spring;2017;Agricultural;NO2;17.08095238095238;17.111262838083288
2017-04-02;2017;4;Spring;2017;Agricultural;NO2;14.533333333333331;14.767763614147484
2017-04-03;2017;4;Spring;2017;Agricultural;NO2;19.45714285714286;19.560962319606357
2017-04-04;2017;4;Spring;2017;Agricultural;NO2;25.56190476190476;25.551104653082792
2017-04-05;2017;4;Spring;2017;Agricultural;NO2;14.09047619047619;14.096681087150358
2017-04-06;2017;4;Spring;2017;Agricultural;NO2;19.666666666666668;19.85334698325683
2017-04-07;2017;4;Spring;2017;Agricultural;NO2;17.29047619047619;17.444965489911166
2017-04-08;2017;4;Spring;2017;Agricultural;NO2;23.79523809523809;23.78121264159044
2017-04-09;2017;4;Spring;2017;Agricultural;NO2;20.557142857142857;19.8526320134738
2017-04-10;2017;4;Spring;2017;Agricultural;NO2;20.347619047619048;20.66351672666028
2017-04-11;2017;4;Spring;2017;Agricultural;NO2;18.4;18.68303391565668
2017-04-12;2017;4;Spring;2017;Agricultural;NO2;14.842857142857142;15.319953105907995
2017-04-13;2017;4;Spring;2017;Agricultural;NO2;21.3;21.012788547273868
2017-04-14;2017;4;Spring;2017;Agricultural;NO2;14.442857142857145;14.45500148608038
2017-04-15;2017;4;Spring;2017;Agricultural;NO2;12.609523809523813;12.780822958290676
2017-04-16;2017;4;Spring;2017;Agricultural;NO2;16.20952380952381;16.130796539083914
2017-04-17;2017;4;Spring;2017;Agricultural;NO2;10.842857142857142;10.96818797265612
2017-04-18;2017;4;Spring;2017;Agricultural;NO2;15.71904761904762;15.985591625111455
2017-04-19;2017;4;Spring;2017;Agricultural;NO2;16.985714285714284;17.343908721640634
2017-04-20;2017;4;Spring;2017;Agricultural;NO2;16.152380952380952;16.445355173210924
2017-04-21;2017;4;Spring;2017;Agricultural;NO2;14.180952380952382;14.649587199894324
2017-04-22;2017;4;Spring;2017;Agricultural;NO2;19.67142857142857;19.34566394768997
2017-04-23;2017;4;Spring;2017;Agricultural;NO2;12.109523809523813;12.1447425778541
2017-04-24;2017;4;Spring;2017;Agricultural;NO2;9.41904761904762;9.935309269839172
2017-04-25;2017;4;Spring;2017;Agricultural;NO2;12.847619047619048;12.956931739374523
2017-04-26;2017;4;Spring;2017;Agricultural;NO2;13.923809523809522;14.170177669165485
2017-04-27;2017;4;Spring;2017;Agricultural;NO2;13.833333333333334;14.24077309203791
2017-04-28;2017;4;Spring;2017;Agricultural;NO2;16.333333333333332;16.48468016247812
2017-04-29;2017;4;Spring;2017;Agricultural;NO2;18.704761904761902;18.856509032066317
2017-04-30;2017;4;Spring;2017;Agricultural;NO2;20.133333333333333;19.86127604768667
2017-05-01;2017;5;Spring;2017;Agricultural;NO2;14.957142857142856;14.89321851986394
2017-05-02;2017;5;Spring;2017;Agricultural;NO2;14.352380952380951;14.531792212938807
2017-05-03;2017;5;Spring;2017;Agricultural;NO2;15.323809523809524;15.76258875202272
2017-05-04;2017;5;Spring;2017;Agricultural;NO2;12.17142857142857;12.671064363792476
2017-05-05;2017;5;Spring;2017;Agricultural;NO2;15.109523809523813;15.691451735411643
2017-05-06;2017;5;Spring;2017;Agricultural;NO2;17.614285714285714;17.63643538852746
2017-05-07;2017;5;Spring;2017;Agricultural;NO2;13.71904761904762;13.959666127274527
2017-05-08;2017;5;Spring;2017;Agricultural;NO2;14.576190476190478;15.285031868168158
2017-05-09;2017;5;Spring;2017;Agricultural;NO2;16.876190476190477;16.709253327168852
2017-05-10;2017;5;Spring;2017;Agricultural;NO2;12.442857142857145;12.67435850863578
2017-05-11;2017;5;Spring;2017;Agricultural;NO2;13.438095238095238;13.664081437204848
2017-05-12;2017;5;Spring;2017;Agricultural;NO2;12.47142857142857;13.177504045441037
2017-05-13;2017;5;Spring;2017;Agricultural;NO2;12.88095238095238;13.056826062547472
2017-05-14;2017;5;Spring;2017;Agricultural;NO2;13.428571428571429;13.512440143984676
2017-05-15;2017;5;Spring;2017;Agricultural;NO2;13.295238095238094;13.619875499488128
2017-05-16;2017;5;Spring;2017;Agricultural;NO2;17.585714285714285;17.97085961494006
2017-05-17;2017;5;Spring;2017;Agricultural;NO2;20.128571428571423;20.260528053895182
2017-05-18;2017;5;Spring;2017;Agricultural;NO2;16.914285714285715;17.0024503814273
2017-05-19;2017;5;Spring;2017;Agricultural;NO2;16.461904761904762;16.82648855718107
2017-05-20;2017;5;Spring;2017;Agricultural;NO2;18.257142857142856;18.609210395957863
2017-05-21;2017;5;Spring;2017;Agricultural;NO2;18.46190476190476;18.669259601730456
2017-05-22;2017;5;Spring;2017;Agricultural;NO2;25.285714285714285;25.17966546679436
2017-05-23;2017;5;Spring;2017;Agricultural;NO2;20.41904761904762;20.91590766487236
2017-05-24;2017;5;Spring;2017;Agricultural;NO2;21.46190476190476;21.776301971533304
2017-05-25;2017;5;Spring;2017;Agricultural;NO2;15.08095238095238;15.087488854397147
2017-05-26;2017;5;Spring;2017;Agricultural;NO2;14.88095238095238;15.365172880684256
2017-05-27;2017;5;Spring;2017;Agricultural;NO2;19.071428571428573;18.916155344935767
2017-05-28;2017;5;Spring;2017;Agricultural;NO2;21.52380952380953;21.205138535715463
2017-05-29;2017;5;Spring;2017;Agricultural;NO2;19.08095238095238;19.352907763944387
2017-05-30;2017;5;Spring;2017;Agricultural;NO2;19.4;19.61507711105974
2017-05-31;2017;5;Spring;2017;Agricultural;NO2;19.70952380952381;19.668422443116143
2017-06-01;2017;6;Summer;2017;Agricultural;NO2;22.32857142857143;21.959763548099467
2017-06-02;2017;6;Summer;2017;Agricultural;NO2;22.33333333333333;22.26240711997622
2017-06-03;2017;6;Summer;2017;Agricultural;NO2;22.84285714285714;22.650330240084543
2017-06-04;2017;6;Summer;2017;Agricultural;NO2;16.99047619047619;16.83903272679238
2017-06-05;2017;6;Summer;2017;Agricultural;NO2;18.76666666666667;18.769893662692777
2017-06-06;2017;6;Summer;2017;Agricultural;NO2;24.13809523809524;24.30318846801625
2017-06-07;2017;6;Summer;2017;Agricultural;NO2;24.933333333333334;25.117373930847723
2017-06-08;2017;6;Summer;2017;Agricultural;NO2;19.304761904761904;19.231488392061028
2017-06-09;2017;6;Summer;2017;Agricultural;NO2;34.98571428571429;34.45753112512797
2017-06-10;2017;6;Summer;2017;Agricultural;NO2;33.352380952380955;32.604157722664375
2017-06-11;2017;6;Summer;2017;Agricultural;NO2;23.047619047619047;22.266604471450748
2017-06-12;2017;6;Summer;2017;Agricultural;NO2;26.75238095238095;25.795054654733992
2017-06-13;2017;6;Summer;2017;Agricultural;NO2;26.347619047619045;25.67550444172913
2017-06-14;2017;6;Summer;2017;Agricultural;NO2;24.995238095238093;24.267799940556785
2017-06-15;2017;6;Summer;2017;Agricultural;NO2;16.547619047619047;16.372808031438858
2017-06-16;2017;6;Summer;2017;Agricultural;NO2;28.157142857142865;27.642648855718107
2017-06-17;2017;6;Summer;2017;Agricultural;NO2;18.94761904761905;18.50021300485453
2017-06-18;2017;6;Summer;2017;Agricultural;NO2;15.495238095238092;15.19317558865295
2017-06-19;2017;6;Summer;2017;Agricultural;NO2;25.13809523809524;24.618787358409563
2017-06-20;2017;6;Summer;2017;Agricultural;NO2;31.723809523809525;30.638363990621183
2017-06-21;2017;6;Summer;2017;Agricultural;NO2;26.82857142857143;26.32469535352201
2017-06-22;2017;6;Summer;2017;Agricultural;NO2;25.24761904761905;24.4660265513028
2017-06-23;2017;6;Summer;2017;Agricultural;NO2;19.13809523809524;18.37694428849774
2017-06-24;2017;6;Summer;2017;Agricultural;NO2;20.27142857142857;19.394772299461707
2017-06-25;2017;6;Summer;2017;Agricultural;NO2;16.914285714285715;16.45406195303986
2017-06-26;2017;6;Summer;2017;Agricultural;NO2;15.890476190476187;16.172081503252866
2017-06-27;2017;6;Summer;2017;Agricultural;NO2;20.1;20.453200026419207
2017-06-28;2017;6;Summer;2017;Agricultural;NO2;14.561904761904762;14.811616194973746
2017-06-29;2017;6;Summer;2017;Agricultural;NO2;11.67142857142857;11.817776823750869
2017-06-30;2017;6;Summer;2017;Agricultural;NO2;14.476190476190476;14.73020210693174
2017-07-01;2017;7;Summer;2017;Agricultural;NO2;15.295238095238094;15.40891648228262
2017-07-02;2017;7;Summer;2017;Agricultural;NO2;15.885714285714286;16.042946071794194
2017-07-03;2017;7;Summer;2017;Agricultural;NO2;24.780952380952375;24.49837521878406
2017-07-04;2017;7;Summer;2017;Agricultural;NO2;14.609523809523813;14.594042468874871
2017-07-05;2017;7;Summer;2017;Agricultural;NO2;22.37619047619048;22.28828308180047
2017-07-06;2017;7;Summer;2017;Agricultural;NO2;25.81428571428572;25.552610547868294
2017-07-07;2017;7;Summer;2017;Agricultural;NO2;27.357142857142858;27.10047059212047
2017-07-08;2017;7;Summer;2017;Agricultural;NO2;24.580952380952382;23.874175225388857
2017-07-09;2017;7;Summer;2017;Agricultural;NO2;21.952380952380956;21.42859879132129
2017-07-10;2017;7;Summer;2017;Agricultural;NO2;22.77142857142857;22.70145966117368
2017-07-11;2017;7;Summer;2017;Agricultural;NO2;19.219047619047625;19.14115617053598
2017-07-12;2017;7;Summer;2017;Agricultural;NO2;19.895238095238096;19.88648987814141
2017-07-13;2017;7;Summer;2017;Agricultural;NO2;17.776190476190475;17.697354776922822
2017-07-14;2017;7;Summer;2017;Agricultural;NO2;12.604761904761904;12.79746375615072
2017-07-15;2017;7;Summer;2017;Agricultural;NO2;18.404761904761905;18.061376770912457
2017-07-16;2017;7;Summer;2017;Agricultural;NO2;11.304761904761904;11.37199398963046
2017-07-17;2017;7;Summer;2017;Agricultural;NO2;19.976190476190474;19.561388329315413
2017-07-18;2017;7;Summer;2017;Agricultural;NO2;27.214285714285715;26.408492123773986
2017-07-19;2017;7;Summer;2017;Agricultural;NO2;27.933333333333334;27.33929031405832
2017-07-20;2017;7;Summer;2017;Agricultural;NO2;23.45714285714286;23.10405534823817
2017-07-21;2017;7;Summer;2017;Agricultural;NO2;22.904761904761905;22.43858690267825
2017-07-22;2017;7;Summer;2017;Agricultural;NO2;14.561904761904762;14.365630263201348
2017-07-23;2017;7;Summer;2017;Agricultural;NO2;15.371428571428572;14.92120636702883
2017-07-24;2017;7;Summer;2017;Agricultural;NO2;15.257142857142856;15.282086126614049
2017-07-25;2017;7;Summer;2017;Agricultural;NO2;17.261904761904763;17.162976784122055
2017-07-26;2017;7;Summer;2017;Agricultural;NO2;18.014285714285716;17.953825831379415
2017-07-27;2017;7;Summer;2017;Agricultural;NO2;23.83333333333333;23.50227700538291
2017-07-28;2017;7;Summer;2017;Agricultural;NO2;26.452380952380956;25.73333773653446
2017-07-29;2017;7;Summer;2017;Agricultural;NO2;17.814285714285717;17.242122122783265
2017-07-30;2017;7;Summer;2017;Agricultural;NO2;7.519047619047619;7.634062613520029
2017-07-31;2017;7;Summer;2017;Agricultural;NO2;11.82857142857143;11.830737095868695
2017-08-01;2017;8;Summer;2017;Agricultural;NO2;19.17619047619048;18.78134969122552
2017-08-02;2017;8;Summer;2017;Agricultural;NO2;24.428571428571427;23.803056371982432
2017-08-03;2017;8;Summer;2017;Agricultural;NO2;23.04285714285714;22.682414715498165
2017-08-04;2017;8;Summer;2017;Agricultural;NO2;24.88095238095238;23.86235097916185
2017-08-05;2017;8;Summer;2017;Agricultural;NO2;20.63809523809524;19.866105808923088
2017-08-06;2017;8;Summer;2017;Agricultural;NO2;19.17619047619048;18.115939037680395
2017-08-07;2017;8;Summer;2017;Agricultural;NO2;10.1;10.173385951586804
2017-08-08;2017;8;Summer;2017;Agricultural;NO2;10.928571428571429;11.073755820481493
2017-08-09;2017;8;Summer;2017;Agricultural;NO2;14.166666666666666;14.135048380172384
2017-08-10;2017;8;Summer;2017;Agricultural;NO2;13.376190476190477;13.406239886397412
2017-08-11;2017;8;Summer;2017;Agricultural;NO2;13.423809523809522;13.4415210858294
2017-08-12;2017;8;Summer;2017;Agricultural;NO2;14.209523809523809;14.362321257554242
2017-08-13;2017;8;Summer;2017;Agricultural;NO2;20.895238095238096;20.7346785112777
2017-08-14;2017;8;Summer;2017;Agricultural;NO2;20.247619047619047;19.808881807073742
2017-08-15;2017;8;Summer;2017;Agricultural;NO2;20.952380952380956;20.33417819754962
2017-08-16;2017;8;Summer;2017;Agricultural;NO2;25.652380952380955;24.97300452428916
2017-08-17;2017;8;Summer;2017;Agricultural;NO2;18.228571428571428;17.849365939037682
2017-08-18;2017;8;Summer;2017;Agricultural;NO2;18.719047619047625;18.486262012483078
2017-08-19;2017;8;Summer;2017;Agricultural;NO2;13.5;13.327163898153955
2017-08-20;2017;8;Summer;2017;Agricultural;NO2;12.885714285714286;12.879231201083188
2017-08-21;2017;8;Summer;2017;Agricultural;NO2;16.004761904761907;15.89511409794921
2017-08-22;2017;8;Summer;2017;Agricultural;NO2;16.247619047619047;16.42045011723523
2017-08-23;2017;8;Summer;2017;Agricultural;NO2;19.84285714285714;19.758767874244576
2017-08-24;2017;8;Summer;2017;Agricultural;NO2;19.414285714285715;19.64316733265084
2017-08-25;2017;8;Summer;2017;Agricultural;NO2;18.03333333333333;17.795574782867146
2017-08-26;2017;8;Summer;2017;Agricultural;NO2;22.347619047619048;22.154753806016974
2017-08-27;2017;8;Summer;2017;Agricultural;NO2;19.57619047619048;19.7713714870711
2017-08-28;2017;8;Summer;2017;Agricultural;NO2;19.29523809523809;19.377613024668936
2017-08-29;2017;8;Summer;2017;Agricultural;NO2;16.98095238095238;16.629766190020142
2017-08-30;2017;8;Summer;2017;Agricultural;NO2;18.361904761904764;18.38339222614841
2017-08-31;2017;8;Summer;2017;Agricultural;NO2;16.047619047619047;16.391544202635316
2017-09-01;2017;9;Autumn;2017;Agricultural;NO2;14.604761904761904;14.836247151679272
2017-09-02;2017;9;Autumn;2017;Agricultural;NO2;16.523809523809526;17.036200918067436
2017-09-03;2017;9;Autumn;2017;Agricultural;NO2;13.376190476190477;13.65038472969849
2017-09-04;2017;9;Autumn;2017;Agricultural;NO2;21.361904761904764;21.816873617119647
2017-09-05;2017;9;Autumn;2017;Agricultural;NO2;24.842857142857145;24.871239391037285
2017-09-06;2017;9;Autumn;2017;Agricultural;NO2;26.071428571428573;25.8651398566758
2017-09-07;2017;9;Autumn;2017;Agricultural;NO2;22.476190476190474;22.39756943297777
2017-09-08;2017;9;Autumn;2017;Agricultural;NO2;14.47142857142857;15.060468610679964
2017-09-09;2017;9;Autumn;2017;Agricultural;NO2;12.91904761904762;13.09332089429015
2017-09-10;2017;9;Autumn;2017;Agricultural;NO2;12.585714285714284;12.738476272249926
2017-09-11;2017;9;Autumn;2017;Agricultural;NO2;14.738095238095235;15.574010105346586
2017-09-12;2017;9;Autumn;2017;Agricultural;NO2;14.095238095238097;14.757253723456952
2017-09-13;2017;9;Autumn;2017;Agricultural;NO2;16.023809523809526;16.318582609557147
2017-09-14;2017;9;Autumn;2017;Agricultural;NO2;23.323809523809523;23.487824048082956
2017-09-15;2017;9;Autumn;2017;Agricultural;NO2;18.37619047619048;19.04970608632476
2017-09-16;2017;9;Autumn;2017;Agricultural;NO2;14.4;14.861023414021991
2017-09-17;2017;9;Autumn;2017;Agricultural;NO2;10.847619047619048;11.037432713582774
2017-09-18;2017;9;Autumn;2017;Agricultural;NO2;15.923809523809522;16.653355239258943
2017-09-19;2017;9;Autumn;2017;Agricultural;NO2;20.395238095238096;20.17585284501833
2017-09-20;2017;9;Autumn;2017;Agricultural;NO2;19.23809523809524;18.82544169611308
2017-09-21;2017;9;Autumn;2017;Agricultural;NO2;25.55714285714286;26.04552524685446
2017-09-22;2017;9;Autumn;2017;Agricultural;NO2;25.35238095238095;25.49883590370199
2017-09-23;2017;9;Autumn;2017;Agricultural;NO2;23.18095238095238;23.24200158515241
2017-09-24;2017;9;Autumn;2017;Agricultural;NO2;17.80952380952381;17.68413031273736
2017-09-25;2017;9;Autumn;2017;Agricultural;NO2;14.961904761904762;15.29163171625772
2017-09-26;2017;9;Autumn;2017;Agricultural;NO2;22.05238095238095;21.98913345001816
2017-09-27;2017;9;Autumn;2017;Agricultural;NO2;27.02857142857143;27.34037019913477
2017-09-28;2017;9;Autumn;2017;Agricultural;NO2;26.47142857142857;26.7298718668472
2017-09-29;2017;9;Autumn;2017;Agricultural;NO2;21.757142857142856;21.90363098972953
2017-09-30;2017;9;Autumn;2017;Agricultural;NO2;19.51904761904762;19.563543145867047
2017-10-01;2017;10;Autumn;2017;Agricultural;NO2;15.061904761904762;15.33164195370034
2017-10-02;2017;10;Autumn;2017;Agricultural;NO2;19.41904761904762;19.299275123014432
2017-10-03;2017;10;Autumn;2017;Agricultural;NO2;23.752380952380957;23.96522902149863
2017-10-04;2017;10;Autumn;2017;Agricultural;NO2;24.58571428571428;24.894514712195768
2017-10-05;2017;10;Autumn;2017;Agricultural;NO2;22.33809523809524;22.634683464878965
2017-10-06;2017;10;Autumn;2017;Agricultural;NO2;17.452380952380953;17.72580330900565
2017-10-07;2017;10;Autumn;2017;Agricultural;NO2;21.66190476190476;22.06669198507315
2017-10-08;2017;10;Autumn;2017;Agricultural;NO2;24.90952380952381;24.835043426571115
2017-10-09;2017;10;Autumn;2017;Agricultural;NO2;25.347619047619045;25.332786235593275
2017-10-10;2017;10;Autumn;2017;Agricultural;NO2;30.185714285714283;30.505784155080743
2017-10-11;2017;10;Autumn;2017;Agricultural;NO2;35.438095238095244;35.23877018592517
2017-10-12;2017;10;Autumn;2017;Agricultural;NO2;34.13333333333333;33.802527987847164
2017-10-13;2017;10;Autumn;2017;Agricultural;NO2;34.95238095238095;35.071526699910834
2017-10-14;2017;10;Autumn;2017;Agricultural;NO2;30.24761904761905;29.550004953601267
2017-10-15;2017;10;Autumn;2017;Agricultural;NO2;26.30952380952381;26.444990257917507
2017-10-16;2017;10;Autumn;2017;Agricultural;NO2;27.38095238095238;27.411986063868437
2017-10-17;2017;10;Autumn;2017;Agricultural;NO2;32.29047619047619;32.63460750965952
2017-10-18;2017;10;Autumn;2017;Agricultural;NO2;30.81428571428572;30.886778838215385
2017-10-19;2017;10;Autumn;2017;Agricultural;NO2;19.37619047619048;19.90256266305604
2017-10-20;2017;10;Autumn;2017;Agricultural;NO2;17.59047619047619;18.010372841055446
2017-10-21;2017;10;Autumn;2017;Agricultural;NO2;18.5;18.93712559030415
2017-10-22;2017;10;Autumn;2017;Agricultural;NO2;18.49047619047619;18.62568607377564
2017-10-23;2017;10;Autumn;2017;Agricultural;NO2;27.32857142857143;27.14998348799577
2017-10-24;2017;10;Autumn;2017;Agricultural;NO2;30.866666666666667;30.802466893431525
2017-10-25;2017;10;Autumn;2017;Agricultural;NO2;34.59047619047619;35.43915326442323
2017-10-26;2017;10;Autumn;2017;Agricultural;NO2;49.42380952380953;49.4374277599815
2017-10-27;2017;10;Autumn;2017;Agricultural;NO2;47.08571428571428;47.579566394769
2017-10-28;2017;10;Autumn;2017;Agricultural;NO2;32.33809523809524;32.783611835804635
2017-10-29;2017;10;Autumn;2017;Agricultural;NO2;22.285714285714285;22.298224959545596
2017-10-30;2017;10;Autumn;2017;Agricultural;NO2;26.633333333333333;26.69097453848948
2017-10-31;2017;10;Autumn;2017;Agricultural;NO2;29.61904761904762;29.601193817905617
2017-11-01;2017;11;Autumn;2017;Agricultural;NO2;34.695238095238096;35.518960734453955
2017-11-02;2017;11;Autumn;2017;Agricultural;NO2;36.73809523809524;37.295472408440936
2017-11-03;2017;11;Autumn;2017;Agricultural;NO2;38.523809523809526;39.58452494963839
2017-11-04;2017;11;Autumn;2017;Agricultural;NO2;37.77142857142857;38.752021069317394
2017-11-05;2017;11;Autumn;2017;Agricultural;NO2;21.51428571428572;21.784412668009644
2017-11-06;2017;11;Autumn;2017;Agricultural;NO2;30.27142857142857;29.725742214590007
2017-11-07;2017;11;Autumn;2017;Agricultural;NO2;34.857142857142854;34.82620455070837
2017-11-08;2017;11;Autumn;2017;Agricultural;NO2;21.53809523809524;23.050186585647765
2017-11-09;2017;11;Autumn;2017;Agricultural;NO2;33.08571428571428;33.96929097453849
2017-11-10;2017;11;Autumn;2017;Agricultural;NO2;33.06190476190476;33.4482332155477
2017-11-11;2017;11;Autumn;2017;Agricultural;NO2;27.704761904761902;29.143841022423302
2017-11-12;2017;11;Autumn;2017;Agricultural;NO2;19.43809523809524;20.535066543377035
2017-11-13;2017;11;Autumn;2017;Agricultural;NO2;20.67619047619048;22.069593144215844
2017-11-14;2017;11;Autumn;2017;Agricultural;NO2;30.23809523809524;31.53312308047951
2017-11-15;2017;11;Autumn;2017;Agricultural;NO2;38.75714285714285;39.26952874739936
2017-11-16;2017;11;Autumn;2017;Agricultural;NO2;42.695238095238096;43.0403289191242
2017-11-17;2017;11;Autumn;2017;Agricultural;NO2;51.63333333333333;51.59434628975266
2017-11-18;2017;11;Autumn;2017;Agricultural;NO2;46.18571428571428;46.3688187312176
2017-11-19;2017;11;Autumn;2017;Agricultural;NO2;37.78095238095238;37.6890707044021
2017-11-20;2017;11;Autumn;2017;Agricultural;NO2;37.30952380952381;38.00757240513854
2017-11-21;2017;11;Autumn;2017;Agricultural;NO2;47.60952380952381;47.865258743106246
2017-11-22;2017;11;Autumn;2017;Agricultural;NO2;49.97619047619048;51.01249463359863
2017-11-23;2017;11;Autumn;2017;Agricultural;NO2;44.095238095238095;44.88688451504244
2017-11-24;2017;11;Autumn;2017;Agricultural;NO2;36.32857142857143;37.39483504507777
2017-11-25;2017;11;Autumn;2017;Agricultural;NO2;32.84761904761905;33.29878141408804
2017-11-26;2017;11;Autumn;2017;Agricultural;NO2;30.41428571428572;31.176893101284637
2017-11-27;2017;11;Autumn;2017;Agricultural;NO2;29.97142857142857;30.977622931871476
2017-11-28;2017;11;Autumn;2017;Agricultural;NO2;38.36190476190476;38.90499157887785
2017-11-29;2017;11;Autumn;2017;Agricultural;NO2;35.06666666666666;35.890599715993524
2017-11-30;2017;11;Autumn;2017;Agricultural;NO2;40.2952380952381;40.25522770053829
2017-12-01;2017;12;Winter;2018;Agricultural;NO2;37.51904761904762;38.11645421221228
2017-12-02;2017;12;Winter;2018;Agricultural;NO2;35.03809523809524;35.26509692546481
2017-12-03;2017;12;Winter;2018;Agricultural;NO2;35.22857142857143;35.69684620719263
2017-12-04;2017;12;Winter;2018;Agricultural;NO2;38.31904761904762;38.41502592384664
2017-12-05;2017;12;Winter;2018;Agricultural;NO2;48.05714285714286;48.75258247746111
2017-12-06;2017;12;Winter;2018;Agricultural;NO2;59.43333333333333;59.53131336481622
2017-12-07;2017;12;Winter;2018;Agricultural;NO2;50.67619047619048;51.57040058122255
2017-12-08;2017;12;Winter;2018;Agricultural;NO2;45.74285714285715;46.03529275783495
2017-12-09;2017;12;Winter;2018;Agricultural;NO2;29.257142857142856;29.67486707836597
2017-12-10;2017;12;Winter;2018;Agricultural;NO2;33.523809523809526;35.03580793236683
2017-12-11;2017;12;Winter;2018;Agricultural;NO2;38.63809523809524;40.48356229979195
2017-12-12;2017;12;Winter;2018;Agricultural;NO2;37.01428571428571;37.779011591426965
2017-12-13;2017;12;Winter;2018;Agricultural;NO2;40.09047619047619;40.36022918661868
2017-12-14;2017;12;Winter;2018;Agricultural;NO2;45.28095238095238;45.29499356031835
2017-12-15;2017;12;Winter;2018;Agricultural;NO2;40.53809523809524;40.82155807271887
2017-12-16;2017;12;Winter;2018;Agricultural;NO2;36.89523809523809;37.11903173607213
2017-12-17;2017;12;Winter;2018;Agricultural;NO2;34.26190476190476;34.84017865988574
2017-12-18;2017;12;Winter;2018;Agricultural;NO2;42.25238095238095;43.677750074304015
2017-12-19;2017;12;Winter;2018;Agricultural;NO2;46.785714285714285;47.40851689178032
2017-12-20;2017;12;Winter;2018;Agricultural;NO2;53.72857142857143;54.43462732406459
2017-12-21;2017;12;Winter;2018;Agricultural;NO2;57.58571428571428;57.9211749942208
2017-12-22;2017;12;Winter;2018;Agricultural;NO2;53.11904761904762;53.65701760179651
2017-12-23;2017;12;Winter;2018;Agricultural;NO2;61.12857142857143;61.36525874310624
2017-12-24;2017;12;Winter;2018;Agricultural;NO2;58.68571428571429;58.58221492024702
2017-12-25;2017;12;Winter;2018;Agricultural;NO2;39.44285714285714;40.00949935603184
2017-12-26;2017;12;Winter;2018;Agricultural;NO2;34.438095238095244;35.406221723192765
2017-12-27;2017;12;Winter;2018;Agricultural;NO2;28.428571428571427;29.17973316601169
2017-12-28;2017;12;Winter;2018;Agricultural;NO2;33.57142857142857;33.643624715167924
2017-12-29;2017;12;Winter;2018;Agricultural;NO2;32.00476190476191;32.271310392655465
2017-12-30;2017;12;Winter;2018;Agricultural;NO2;39.65238095238095;40.29883590370199
2017-12-31;2017;12;Winter;2018;Agricultural;NO2;37.2;38.49338529110664
2018-01-01;2018;1;Winter;2018;Agricultural;NO2;28.995238095238093;29.560364638682252
2018-01-02;2018;1;Winter;2018;Agricultural;NO2;31.609523809523807;31.36507040382572
2018-01-03;2018;1;Winter;2018;Agricultural;NO2;44.86666666666666;45.20436204835281
2018-01-04;2018;1;Winter;2018;Agricultural;NO2;44.47142857142857;45.42724495217853
2018-01-05;2018;1;Winter;2018;Agricultural;NO2;37.74285714285715;38.434843251859725
2018-01-06;2018;1;Winter;2018;Agricultural;NO2;28.990476190476187;30.38323924017003
2018-01-07;2018;1;Winter;2018;Agricultural;NO2;30.552380952380958;31.935826248671624
2018-01-08;2018;1;Winter;2018;Agricultural;NO2;23.280952380952375;23.633521519659936
2018-01-09;2018;1;Winter;2018;Agricultural;NO2;16.895238095238096;18.189818012752397
2018-01-10;2018;1;Winter;2018;Agricultural;NO2;29.452380952380956;30.246730539319877
2018-01-11;2018;1;Winter;2018;Agricultural;NO2;30.695238095238096;31.68655021253985
2018-01-12;2018;1;Winter;2018;Agricultural;NO2;35.63809523809524;36.20539485919235
2018-01-13;2018;1;Winter;2018;Agricultural;NO2;39.90952380952381;39.80635460945802
2018-01-14;2018;1;Winter;2018;Agricultural;NO2;31.214285714285715;31.653264479277365
2018-01-15;2018;1;Winter;2018;Agricultural;NO2;29.52380952380953;29.98365933846971
2018-01-16;2018;1;Winter;2018;Agricultural;NO2;31.357142857142858;31.78137785600425
2018-01-17;2018;1;Winter;2018;Agricultural;NO2;33.97142857142857;33.19945370616366
2018-01-18;2018;1;Winter;2018;Agricultural;NO2;41.15714285714286;41.46790316153029
2018-01-19;2018;1;Winter;2018;Agricultural;NO2;55.83809523809524;55.72907810839532
2018-01-20;2018;1;Winter;2018;Agricultural;NO2;51.27142857142857;51.37895523379384
2018-01-21;2018;1;Winter;2018;Agricultural;NO2;32.63809523809524;32.58392335281615
2018-01-22;2018;1;Winter;2018;Agricultural;NO2;30.728571428571428;31.99870815621679
2018-01-23;2018;1;Winter;2018;Agricultural;NO2;44.45238095238095;44.60848166843783
2018-01-24;2018;1;Winter;2018;Agricultural;NO2;43.023809523809526;43.34962473432518
2018-01-25;2018;1;Winter;2018;Agricultural;NO2;45.7;46.0958637752391
2018-01-26;2018;1;Winter;2018;Agricultural;NO2;38.43333333333334;38.85941153028693
2018-01-27;2018;1;Winter;2018;Agricultural;NO2;31.985714285714288;32.22366332359193
2018-01-28;2018;1;Winter;2018;Agricultural;NO2;31.223809523809525;30.90915581827843
2018-01-29;2018;1;Winter;2018;Agricultural;NO2;37.12380952380953;37.25163556057386
2018-01-30;2018;1;Winter;2018;Agricultural;NO2;38.9;40.17785600425079
2018-01-31;2018;1;Winter;2018;Agricultural;NO2;32.32857142857143;33.08909072794899
2018-02-01;2018;2;Winter;2018;Agricultural;NO2;38.21428571428572;38.59763217321998
2018-02-02;2018;2;Winter;2018;Agricultural;NO2;29.11904761904762;30.726549216259297
2018-02-03;2018;2;Winter;2018;Agricultural;NO2;19.085714285714285;20.40520224495218
2018-02-04;2018;2;Winter;2018;Agricultural;NO2;22.914285714285715;23.46854244155154
2018-02-05;2018;2;Winter;2018;Agricultural;NO2;23.79523809523809;24.30758501594049
2018-02-06;2018;2;Winter;2018;Agricultural;NO2;31.18095238095238;32.04999003719448
2018-02-07;2018;2;Winter;2018;Agricultural;NO2;28.02380952380953;28.49136390807651
2018-02-08;2018;2;Winter;2018;Agricultural;NO2;39.56190476190476;39.65574687832094
2018-02-09;2018;2;Winter;2018;Agricultural;NO2;43.29523809523809;41.81954370350691
2018-02-10;2018;2;Winter;2018;Agricultural;NO2;34.885714285714286;35.123711477151964
2018-02-11;2018;2;Winter;2018;Agricultural;NO2;25.342857142857145;26.29400903294368
2018-02-12;2018;2;Winter;2018;Agricultural;NO2;25.17142857142857;25.72167906482465
2018-02-13;2018;2;Winter;2018;Agricultural;NO2;24.38571428571429;25.253985122210416
2018-02-14;2018;2;Winter;2018;Agricultural;NO2;44.47142857142857;44.69922456163656
2018-02-15;2018;2;Winter;2018;Agricultural;NO2;49.13809523809524;49.22193311636556
2018-02-16;2018;2;Winter;2018;Agricultural;NO2;48.15714285714286;48.57613575982997
2018-02-17;2018;2;Winter;2018;Agricultural;NO2;37.46190476190476;37.49466159670563
2018-02-18;2018;2;Winter;2018;Agricultural;NO2;18.452380952380956;19.63177802869288
2018-02-19;2018;2;Winter;2018;Agricultural;NO2;22.114285714285717;23.650252391073327
2018-02-20;2018;2;Winter;2018;Agricultural;NO2;27.47142857142857;28.62120583156217
2018-02-21;2018;2;Winter;2018;Agricultural;NO2;24.085714285714285;24.882518597236984
2018-02-22;2018;2;Winter;2018;Agricultural;NO2;23.366666666666667;25.16028991764081
2018-02-23;2018;2;Winter;2018;Agricultural;NO2;25.342857142857145;25.44772515940489
2018-02-24;2018;2;Winter;2018;Agricultural;NO2;28.404761904761905;28.429534736981932
2018-02-25;2018;2;Winter;2018;Agricultural;NO2;8.77142857142857;8.970657877258237
2018-02-26;2018;2;Winter;2018;Agricultural;NO2;10.20952380952381;11.188667308714134
2018-02-27;2018;2;Winter;2018;Agricultural;NO2;19.23809523809524;19.585866099893728
2018-02-28;2018;2;Winter;2018;Agricultural;NO2;27.44761904761905;27.870476886291183
2018-03-01;2018;3;Spring;2018;Agricultural;NO2;25.08571428571428;24.88648047290117
2018-03-02;2018;3;Spring;2018;Agricultural;NO2;34.56666666666666;34.702774641339
2018-03-03;2018;3;Spring;2018;Agricultural;NO2;42.05714285714286;41.52691285866099
2018-03-04;2018;3;Spring;2018;Agricultural;NO2;30.38571428571429;30.07796061370882
2018-03-05;2018;3;Spring;2018;Agricultural;NO2;37.85714285714285;38.0170795696068
2018-03-06;2018;3;Spring;2018;Agricultural;NO2;48.29047619047619;48.05903128320935
2018-03-07;2018;3;Spring;2018;Agricultural;NO2;35.38095238095238;36.08913057917109
2018-03-08;2018;3;Spring;2018;Agricultural;NO2;37.77619047619047;37.99003719447396
2018-03-09;2018;3;Spring;2018;Agricultural;NO2;38.45238095238095;38.121386822529225
2018-03-10;2018;3;Spring;2018;Agricultural;NO2;28.81428571428572;28.90283441817216
2018-03-11;2018;3;Spring;2018;Agricultural;NO2;14.514285714285714;14.705247077577043
2018-03-12;2018;3;Spring;2018;Agricultural;NO2;17.2;17.403757638150903
2018-03-13;2018;3;Spring;2018;Agricultural;NO2;26.74761904761905;27.30130180658873
2018-03-14;2018;3;Spring;2018;Agricultural;NO2;29.31904761904762;29.18023047290117
2018-03-15;2018;3;Spring;2018;Agricultural;NO2;21.45714285714286;21.34736317747078
2018-03-16;2018;3;Spring;2018;Agricultural;NO2;17.1;17.06992062964931
2018-03-17;2018;3;Spring;2018;Agricultural;NO2;14.295238095238094;14.37674847236982
2018-03-18;2018;3;Spring;2018;Agricultural;NO2;7.704761904761905;8.112860321466526
2018-03-19;2018;3;Spring;2018;Agricultural;NO2;10.466666666666669;11.394359391604675
2018-03-20;2018;3;Spring;2018;Agricultural;NO2;12.428571428571429;12.874500199256111
2018-03-21;2018;3;Spring;2018;Agricultural;NO2;13.795238095238094;14.364449388947929
2018-03-22;2018;3;Spring;2018;Agricultural;NO2;17.414285714285715;17.520415448990434
2018-03-23;2018;3;Spring;2018;Agricultural;NO2;28.64761904761905;28.804783807120085
2018-03-24;2018;3;Spring;2018;Agricultural;NO2;13.22857142857143;13.838808448459089
2018-03-25;2018;3;Spring;2018;Agricultural;NO2;13.16190476190476;13.680368291710948
2018-03-26;2018;3;Spring;2018;Agricultural;NO2;28.81428571428572;29.24194341126461
2018-03-27;2018;3;Spring;2018;Agricultural;NO2;26.485714285714288;26.394467321997872
2018-03-28;2018;3;Spring;2018;Agricultural;NO2;15.666666666666666;15.799895390541977
2018-03-29;2018;3;Spring;2018;Agricultural;NO2;19.67142857142857;19.408594580233792
2018-03-30;2018;3;Spring;2018;Agricultural;NO2;15.78095238095238;15.996579436769396
2018-03-31;2018;3;Spring;2018;Agricultural;NO2;11.066666666666666;11.42494188363443
2018-04-01;2018;4;Spring;2018;Agricultural;NO2;10.557142857142855;10.633802138682253
2018-04-02;2018;4;Spring;2018;Agricultural;NO2;13.623809523809523;13.738971174282678
2018-04-03;2018;4;Spring;2018;Agricultural;NO2;20.495238095238093;20.924299282678003
2018-04-04;2018;4;Spring;2018;Agricultural;NO2;14.485714285714286;14.5557784272051
2018-04-05;2018;4;Spring;2018;Agricultural;NO2;13.942857142857145;14.43667972901169
2018-04-06;2018;4;Spring;2018;Agricultural;NO2;20.11904761904762;20.75472901168969
2018-04-07;2018;4;Spring;2018;Agricultural;NO2;21.914285714285715;21.60358660998937
2018-04-08;2018;4;Spring;2018;Agricultural;NO2;15.828571428571427;15.67787592986185
2018-04-09;2018;4;Spring;2018;Agricultural;NO2;18.128571428571423;18.55202743092455
2018-04-10;2018;4;Spring;2018;Agricultural;NO2;13.071428571428571;13.655537659404889
2018-04-11;2018;4;Spring;2018;Agricultural;NO2;16.88095238095238;17.122926075982996
2018-04-12;2018;4;Spring;2018;Agricultural;NO2;10.466666666666669;10.859521121147717
2018-04-13;2018;4;Spring;2018;Agricultural;NO2;11.180952380952382;11.762010162061635
2018-04-14;2018;4;Spring;2018;Agricultural;NO2;13.647619047619049;14.225521386822528
2018-04-15;2018;4;Spring;2018;Agricultural;NO2;22.066666666666663;22.53994586875664
2018-04-16;2018;4;Spring;2018;Agricultural;NO2;15.414285714285716;16.00531681721573
2018-04-17;2018;4;Spring;2018;Agricultural;NO2;16.895238095238096;17.51905718650372
2018-04-18;2018;4;Spring;2018;Agricultural;NO2;19.704761904761902;20.2211477151966
2018-04-19;2018;4;Spring;2018;Agricultural;NO2;22.142857142857142;22.290820935175347
2018-04-20;2018;4;Spring;2018;Agricultural;NO2;25.87142857142857;26.14587207757705
2018-04-21;2018;4;Spring;2018;Agricultural;NO2;26.61904761904762;26.5554015010627
2018-04-22;2018;4;Spring;2018;Agricultural;NO2;18.6;18.14343451115834
2018-04-23;2018;4;Spring;2018;Agricultural;NO2;18.81904761904762;18.77774475292242
2018-04-24;2018;4;Spring;2018;Agricultural;NO2;18.871428571428574;18.73333388682253
2018-04-25;2018;4;Spring;2018;Agricultural;NO2;16.942857142857143;16.6439924282678
2018-04-26;2018;4;Spring;2018;Agricultural;NO2;18.347619047619048;17.54925777098831
2018-04-27;2018;4;Spring;2018;Agricultural;NO2;13.857142857142858;13.591936769394264
2018-04-28;2018;4;Spring;2018;Agricultural;NO2;23.57619047619048;23.26754948193411
2018-04-29;2018;4;Spring;2018;Agricultural;NO2;14.38095238095238;13.898998738044634
2018-04-30;2018;4;Spring;2018;Agricultural;NO2;9.938095238095238;9.862048352816153
2018-05-01;2018;5;Spring;2018;Agricultural;NO2;12.709523809523809;12.482553467056324
2018-05-02;2018;5;Spring;2018;Agricultural;NO2;14.057142857142855;14.21137420297556
2018-05-03;2018;5;Spring;2018;Agricultural;NO2;18.104761904761904;18.015978679596174
2018-05-04;2018;5;Spring;2018;Agricultural;NO2;12.223809523809525;12.411271253985122
2018-05-05;2018;5;Spring;2018;Agricultural;NO2;13.742857142857144;14.133722436238044
2018-05-06;2018;5;Spring;2018;Agricultural;NO2;16.614285714285714;16.489738310308184
2018-05-07;2018;5;Spring;2018;Agricultural;NO2;15.295238095238094;15.682923751328374
2018-05-08;2018;5;Spring;2018;Agricultural;NO2;16.004761904761903;15.974966790648246
2018-05-09;2018;5;Spring;2018;Agricultural;NO2;9.933333333333334;10.229403560042508
2018-05-10;2018;5;Spring;2018;Agricultural;NO2;9.852380952380951;10.403083488310308
2018-05-11;2018;5;Spring;2018;Agricultural;NO2;15.128571428571428;15.263253852284803
2018-05-12;2018;5;Spring;2018;Agricultural;NO2;15.22857142857143;15.320191285866098
2018-05-13;2018;5;Spring;2018;Agricultural;NO2;10.647619047619049;10.641896918172156
2018-05-14;2018;5;Spring;2018;Agricultural;NO2;6.404761904761905;6.505200584484591
2018-05-15;2018;5;Spring;2018;Agricultural;NO2;8.638095238095238;9.177206761424015
2018-05-16;2018;5;Spring;2018;Agricultural;NO2;11.776190476190475;12.15672821466525
2018-05-17;2018;5;Spring;2018;Agricultural;NO2;9.466666666666669;10.058709152497345
2018-05-18;2018;5;Spring;2018;Agricultural;NO2;16.90952380952381;16.747527563761956
2018-05-19;2018;5;Spring;2018;Agricultural;NO2;12.91904761904762;12.892717189160468
2018-05-20;2018;5;Spring;2018;Agricultural;NO2;11.404761904761903;11.14879450053135
2018-05-21;2018;5;Spring;2018;Agricultural;NO2;12.819047619047618;12.777558780552605
2018-05-22;2018;5;Spring;2018;Agricultural;NO2;11.723809523809525;12.267443212008502
2018-05-23;2018;5;Spring;2018;Agricultural;NO2;11.071428571428571;11.358018397980873
2018-05-24;2018;5;Spring;2018;Agricultural;NO2;16.395238095238096;16.399531748140276
2018-05-25;2018;5;Spring;2018;Agricultural;NO2;19.871428571428574;19.61050245749203
2018-05-26;2018;5;Spring;2018;Agricultural;NO2;22.414285714285715;22.14861849096706
2018-05-27;2018;5;Spring;2018;Agricultural;NO2;22.371428571428574;21.34510826248672
2018-05-28;2018;5;Spring;2018;Agricultural;NO2;14.347619047619048;14.36549548352816
2018-05-29;2018;5;Spring;2018;Agricultural;NO2;11.747619047619049;11.525737247608928
2018-05-30;2018;5;Spring;2018;Agricultural;NO2;20.39047619047619;19.93199388947928
2018-05-31;2018;5;Spring;2018;Agricultural;NO2;18.361904761904764;17.676667109458023
2018-06-01;2018;6;Summer;2018;Agricultural;NO2;16.214285714285715;15.737873605207223
2018-06-02;2018;6;Summer;2018;Agricultural;NO2;19.60952380952381;19.027751394792773
2018-06-03;2018;6;Summer;2018;Agricultural;NO2;22.35238095238095;21.38166013549416
2018-06-04;2018;6;Summer;2018;Agricultural;NO2;15.557142857142855;15.382443876195538
2018-06-05;2018;6;Summer;2018;Agricultural;NO2;11.023809523809524;11.05597768331562
2018-06-06;2018;6;Summer;2018;Agricultural;NO2;15.5;15.1937632837407
2018-06-07;2018;6;Summer;2018;Agricultural;NO2;14.066666666666666;14.094527098831032
2018-06-08;2018;6;Summer;2018;Agricultural;NO2;9.385714285714286;9.669699787460148
2018-06-09;2018;6;Summer;2018;Agricultural;NO2;11.29047619047619;10.937966591392136
2018-06-10;2018;6;Summer;2018;Agricultural;NO2;17.038095238095238;16.305640608395326
2018-06-11;2018;6;Summer;2018;Agricultural;NO2;27.83809523809524;27.434522781615303
2018-06-12;2018;6;Summer;2018;Agricultural;NO2;25.18095238095238;24.89130745217853
2018-06-13;2018;6;Summer;2018;Agricultural;NO2;13.61904761904762;13.425630977683316
2018-06-14;2018;6;Summer;2018;Agricultural;NO2;18.261904761904763;17.897575717322
2018-06-15;2018;6;Summer;2018;Agricultural;NO2;18.395238095238096;18.03645390541977
2018-06-16;2018;6;Summer;2018;Agricultural;NO2;20.69047619047619;20.166478480340064
2018-06-17;2018;6;Summer;2018;Agricultural;NO2;26.695238095238096;25.31316418703507
2018-06-18;2018;6;Summer;2018;Agricultural;NO2;21.76666666666667;20.445488509564296
2018-06-19;2018;6;Summer;2018;Agricultural;NO2;25.452380952380956;24.290935507438896
2018-06-20;2018;6;Summer;2018;Agricultural;NO2;24.133333333333333;23.62496513018066
2018-06-21;2018;6;Summer;2018;Agricultural;NO2;29.347619047619045;28.172057651434645
2018-06-22;2018;6;Summer;2018;Agricultural;NO2;13.928571428571429;13.59605472901169
2018-06-23;2018;6;Summer;2018;Agricultural;NO2;8.857142857142858;8.919161795961742
2018-06-24;2018;6;Summer;2018;Agricultural;NO2;10.561904761904762;10.513446466524972
2018-06-25;2018;6;Summer;2018;Agricultural;NO2;10.614285714285714;10.68229775504782
2018-06-26;2018;6;Summer;2018;Agricultural;NO2;14.614285714285714;14.632696267268862
2018-06-27;2018;6;Summer;2018;Agricultural;NO2;21.02857142857143;20.602963934643995
2018-06-28;2018;6;Summer;2018;Agricultural;NO2;19.219047619047625;18.99993026036132
2018-06-29;2018;6;Summer;2018;Agricultural;NO2;25.82857142857143;25.23263981137088
2018-06-30;2018;6;Summer;2018;Agricultural;NO2;26.652380952380955;25.87098997077577
2018-07-01;2018;7;Summer;2018;Agricultural;NO2;15.704761904761906;14.91867859989373
2018-07-02;2018;7;Summer;2018;Agricultural;NO2;13.223809523809525;12.91975624335813
2018-07-03;2018;7;Summer;2018;Agricultural;NO2;16.152380952380952;15.926094248140275
2018-07-04;2018;7;Summer;2018;Agricultural;NO2;11.733333333333334;11.706668437832096
2018-07-05;2018;7;Summer;2018;Agricultural;NO2;12.77142857142857;12.685092321997876
2018-07-06;2018;7;Summer;2018;Agricultural;NO2;17.5;17.315465595111586
2018-07-07;2018;7;Summer;2018;Agricultural;NO2;18.66190476190476;18.52106469181721
2018-07-08;2018;7;Summer;2018;Agricultural;NO2;18.13809523809524;17.549853878852282
2018-07-09;2018;7;Summer;2018;Agricultural;NO2;13.876190476190477;13.723581960680129
2018-07-10;2018;7;Summer;2018;Agricultural;NO2;15.804761904761904;15.715540316153028
2018-07-11;2018;7;Summer;2018;Agricultural;NO2;10.804761904761904;10.939563961211476
2018-07-12;2018;7;Summer;2018;Agricultural;NO2;14.59047619047619;14.231816219447396
2018-07-13;2018;7;Summer;2018;Agricultural;NO2;16.8;16.660844513815093
2018-07-14;2018;7;Summer;2018;Agricultural;NO2;14.076190476190478;13.736646519659937
2018-07-15;2018;7;Summer;2018;Agricultural;NO2;11.985714285714286;11.941282545164718
2018-07-16;2018;7;Summer;2018;Agricultural;NO2;12.142857142857142;12.127952311370883
2018-07-17;2018;7;Summer;2018;Agricultural;NO2;15.376190476190477;15.14582558448459
2018-07-18;2018;7;Summer;2018;Agricultural;NO2;21.704761904761902;21.27582193145589
2018-07-19;2018;7;Summer;2018;Agricultural;NO2;21.928571428571427;21.71647848034006
2018-07-20;2018;7;Summer;2018;Agricultural;NO2;19.976190476190474;19.43147250265675
2018-07-21;2018;7;Summer;2018;Agricultural;NO2;11.77142857142857;11.941569806057386
2018-07-22;2018;7;Summer;2018;Agricultural;NO2;11.895238095238094;11.753472037725825
2018-07-23;2018;7;Summer;2018;Agricultural;NO2;13.014285714285714;12.906087274176407
2018-07-24;2018;7;Summer;2018;Agricultural;NO2;17.323809523809523;17.085955765143463
2018-07-25;2018;7;Summer;2018;Agricultural;NO2;17.066666666666666;16.63715794367694
2018-07-26;2018;7;Summer;2018;Agricultural;NO2;18.547619047619047;17.943967521253985
2018-07-27;2018;7;Summer;2018;Agricultural;NO2;15.238095238095235;15.319193344845909
2018-07-28;2018;7;Summer;2018;Agricultural;NO2;16.895238095238096;16.327537194473965
2018-07-29;2018;7;Summer;2018;Agricultural;NO2;11.623809523809523;11.711118490967056
2018-07-30;2018;7;Summer;2018;Agricultural;NO2;16.64761904761905;16.60956097236982
2018-07-31;2018;7;Summer;2018;Agricultural;NO2;18.04285714285714;18.16975126195537
2018-08-01;2018;8;Summer;2018;Agricultural;NO2;18.247619047619047;17.66282213071201
2018-08-02;2018;8;Summer;2018;Agricultural;NO2;14.947619047619046;14.802326315090328
2018-08-03;2018;8;Summer;2018;Agricultural;NO2;13.004761904761908;12.945106602019129
2018-08-04;2018;8;Summer;2018;Agricultural;NO2;12.642857142857142;12.32390077045696
2018-08-05;2018;8;Summer;2018;Agricultural;NO2;11.523809523809524;11.5127557120085
2018-08-06;2018;8;Summer;2018;Agricultural;NO2;18.18095238095238;18.19955665515409
2018-08-07;2018;8;Summer;2018;Agricultural;NO2;13.652380952380952;13.814746612646122
2018-08-08;2018;8;Summer;2018;Agricultural;NO2;13.052380952380954;13.27715362646121
2018-08-09;2018;8;Summer;2018;Agricultural;NO2;12.638095238095238;12.74556987247609
2018-08-10;2018;8;Summer;2018;Agricultural;NO2;12.052380952380952;12.131115502125397
2018-08-11;2018;8;Summer;2018;Agricultural;NO2;16.771428571428572;16.203105074388947
2018-08-12;2018;8;Summer;2018;Agricultural;NO2;11.061904761904762;10.848288057917108
2018-08-13;2018;8;Summer;2018;Agricultural;NO2;14.914285714285716;14.868481004250798
2018-08-14;2018;8;Summer;2018;Agricultural;NO2;14.347619047619048;14.268311636556856
2018-08-15;2018;8;Summer;2018;Agricultural;NO2;10.223809523809525;10.239678533475027
2018-08-16;2018;8;Summer;2018;Agricultural;NO2;21.385714285714283;20.424332492029755
2018-08-17;2018;8;Summer;2018;Agricultural;NO2;21.23333333333333;20.82275836875664
2018-08-18;2018;8;Summer;2018;Agricultural;NO2;19.314285714285717;18.830605738575983
2018-08-19;2018;8;Summer;2018;Agricultural;NO2;15.614285714285716;15.458974827311373
2018-08-20;2018;8;Summer;2018;Agricultural;NO2;15.80952380952381;15.744918969181722
2018-08-21;2018;8;Summer;2018;Agricultural;NO2;19.604761904761904;19.32291611317747
2018-08-22;2018;8;Summer;2018;Agricultural;NO2;18.64761904761905;18.398062234325185
2018-08-23;2018;8;Summer;2018;Agricultural;NO2;18.17142857142857;18.30324953506908
2018-08-24;2018;8;Summer;2018;Agricultural;NO2;14.980952380952385;14.938394992029757
2018-08-25;2018;8;Summer;2018;Agricultural;NO2;9.957142857142856;9.774370682784271
2018-08-26;2018;8;Summer;2018;Agricultural;NO2;7.828571428571429;8.077482399043571
2018-08-27;2018;8;Summer;2018;Agricultural;NO2;12.423809523809522;12.577318012752391
2018-08-28;2018;8;Summer;2018;Agricultural;NO2;19.866666666666667;19.802294766206163
2018-08-29;2018;8;Summer;2018;Agricultural;NO2;20.933333333333334;20.714803068544104
2018-08-30;2018;8;Summer;2018;Agricultural;NO2;18.60952380952381;18.6709185706695
2018-08-31;2018;8;Summer;2018;Agricultural;NO2;11.41904761904762;11.43577311370882
2018-09-01;2018;9;Autumn;2018;Agricultural;NO2;6.938095238095237;7.234637353878852
2018-09-02;2018;9;Autumn;2018;Agricultural;NO2;7.919047619047619;8.308280751859723
2018-09-03;2018;9;Autumn;2018;Agricultural;NO2;10.680952380952382;11.030632306057386
2018-09-04;2018;9;Autumn;2018;Agricultural;NO2;15.519047619047615;15.679235852816154
2018-09-05;2018;9;Autumn;2018;Agricultural;NO2;16.523809523809526;16.64840263018066
2018-09-06;2018;9;Autumn;2018;Agricultural;NO2;18.147619047619045;17.743481004250796
2018-09-07;2018;9;Autumn;2018;Agricultural;NO2;13.523809523809524;13.441250996280552
2018-09-08;2018;9;Autumn;2018;Agricultural;NO2;15.066666666666666;14.931854410201913
2018-09-09;2018;9;Autumn;2018;Agricultural;NO2;19.77142857142857;19.532578374070138
2018-09-10;2018;9;Autumn;2018;Agricultural;NO2;21.60952380952381;21.513139280021253
2018-09-11;2018;9;Autumn;2018;Agricultural;NO2;25.98095238095238;25.78820403825717
2018-09-12;2018;9;Autumn;2018;Agricultural;NO2;24.633333333333333;24.13596240701381
2018-09-13;2018;9;Autumn;2018;Agricultural;NO2;21.07619047619048;20.69754582890542
2018-09-14;2018;9;Autumn;2018;Agricultural;NO2;16.947619047619046;17.3087689293305
2018-09-15;2018;9;Autumn;2018;Agricultural;NO2;17.214285714285715;17.03177968916047
2018-09-16;2018;9;Autumn;2018;Agricultural;NO2;14.438095238095238;14.304069806057385
2018-09-17;2018;9;Autumn;2018;Agricultural;NO2;18.014285714285716;18.138416578108394
2018-09-18;2018;9;Autumn;2018;Agricultural;NO2;20.05238095238095;20.05426740170032
2018-09-19;2018;9;Autumn;2018;Agricultural;NO2;22.59523809523809;22.489822994155155
2018-09-20;2018;9;Autumn;2018;Agricultural;NO2;25.33809523809524;24.999050212539853
2018-09-21;2018;9;Autumn;2018;Agricultural;NO2;25.776190476190475;26.5700966392136
2018-09-22;2018;9;Autumn;2018;Agricultural;NO2;20.53809523809524;20.538267136025507
2018-09-23;2018;9;Autumn;2018;Agricultural;NO2;11.41904761904762;11.47282478746015
2018-09-24;2018;9;Autumn;2018;Agricultural;NO2;12.97142857142857;12.976251992561108
2018-09-25;2018;9;Autumn;2018;Agricultural;NO2;12.842857142857142;12.713575982996812
2018-09-26;2018;9;Autumn;2018;Agricultural;NO2;18.752380952380957;18.60109424814028
2018-09-27;2018;9;Autumn;2018;Agricultural;NO2;31.38095238095238;31.642655751859724
2018-09-28;2018;9;Autumn;2018;Agricultural;NO2;36.7047619047619;36.913439824654624
2018-09-29;2018;9;Autumn;2018;Agricultural;NO2;29.433333333333334;28.66385826248672
2018-09-30;2018;9;Autumn;2018;Agricultural;NO2;14.328571428571427;14.0246230738576
2018-10-01;2018;10;Autumn;2018;Agricultural;NO2;21.452380952380956;21.93606037460149
2018-10-02;2018;10;Autumn;2018;Agricultural;NO2;20.571428571428573;21.29755247077577
2018-10-03;2018;10;Autumn;2018;Agricultural;NO2;32.60952380952381;32.589449388947926
2018-10-04;2018;10;Autumn;2018;Agricultural;NO2;32.78095238095238;32.757289452709884
2018-10-05;2018;10;Autumn;2018;Agricultural;NO2;30.342857142857135;30.31284537725824
2018-10-06;2018;10;Autumn;2018;Agricultural;NO2;24.633333333333333;24.71629416843783
2018-10-07;2018;10;Autumn;2018;Agricultural;NO2;19.995238095238093;20.54441418703507
2018-10-08;2018;10;Autumn;2018;Agricultural;NO2;23.6;24.309521121147714
2018-10-09;2018;10;Autumn;2018;Agricultural;NO2;24.77142857142857;25.55229808714134
2018-10-10;2018;10;Autumn;2018;Agricultural;NO2;25.261904761904763;25.368751660467588
2018-10-11;2018;10;Autumn;2018;Agricultural;NO2;19.257142857142856;19.98794002391073
2018-10-12;2018;10;Autumn;2018;Agricultural;NO2;19.98095238095238;20.668949256110523
2018-10-13;2018;10;Autumn;2018;Agricultural;NO2;25.38571428571429;26.02701082624867
2018-10-14;2018;10;Autumn;2018;Agricultural;NO2;24.02380952380953;23.69279689160468
2018-10-15;2018;10;Autumn;2018;Agricultural;NO2;21.94761904761905;22.35599594845909
2018-10-16;2018;10;Autumn;2018;Agricultural;NO2;23.00952380952381;23.648465727948988
2018-10-17;2018;10;Autumn;2018;Agricultural;NO2;27.004761904761907;27.713644062167905
2018-10-18;2018;10;Autumn;2018;Agricultural;NO2;27.719047619047625;28.98606037460149
2018-10-19;2018;10;Autumn;2018;Agricultural;NO2;30.280952380952375;31.19622741764081
2018-10-20;2018;10;Autumn;2018;Agricultural;NO2;32.166666666666664;33.05642268862912
2018-10-21;2018;10;Autumn;2018;Agricultural;NO2;20.8;20.67329469978746
2018-10-22;2018;10;Autumn;2018;Agricultural;NO2;23.67142857142857;24.14368026036132
2018-10-23;2018;10;Autumn;2018;Agricultural;NO2;35.57619047619048;36.12885560573858
2018-10-24;2018;10;Autumn;2018;Agricultural;NO2;26.919047619047618;26.953727749734327
2018-10-25;2018;10;Autumn;2018;Agricultural;NO2;28.17619047619048;28.15714997343252
2018-10-26;2018;10;Autumn;2018;Agricultural;NO2;26.37142857142857;27.12755379914984
2018-10-27;2018;10;Autumn;2018;Agricultural;NO2;18.942857142857143;18.915593451115832
2018-10-28;2018;10;Autumn;2018;Agricultural;NO2;11.59047619047619;11.58923352816153
2018-10-29;2018;10;Autumn;2018;Agricultural;NO2;10.314285714285711;10.313250531349627
2018-10-30;2018;10;Autumn;2018;Agricultural;NO2;11.219047619047618;11.660529024973432
2018-10-31;2018;10;Autumn;2018;Agricultural;NO2;20.128571428571423;20.24089565621679
2018-11-01;2018;11;Autumn;2018;Agricultural;NO2;12.585714285714284;13.008287393730074
2018-11-02;2018;11;Autumn;2018;Agricultural;NO2;27.114285714285717;27.86773213336876
2018-11-03;2018;11;Autumn;2018;Agricultural;NO2;26.323809523809523;26.79455200584485
2018-11-04;2018;11;Autumn;2018;Agricultural;NO2;20.7;21.4896420031881
2018-11-05;2018;11;Autumn;2018;Agricultural;NO2;14.114285714285714;14.493298352816153
2018-11-06;2018;11;Autumn;2018;Agricultural;NO2;16.914285714285715;17.204433448459085
2018-11-07;2018;11;Autumn;2018;Agricultural;NO2;20.41904761904762;22.067353546758767
2018-11-08;2018;11;Autumn;2018;Agricultural;NO2;29.73809523809524;30.70359823326249
2018-11-09;2018;11;Autumn;2018;Agricultural;NO2;29.52857142857143;30.61728878852285
2018-11-10;2018;11;Autumn;2018;Agricultural;NO2;14.209523809523809;14.972442879914984
2018-11-11;2018;11;Autumn;2018;Agricultural;NO2;15.052380952380954;16.225445005313496
2018-11-12;2018;11;Autumn;2018;Agricultural;NO2;28.219047619047625;28.63598731402763
2018-11-13;2018;11;Autumn;2018;Agricultural;NO2;26.02857142857143;26.221157678002125
2018-11-14;2018;11;Autumn;2018;Agricultural;NO2;32.05714285714286;32.389343119022314
2018-11-15;2018;11;Autumn;2018;Agricultural;NO2;33.60476190476191;34.348244885759826
2018-11-16;2018;11;Autumn;2018;Agricultural;NO2;21.09523809523809;21.34959318544102
2018-11-17;2018;11;Autumn;2018;Agricultural;NO2;20.1;20.37447197130712
2018-11-18;2018;11;Autumn;2018;Agricultural;NO2;17.085714285714285;18.199528427205102
2018-11-19;2018;11;Autumn;2018;Agricultural;NO2;21.23333333333333;21.65639280021254
2018-11-20;2018;11;Autumn;2018;Agricultural;NO2;16.76666666666667;17.648850956429328
2018-11-21;2018;11;Autumn;2018;Agricultural;NO2;25.976190476190474;26.384228878852287
2018-11-22;2018;11;Autumn;2018;Agricultural;NO2;32.19047619047619;33.13274276036132
2018-11-23;2018;11;Autumn;2018;Agricultural;NO2;26.88571428571429;27.44345111583422
2018-11-24;2018;11;Autumn;2018;Agricultural;NO2;16.504761904761907;17.37181190223167
2018-11-25;2018;11;Autumn;2018;Agricultural;NO2;18.628571428571423;19.584029622741767
2018-11-26;2018;11;Autumn;2018;Agricultural;NO2;20.70952380952381;21.46831495749203
2018-11-27;2018;11;Autumn;2018;Agricultural;NO2;30.038095238095234;30.375071400106272
2018-11-28;2018;11;Autumn;2018;Agricultural;NO2;29.44285714285714;29.93831196865037
2018-11-29;2018;11;Autumn;2018;Agricultural;NO2;30.19047619047619;31.28906582093518
2018-11-30;2018;11;Autumn;2018;Agricultural;NO2;24.761904761904763;26.027809511158345
2018-12-01;2018;12;Winter;2019;Agricultural;NO2;26.46190476190477;27.173000797024443
2018-12-02;2018;12;Winter;2019;Agricultural;NO2;25.933333333333334;26.533667640807653
2018-12-03;2018;12;Winter;2019;Agricultural;NO2;28.35238095238095;29.292413323591923
2018-12-04;2018;12;Winter;2019;Agricultural;NO2;34.39523809523809;34.71878320935176
2018-12-05;2018;12;Winter;2019;Agricultural;NO2;30.966666666666665;31.54074953506908
2018-12-06;2018;12;Winter;2019;Agricultural;NO2;28.633333333333333;29.25390874070138
2018-12-07;2018;12;Winter;2019;Agricultural;NO2;26.404761904761905;27.102153626461213
2018-12-08;2018;12;Winter;2019;Agricultural;NO2;24.00952380952381;24.71749302603613
2018-12-09;2018;12;Winter;2019;Agricultural;NO2;22.995238095238093;23.63529655951116
2018-12-10;2018;12;Winter;2019;Agricultural;NO2;16.271428571428572;16.88813595908608
2018-12-11;2018;12;Winter;2019;Agricultural;NO2;29.109523809523807;29.882359192348563
2018-12-12;2018;12;Winter;2019;Agricultural;NO2;39.4;40.43802968916047
2018-12-13;2018;12;Winter;2019;Agricultural;NO2;34.51904761904762;35.57639147183847
2018-12-14;2018;12;Winter;2019;Agricultural;NO2;32.67619047619048;33.9184942879915
2018-12-15;2018;12;Winter;2019;Agricultural;NO2;34.357142857142854;35.11182917109458
2018-12-16;2018;12;Winter;2019;Agricultural;NO2;31.795238095238098;32.78096107863975
2018-12-17;2018;12;Winter;2019;Agricultural;NO2;29.114285714285717;30.09166943411265
2018-12-18;2018;12;Winter;2019;Agricultural;NO2;29.566666666666663;30.297180526036133
2018-12-19;2018;12;Winter;2019;Agricultural;NO2;38.07619047619048;38.83064060839532
2018-12-20;2018;12;Winter;2019;Agricultural;NO2;40.87619047619047;41.44731004250797
2018-12-21;2018;12;Winter;2019;Agricultural;NO2;31.08571428571429;31.695606402763016
2018-12-22;2018;12;Winter;2019;Agricultural;NO2;25.16190476190476;26.406181920828903
2018-12-23;2018;12;Winter;2019;Agricultural;NO2;32.923809523809524;33.33591425345377
2018-12-24;2018;12;Winter;2019;Agricultural;NO2;28.742857142857144;29.341862048352816
2018-12-25;2018;12;Winter;2019;Agricultural;NO2;25.80952380952381;26.670765807651435
2018-12-26;2018;12;Winter;2019;Agricultural;NO2;19.195238095238096;19.67239804729012
2018-12-27;2018;12;Winter;2019;Agricultural;NO2;30.51904761904762;31.350101288522847
2018-12-28;2018;12;Winter;2019;Agricultural;NO2;36.37142857142857;36.530267003188094
2018-12-29;2018;12;Winter;2019;Agricultural;NO2;46.43809523809525;46.03158541445272
2018-12-30;2018;12;Winter;2019;Agricultural;NO2;40.20952380952381;39.98861915515409
2018-12-31;2018;12;Winter;2019;Agricultural;NO2;35.60952380952381;35.916528294367694
2019-01-01;2019;1;Winter;2019;Agricultural;NO2;27.97142857142857;28.449964228075142
2019-01-02;2019;1;Winter;2019;Agricultural;NO2;23.50952380952381;24.19694191637689
2019-01-03;2019;1;Winter;2019;Agricultural;NO2;31.242857142857144;32.47326090211803
2019-01-04;2019;1;Winter;2019;Agricultural;NO2;37.67142857142857;38.35057318270302
2019-01-05;2019;1;Winter;2019;Agricultural;NO2;44.72380952380953;45.44861321398266
2019-01-06;2019;1;Winter;2019;Agricultural;NO2;42.8;43.48773272548792
2019-01-07;2019;1;Winter;2019;Agricultural;NO2;43.89047619047619;44.268700397650704
2019-01-08;2019;1;Winter;2019;Agricultural;NO2;33.90952380952381;34.64807413939404
2019-01-09;2019;1;Winter;2019;Agricultural;NO2;31.17142857142857;31.783967522419847
2019-01-10;2019;1;Winter;2019;Agricultural;NO2;33.438095238095244;34.11892418015739
2019-01-11;2019;1;Winter;2019;Agricultural;NO2;35.86666666666667;36.90534582300384
2019-01-12;2019;1;Winter;2019;Agricultural;NO2;41.095238095238095;41.718924180157394
2019-01-13;2019;1;Winter;2019;Agricultural;NO2;40.63809523809524;41.35282431825366
2019-01-14;2019;1;Winter;2019;Agricultural;NO2;26.652380952380955;26.61001613896145
2019-01-15;2019;1;Winter;2019;Agricultural;NO2;30.87619047619048;32.113475200905114
2019-01-16;2019;1;Winter;2019;Agricultural;NO2;40.08571428571428;41.221170324276656
2019-01-17;2019;1;Winter;2019;Agricultural;NO2;37.61904761904762;38.91552002395887
2019-01-18;2019;1;Winter;2019;Agricultural;NO2;25.83809523809524;26.45480591650999
2019-01-19;2019;1;Winter;2019;Agricultural;NO2;21.757142857142856;22.88189441458829
2019-01-20;2019;1;Winter;2019;Agricultural;NO2;30.609523809523807;31.173601983262067
2019-01-21;2019;1;Winter;2019;Agricultural;NO2;31.73333333333333;32.64664159858909
2019-01-22;2019;1;Winter;2019;Agricultural;NO2;30.46190476190477;30.668800226278226
2019-01-23;2019;1;Winter;2019;Agricultural;NO2;20.31904761904762;20.766464236394192
2019-01-24;2019;1;Winter;2019;Agricultural;NO2;26.214285714285715;26.330331264662327
2019-01-25;2019;1;Winter;2019;Agricultural;NO2;38.24761904761905;38.385405054656175
2019-01-26;2019;1;Winter;2019;Agricultural;NO2;48.21428571428572;48.09671896577542
2019-01-27;2019;1;Winter;2019;Agricultural;NO2;38.385714285714286;38.62759762407867
2019-01-28;2019;1;Winter;2019;Agricultural;NO2;34.75238095238095;34.78452989035489
2019-01-29;2019;1;Winter;2019;Agricultural;NO2;32.39047619047619;32.40933231286292
2019-01-30;2019;1;Winter;2019;Agricultural;NO2;32.01904761904762;32.185403390845714
2019-01-31;2019;1;Winter;2019;Agricultural;NO2;32.53809523809524;33.26853900803621
2019-02-01;2019;2;Winter;2019;Agricultural;NO2;38.62857142857143;38.7417932549124
2019-02-02;2019;2;Winter;2019;Agricultural;NO2;36.53809523809524;36.57300966673877
2019-02-03;2019;2;Winter;2019;Agricultural;NO2;26.95714285714286;27.281045871254346
2019-02-04;2019;2;Winter;2019;Agricultural;NO2;30.123809523809523;30.87433905129528
2019-02-05;2019;2;Winter;2019;Agricultural;NO2;38.44285714285714;38.653393341430544
2019-02-06;2019;2;Winter;2019;Agricultural;NO2;49.05238095238095;48.80144585128862
2019-02-07;2019;2;Winter;2019;Agricultural;NO2;53.29047619047618;53.39421992246643
2019-02-08;2019;2;Winter;2019;Agricultural;NO2;55.65714285714286;55.784102291067
2019-02-09;2019;2;Winter;2019;Agricultural;NO2;51.219047619047615;51.260572683559886
2019-02-10;2019;2;Winter;2019;Agricultural;NO2;31.719047619047625;32.07662679067601
2019-02-11;2019;2;Winter;2019;Agricultural;NO2;21.061904761904763;21.07129261434537
2019-02-12;2019;2;Winter;2019;Agricultural;NO2;32.79047619047619;32.77858842320683
2019-02-13;2019;2;Winter;2019;Agricultural;NO2;28.195238095238096;29.030825416368568
2019-02-14;2019;2;Winter;2019;Agricultural;NO2;47.99047619047619;48.23574696770544
2019-02-15;2019;2;Winter;2019;Agricultural;NO2;57.24761904761905;57.08951633029965
2019-02-16;2019;2;Winter;2019;Agricultural;NO2;52.92380952380953;53.39869390878992
2019-02-17;2019;2;Winter;2019;Agricultural;NO2;46.785714285714285;48.04699099878542
2019-02-18;2019;2;Winter;2019;Agricultural;NO2;43.91428571428572;45.11301931683942
2019-02-19;2019;2;Winter;2019;Agricultural;NO2;37.60952380952381;38.134485799377735
2019-02-20;2019;2;Winter;2019;Agricultural;NO2;34.39523809523809;35.53138612049315
2019-02-21;2019;2;Winter;2019;Agricultural;NO2;38.17619047619047;38.538453987321766
2019-02-22;2019;2;Winter;2019;Agricultural;NO2;41.49047619047619;42.0736369232817
2019-02-23;2019;2;Winter;2019;Agricultural;NO2;24.85238095238095;24.99474069514001
2019-02-24;2019;2;Winter;2019;Agricultural;NO2;28.152380952380955;28.443392176763226
2019-02-25;2019;2;Winter;2019;Agricultural;NO2;41.00952380952381;41.286692843951215
2019-02-26;2019;2;Winter;2019;Agricultural;NO2;48.08095238095238;49.68471956474719
2019-02-27;2019;2;Winter;2019;Agricultural;NO2;56.333333333333336;56.55878741493769
2019-02-28;2019;2;Winter;2019;Agricultural;NO2;40.7952380952381;41.00295159975376
2019-03-01;2019;3;Spring;2019;Agricultural;NO2;32.36666666666667;33.25265294577642
2019-03-02;2019;3;Spring;2019;Agricultural;NO2;36.80952380952381;37.66391361496099
2019-03-03;2019;3;Spring;2019;Agricultural;NO2;35.03809523809524;34.85570936558907
2019-03-04;2019;3;Spring;2019;Agricultural;NO2;35.53333333333334;36.008019566410994
2019-03-05;2019;3;Spring;2019;Agricultural;NO2;36.7;37.55072625326523
2019-03-06;2019;3;Spring;2019;Agricultural;NO2;33.16190476190476;33.95936142954594
2019-03-07;2019;3;Spring;2019;Agricultural;NO2;24.56190476190476;24.57217609769895
2019-03-08;2019;3;Spring;2019;Agricultural;NO2;26.65714285714285;26.88895063474369
2019-03-09;2019;3;Spring;2019;Agricultural;NO2;23.88571428571429;24.19927957007138
2019-03-10;2019;3;Spring;2019;Agricultural;NO2;20.70952380952381;21.25283263730596
2019-03-11;2019;3;Spring;2019;Agricultural;NO2;18.719047619047625;18.34528060163386
2019-03-12;2019;3;Spring;2019;Agricultural;NO2;26.214285714285715;25.867697119944093
2019-03-13;2019;3;Spring;2019;Agricultural;NO2;40.65238095238095;40.44802422508028
2019-03-14;2019;3;Spring;2019;Agricultural;NO2;29.20952380952381;29.668608888075468
2019-03-15;2019;3;Spring;2019;Agricultural;NO2;24.35238095238095;24.36258090278356
2019-03-16;2019;3;Spring;2019;Agricultural;NO2;25.68095238095238;25.743982829476064
2019-03-17;2019;3;Spring;2019;Agricultural;NO2;24.866666666666667;24.858860622597877
2019-03-18;2019;3;Spring;2019;Agricultural;NO2;16.61904761904762;16.246568390928907
2019-03-19;2019;3;Spring;2019;Agricultural;NO2;18.871428571428574;19.24303112989368
2019-03-20;2019;3;Spring;2019;Agricultural;NO2;23.34285714285714;23.582084088980583
2019-03-21;2019;3;Spring;2019;Agricultural;NO2;30.490476190476187;30.90668685423357
2019-03-22;2019;3;Spring;2019;Agricultural;NO2;40.03333333333334;40.00229106700165
2019-03-23;2019;3;Spring;2019;Agricultural;NO2;39.61904761904762;39.11450676338952
2019-03-24;2019;3;Spring;2019;Agricultural;NO2;40.57619047619048;39.855306723458064
2019-03-25;2019;3;Spring;2019;Agricultural;NO2;31.109523809523807;30.61507079513502
2019-03-26;2019;3;Spring;2019;Agricultural;NO2;13.823809523809524;14.186182054140392
2019-03-27;2019;3;Spring;2019;Agricultural;NO2;25.77142857142857;25.313022644460343
2019-03-28;2019;3;Spring;2019;Agricultural;NO2;29.3;28.660123454736038
2019-03-29;2019;3;Spring;2019;Agricultural;NO2;32.785714285714285;31.985579754754337
2019-03-30;2019;3;Spring;2019;Agricultural;NO2;35.69047619047619;35.71256676039465
2019-03-31;2019;3;Spring;2019;Agricultural;NO2;33.91428571428572;33.36595178277291
2019-04-01;2019;4;Spring;2019;Agricultural;NO2;33.33809523809524;33.374368999883536
2019-04-02;2019;4;Spring;2019;Agricultural;NO2;29.26666666666667;28.605112889539623
2019-04-03;2019;4;Spring;2019;Agricultural;NO2;21.214285714285715;21.15258805716853
2019-04-04;2019;4;Spring;2019;Agricultural;NO2;11.219047619047618;11.688827512769745
2019-04-05;2019;4;Spring;2019;Agricultural;NO2;13.361904761904762;14.17045571768464
2019-04-06;2019;4;Spring;2019;Agricultural;NO2;14.69047619047619;14.821363326289868
2019-04-07;2019;4;Spring;2019;Agricultural;NO2;13.609523809523813;13.905290917258704
2019-04-08;2019;4;Spring;2019;Agricultural;NO2;14.614285714285714;15.028179957739214
2019-04-09;2019;4;Spring;2019;Agricultural;NO2;21.628571428571423;21.730173202668755
2019-04-10;2019;4;Spring;2019;Agricultural;NO2;22.004761904761907;22.363281366986676
2019-04-11;2019;4;Spring;2019;Agricultural;NO2;11.023809523809524;11.444247375339
2019-04-12;2019;4;Spring;2019;Agricultural;NO2;9.971428571428572;10.657850689649436
2019-04-13;2019;4;Spring;2019;Agricultural;NO2;8.085714285714285;8.468074804918224
2019-04-14;2019;4;Spring;2019;Agricultural;NO2;10.614285714285714;10.642578573448914
2019-04-15;2019;4;Spring;2019;Agricultural;NO2;14.185714285714289;14.692534482471755
2019-04-16;2019;4;Spring;2019;Agricultural;NO2;18.95714285714286;19.31752325175116
2019-04-17;2019;4;Spring;2019;Agricultural;NO2;19.142857142857142;19.6590852370098
2019-04-18;2019;4;Spring;2019;Agricultural;NO2;18.304761904761904;17.99325324858992
2019-04-19;2019;4;Spring;2019;Agricultural;NO2;18.152380952380952;18.64410595145001
2019-04-20;2019;4;Spring;2019;Agricultural;NO2;18.9;18.711759812322175
2019-04-21;2019;4;Spring;2019;Agricultural;NO2;14.557142857142855;14.138909871387453
2019-04-22;2019;4;Spring;2019;Agricultural;NO2;8.019047619047619;8.19209190888974
2019-04-23;2019;4;Spring;2019;Agricultural;NO2;7.8047619047619055;7.955785900870173
2019-04-24;2019;4;Spring;2019;Agricultural;NO2;10.957142857142856;11.050325274944678
2019-04-25;2019;4;Spring;2019;Agricultural;NO2;8.442857142857141;8.78845981065837
2019-04-26;2019;4;Spring;2019;Agricultural;NO2;9.223809523809525;9.313385355140342
2019-04-27;2019;4;Spring;2019;Agricultural;NO2;11.752380952380951;11.62541969618821
2019-04-28;2019;4;Spring;2019;Agricultural;NO2;9.614285714285714;9.69408182619836
2019-04-29;2019;4;Spring;2019;Agricultural;NO2;9.319047619047618;9.922479743107663
2019-04-30;2019;4;Spring;2019;Agricultural;NO2;14.614285714285714;14.913267224597773
2019-05-01;2019;5;Spring;2019;Agricultural;NO2;10.323809523809524;10.55586742758265
2019-05-02;2019;5;Spring;2019;Agricultural;NO2;11.542857142857144;11.75045338835
2019-05-03;2019;5;Spring;2019;Agricultural;NO2;11.795238095238094;12.10148578273963
2019-05-04;2019;5;Spring;2019;Agricultural;NO2;7.533333333333333;8.023291682611518
2019-05-05;2019;5;Spring;2019;Agricultural;NO2;7.814285714285714;7.871835016554915
2019-05-06;2019;5;Spring;2019;Agricultural;NO2;9.995238095238095;10.37069197876978
2019-05-07;2019;5;Spring;2019;Agricultural;NO2;11.79047619047619;12.093780676505332
2019-05-08;2019;5;Spring;2019;Agricultural;NO2;13.4;13.90992629319668
2019-05-09;2019;5;Spring;2019;Agricultural;NO2;10.01904761904762;10.564339550438412
2019-05-10;2019;5;Spring;2019;Agricultural;NO2;11.81904761904762;12.158845648303744
2019-05-11;2019;5;Spring;2019;Agricultural;NO2;12.142857142857142;12.071121241868124
2019-05-12;2019;5;Spring;2019;Agricultural;NO2;9.82857142857143;9.943804801756984
2019-05-13;2019;5;Spring;2019;Agricultural;NO2;13.819047619047618;14.63301998236361
2019-05-14;2019;5;Spring;2019;Agricultural;NO2;9.723809523809525;10.097607440560372
2019-05-15;2019;5;Spring;2019;Agricultural;NO2;9.947619047619048;10.345621682777898
2019-05-16;2019;5;Spring;2019;Agricultural;NO2;12.123809523809523;12.448233865198077
2019-05-17;2019;5;Spring;2019;Agricultural;NO2;8.847619047619048;9.339335806864884
2019-05-18;2019;5;Spring;2019;Agricultural;NO2;7.409523809523809;7.8493519458263314
2019-05-19;2019;5;Spring;2019;Agricultural;NO2;7.071428571428571;7.497542551952481
2019-05-20;2019;5;Spring;2019;Agricultural;NO2;8.857142857142858;9.112644959486216
2019-05-21;2019;5;Spring;2019;Agricultural;NO2;9.2;9.591298271300934
2019-05-22;2019;5;Spring;2019;Agricultural;NO2;9.3;10.001748664792109
2019-05-23;2019;5;Spring;2019;Agricultural;NO2;14.90952380952381;14.176565229689034
2019-05-24;2019;5;Spring;2019;Agricultural;NO2;13.695238095238096;14.624777465351148
2019-05-25;2019;5;Spring;2019;Agricultural;NO2;8.957142857142857;9.360096833768695
2019-05-26;2019;5;Spring;2019;Agricultural;NO2;7.257142857142857;7.796832104886612
2019-05-27;2019;5;Spring;2019;Agricultural;NO2;9.423809523809524;10.192263281366987
2019-05-28;2019;5;Spring;2019;Agricultural;NO2;13.904761904761903;13.857940535414206
2019-05-29;2019;5;Spring;2019;Agricultural;NO2;8.561904761904762;9.135828494417916
2019-05-30;2019;5;Spring;2019;Agricultural;NO2;7.657142857142857;8.26846580037602
2019-05-31;2019;5;Spring;2019;Agricultural;NO2;11.447619047619048;11.768896727284828
2019-06-01;2019;6;Summer;2019;Agricultural;NO2;17.442857142857143;17.364131574131076
2019-06-02;2019;6;Summer;2019;Agricultural;NO2;20.261904761904763;20.116057434737037
2019-06-03;2019;6;Summer;2019;Agricultural;NO2;19.923809523809524;19.69768563965193
2019-06-04;2019;6;Summer;2019;Agricultural;NO2;18.02380952380953;18.437266026654243
2019-06-05;2019;6;Summer;2019;Agricultural;NO2;14.361904761904762;14.196850406801657
2019-06-06;2019;6;Summer;2019;Agricultural;NO2;9.023809523809524;9.240806615310383
2019-06-07;2019;6;Summer;2019;Agricultural;NO2;14.08095238095238;14.20173202668752
2019-06-08;2019;6;Summer;2019;Agricultural;NO2;13.366666666666664;13.155353310150907
2019-06-09;2019;6;Summer;2019;Agricultural;NO2;19.3;19.07010964510923
2019-06-10;2019;6;Summer;2019;Agricultural;NO2;16.871428571428574;16.88613546744755
2019-06-11;2019;6;Summer;2019;Agricultural;NO2;12.404761904761903;12.348594912067616
2019-06-12;2019;6;Summer;2019;Agricultural;NO2;11.219047619047618;11.145924496281385
2019-06-13;2019;6;Summer;2019;Agricultural;NO2;17.823809523809523;17.60832071610402
2019-06-14;2019;6;Summer;2019;Agricultural;NO2;21.404761904761905;21.20849375239173
2019-06-15;2019;6;Summer;2019;Agricultural;NO2;15.538095238095238;15.224008784919222
2019-06-16;2019;6;Summer;2019;Agricultural;NO2;10.195238095238096;10.008773272548792
2019-06-17;2019;6;Summer;2019;Agricultural;NO2;19.8;19.537914912733143
2019-06-18;2019;6;Summer;2019;Agricultural;NO2;19.761904761904763;19.295249821140374
2019-06-19;2019;6;Summer;2019;Agricultural;NO2;25.195238095238096;24.43994476149277
2019-06-20;2019;6;Summer;2019;Agricultural;NO2;20.704761904761902;20.17604944844684
2019-06-21;2019;6;Summer;2019;Agricultural;NO2;22.57619047619048;22.18749313678186
2019-06-22;2019;6;Summer;2019;Agricultural;NO2;20.742857142857144;20.107390646057603
2019-06-23;2019;6;Summer;2019;Agricultural;NO2;21.96666666666667;21.65620185348485
2019-06-24;2019;6;Summer;2019;Agricultural;NO2;29.861904761904764;28.95077450376853
2019-06-25;2019;6;Summer;2019;Agricultural;NO2;26.72857142857143;26.16086717801108
2019-06-26;2019;6;Summer;2019;Agricultural;NO2;29.56190476190476;28.85083273713459
2019-06-27;2019;6;Summer;2019;Agricultural;NO2;30.87142857142857;30.348942648453487
2019-06-28;2019;6;Summer;2019;Agricultural;NO2;27.13809523809524;26.526880521770963
2019-06-29;2019;6;Summer;2019;Agricultural;NO2;12.361904761904762;12.431524216761227
2019-06-30;2019;6;Summer;2019;Agricultural;NO2;23.17142857142857;22.57067201304428
2019-07-01;2019;7;Summer;2019;Agricultural;NO2;25.65714285714285;24.780709781541688
2019-07-02;2019;7;Summer;2019;Agricultural;NO2;24.104761904761904;23.78498411061012
2019-07-03;2019;7;Summer;2019;Agricultural;NO2;15.52857142857143;15.117764504267674
2019-07-04;2019;7;Summer;2019;Agricultural;NO2;21.195238095238096;20.37572999683876
2019-07-05;2019;7;Summer;2019;Agricultural;NO2;32.147619047619045;30.856250103988152
2019-07-06;2019;7;Summer;2019;Agricultural;NO2;21.01904761904762;20.557892284910903
2019-07-07;2019;7;Summer;2019;Agricultural;NO2;14.671428571428573;14.654915728000269
2019-07-08;2019;7;Summer;2019;Agricultural;NO2;20.17142857142857;19.351263664043397
2019-07-09;2019;7;Summer;2019;Agricultural;NO2;12.166666666666666;12.265758780759697
2019-07-10;2019;7;Summer;2019;Agricultural;NO2;12.47142857142857;12.52731976773206
2019-07-11;2019;7;Summer;2019;Agricultural;NO2;16.48095238095238;15.984960817263698
2019-07-12;2019;7;Summer;2019;Agricultural;NO2;16.366666666666667;16.081872785052326
2019-07-13;2019;7;Summer;2019;Agricultural;NO2;13.595238095238097;13.048135700381012
2019-07-14;2019;7;Summer;2019;Agricultural;NO2;14.0;13.492487895778911
2019-07-15;2019;7;Summer;2019;Agricultural;NO2;10.566666666666666;10.430896960218291
2019-07-16;2019;7;Summer;2019;Agricultural;NO2;16.257142857142856;15.633560720762691
2019-07-17;2019;7;Summer;2019;Agricultural;NO2;31.009523809523813;29.764391128562632
2019-07-18;2019;7;Summer;2019;Agricultural;NO2;32.17619047619047;30.43061577625077
2019-07-19;2019;7;Summer;2019;Agricultural;NO2;30.88571428571429;29.3167762008552
2019-07-20;2019;7;Summer;2019;Agricultural;NO2;29.404761904761905;27.718824351529875
2019-07-21;2019;7;Summer;2019;Agricultural;NO2;23.67619047619048;22.75338003094687
2019-07-22;2019;7;Summer;2019;Agricultural;NO2;25.123809523809523;23.359178410395486
2019-07-23;2019;7;Summer;2019;Agricultural;NO2;30.87142857142857;29.7051944162521
2019-07-24;2019;7;Summer;2019;Agricultural;NO2;25.928571428571427;25.24989767565679
2019-07-25;2019;7;Summer;2019;Agricultural;NO2;24.03809523809524;23.466858559472907
2019-07-26;2019;7;Summer;2019;Agricultural;NO2;14.52857142857143;14.353508144352196
2019-07-27;2019;7;Summer;2019;Agricultural;NO2;9.004761904761905;8.818561469477396
2019-07-28;2019;7;Summer;2019;Agricultural;NO2;10.252380952380951;9.96811640017969
2019-07-29;2019;7;Summer;2019;Agricultural;NO2;15.657142857142858;15.343052759429646
2019-07-30;2019;7;Summer;2019;Agricultural;NO2;16.76666666666667;16.47663011829692
2019-07-31;2019;7;Summer;2019;Agricultural;NO2;24.323809523809523;23.505009733291185
2019-08-01;2019;8;Summer;2019;Agricultural;NO2;22.866666666666667;22.08648154002296
2019-08-02;2019;8;Summer;2019;Agricultural;NO2;19.347619047619048;18.968550654709414
2019-08-03;2019;8;Summer;2019;Agricultural;NO2;17.904761904761905;17.165906859890523
2019-08-04;2019;8;Summer;2019;Agricultural;NO2;16.847619047619048;15.81266658902218
2019-08-05;2019;8;Summer;2019;Agricultural;NO2;19.623809523809523;18.55014391960468
2019-08-06;2019;8;Summer;2019;Agricultural;NO2;18.3;17.44811573465551
2019-08-07;2019;8;Summer;2019;Agricultural;NO2;10.390476190476187;10.383624777465352
2019-08-08;2019;8;Summer;2019;Agricultural;NO2;12.395238095238096;11.959665906859891
2019-08-09;2019;8;Summer;2019;Agricultural;NO2;19.57619047619048;18.66095702377585
2019-08-10;2019;8;Summer;2019;Agricultural;NO2;21.02380952380953;19.70501472472256
2019-08-11;2019;8;Summer;2019;Agricultural;NO2;12.58095238095238;12.24857661015257
2019-08-12;2019;8;Summer;2019;Agricultural;NO2;15.323809523809524;14.942788213566711
2019-08-13;2019;8;Summer;2019;Agricultural;NO2;11.252380952380951;11.341933014990932
2019-08-14;2019;8;Summer;2019;Agricultural;NO2;10.814285714285711;10.603018152172105
2019-08-15;2019;8;Summer;2019;Agricultural;NO2;14.238095238095235;13.8730163219806
2019-08-16;2019;8;Summer;2019;Agricultural;NO2;12.833333333333334;12.365006738432358
2019-08-17;2019;8;Summer;2019;Agricultural;NO2;17.523809523809526;16.71779445285593
2019-08-18;2019;8;Summer;2019;Agricultural;NO2;20.219047619047625;19.61096617473337
2019-08-19;2019;8;Summer;2019;Agricultural;NO2;14.819047619047618;14.622632813669869
2019-08-20;2019;8;Summer;2019;Agricultural;NO2;17.795238095238094;16.848949303695324
2019-08-21;2019;8;Summer;2019;Agricultural;NO2;12.885714285714286;12.587706104520574
2019-08-22;2019;8;Summer;2019;Agricultural;NO2;13.609523809523813;13.07221270152904
2019-08-23;2019;8;Summer;2019;Agricultural;NO2;21.561904761904763;20.98511222401544
2019-08-24;2019;8;Summer;2019;Agricultural;NO2;15.342857142857142;14.94922383242101
2019-08-25;2019;8;Summer;2019;Agricultural;NO2;13.628571428571428;13.02403540588656
2019-08-26;2019;8;Summer;2019;Agricultural;NO2;17.61904761904762;16.970044756501338
2019-08-27;2019;8;Summer;2019;Agricultural;NO2;19.195238095238096;18.52695705705206
2019-08-28;2019;8;Summer;2019;Agricultural;NO2;17.204761904761906;16.526642596875366
2019-08-29;2019;8;Summer;2019;Agricultural;NO2;13.128571428571428;13.231111591767466
2019-08-30;2019;8;Summer;2019;Agricultural;NO2;19.14761904761905;19.052632980050912
2019-08-31;2019;8;Summer;2019;Agricultural;NO2;15.195238095238096;14.944778130875331
2019-09-01;2019;9;Autumn;2019;Agricultural;NO2;14.738095238095235;14.45931817047402
2019-09-02;2019;9;Autumn;2019;Agricultural;NO2;18.071428571428573;17.905869923298336
2019-09-03;2019;9;Autumn;2019;Agricultural;NO2;13.433333333333334;13.673706803320966
2019-09-04;2019;9;Autumn;2019;Agricultural;NO2;17.69047619047619;17.25845132522503
2019-09-05;2019;9;Autumn;2019;Agricultural;NO2;20.752380952380957;20.42035172953097
2019-09-06;2019;9;Autumn;2019;Agricultural;NO2;11.461904761904762;12.047987621250186
2019-09-07;2019;9;Autumn;2019;Agricultural;NO2;13.752380952380951;13.928105086268571
2019-09-08;2019;9;Autumn;2019;Agricultural;NO2;9.414285714285716;9.305618687919072
2019-09-09;2019;9;Autumn;2019;Agricultural;NO2;14.323809523809524;14.688250170540572
2019-09-10;2019;9;Autumn;2019;Agricultural;NO2;17.01904761904762;17.15285593065238
2019-09-11;2019;9;Autumn;2019;Agricultural;NO2;16.3;16.53029299702178
2019-09-12;2019;9;Autumn;2019;Agricultural;NO2;23.14761904761905;23.115383591501253
2019-09-13;2019;9;Autumn;2019;Agricultural;NO2;23.304761904761904;23.30264545862935
2019-09-14;2019;9;Autumn;2019;Agricultural;NO2;20.03809523809524;19.8369815150658
2019-09-15;2019;9;Autumn;2019;Agricultural;NO2;19.923809523809524;19.88737167861837
2019-09-16;2019;9;Autumn;2019;Agricultural;NO2;21.914285714285715;22.34568490757533
2019-09-17;2019;9;Autumn;2019;Agricultural;NO2;19.742857142857144;19.96359749097383
2019-09-18;2019;9;Autumn;2019;Agricultural;NO2;16.561904761904763;16.925296574214265
2019-09-19;2019;9;Autumn;2019;Agricultural;NO2;11.77142857142857;12.336505665274611
2019-09-20;2019;9;Autumn;2019;Agricultural;NO2;12.966666666666669;13.347776317321932
2019-09-21;2019;9;Autumn;2019;Agricultural;NO2;18.43333333333333;18.53087699449279
2019-09-22;2019;9;Autumn;2019;Agricultural;NO2;17.928571428571427;17.594476149277074
2019-09-23;2019;9;Autumn;2019;Agricultural;NO2;13.8;14.334202951599751
2019-09-24;2019;9;Autumn;2019;Agricultural;NO2;18.83333333333333;18.78373126133471
2019-09-25;2019;9;Autumn;2019;Agricultural;NO2;21.633333333333333;21.84359017020781
2019-09-26;2019;9;Autumn;2019;Agricultural;NO2;20.18095238095238;20.3907758348169
2019-09-27;2019;9;Autumn;2019;Agricultural;NO2;22.61904761904762;22.854143719947427
2019-09-28;2019;9;Autumn;2019;Agricultural;NO2;18.561904761904763;18.600094837196146
2019-09-29;2019;9;Autumn;2019;Agricultural;NO2;18.87619047619048;18.49844100960019
2019-09-30;2019;9;Autumn;2019;Agricultural;NO2;21.34285714285714;21.67801274478812
2019-10-01;2019;10;Autumn;2019;Agricultural;NO2;23.804761904761904;23.45180107482156
2019-10-02;2019;10;Autumn;2019;Agricultural;NO2;19.223809523809525;19.713232284578144
2019-10-03;2019;10;Autumn;2019;Agricultural;NO2;17.31904761904762;17.592329833785335
2019-10-04;2019;10;Autumn;2019;Agricultural;NO2;28.05714285714286;27.651301931683943
2019-10-05;2019;10;Autumn;2019;Agricultural;NO2;30.985714285714288;30.51849158943813
2019-10-06;2019;10;Autumn;2019;Agricultural;NO2;18.152380952380952;17.71411077650034
2019-10-07;2019;10;Autumn;2019;Agricultural;NO2;11.404761904761903;11.925261634194632
2019-10-08;2019;10;Autumn;2019;Agricultural;NO2;20.94761904761905;21.222532985042346
2019-10-09;2019;10;Autumn;2019;Agricultural;NO2;25.757142857142856;25.71876445435336
2019-10-10;2019;10;Autumn;2019;Agricultural;NO2;25.37142857142857;25.68238024724224
2019-10-11;2019;10;Autumn;2019;Agricultural;NO2;26.433333333333334;26.203632098231367
2019-10-12;2019;10;Autumn;2019;Agricultural;NO2;25.195238095238096;25.03712793038617
2019-10-13;2019;10;Autumn;2019;Agricultural;NO2;25.571428571428573;25.24423073723441
2019-10-14;2019;10;Autumn;2019;Agricultural;NO2;30.133333333333333;29.43628770610452
2019-10-15;2019;10;Autumn;2019;Agricultural;NO2;15.342857142857142;15.176783188859126
2019-10-16;2019;10;Autumn;2019;Agricultural;NO2;18.52380952380953;18.88845315541653
2019-10-17;2019;10;Autumn;2019;Agricultural;NO2;31.11904761904762;31.032351130559206
2019-10-18;2019;10;Autumn;2019;Agricultural;NO2;18.59047619047619;19.066572384074007
2019-10-19;2019;10;Autumn;2019;Agricultural;NO2;17.795238095238094;17.703597158211736
2019-10-20;2019;10;Autumn;2019;Agricultural;NO2;8.361904761904762;8.520714440210972
2019-10-21;2019;10;Autumn;2019;Agricultural;NO2;11.461904761904762;11.818273630268038
2019-10-22;2019;10;Autumn;2019;Agricultural;NO2;16.347619047619048;16.926927108463804
2019-10-23;2019;10;Autumn;2019;Agricultural;NO2;22.652380952380952;23.242728316390195
2019-10-24;2019;10;Autumn;2019;Agricultural;NO2;20.81428571428572;21.07595294744023
2019-10-25;2019;10;Autumn;2019;Agricultural;NO2;21.652380952380952;21.917082341979604
2019-10-26;2019;10;Autumn;2019;Agricultural;NO2;23.30952380952381;23.42903682012545
2019-10-27;2019;10;Autumn;2019;Agricultural;NO2;21.780952380952375;22.181614894431227
2019-10-28;2019;10;Autumn;2019;Agricultural;NO2;26.761904761904763;27.58806881520057
2019-10-29;2019;10;Autumn;2019;Agricultural;NO2;22.071428571428573;22.72932299552435
2019-10-30;2019;10;Autumn;2019;Agricultural;NO2;15.166666666666666;15.88167479160774
2019-10-31;2019;10;Autumn;2019;Agricultural;NO2;18.58095238095238;18.963198176463735
2019-11-01;2019;11;Autumn;2019;Agricultural;NO2;17.476190476190474;18.86785850955859
2019-11-02;2019;11;Autumn;2019;Agricultural;NO2;14.995238095238092;16.59794353027303
2019-11-03;2019;11;Autumn;2019;Agricultural;NO2;12.352380952380951;13.136821789261768
2019-11-04;2019;11;Autumn;2019;Agricultural;NO2;25.342857142857145;25.901128063491008
2019-11-05;2019;11;Autumn;2019;Agricultural;NO2;26.014285714285712;27.09513002678735
2019-11-06;2019;11;Autumn;2019;Agricultural;NO2;27.18095238095238;28.40292664259688
2019-11-07;2019;11;Autumn;2019;Agricultural;NO2;33.03333333333334;33.30818594745686
2019-11-08;2019;11;Autumn;2019;Agricultural;NO2;16.047619047619047;16.491386453255245
2019-11-09;2019;11;Autumn;2019;Agricultural;NO2;19.81428571428572;20.62880388666123
2019-11-10;2019;11;Autumn;2019;Agricultural;NO2;24.66190476190476;25.004284311931183
2019-11-11;2019;11;Autumn;2019;Agricultural;NO2;31.214285714285715;31.53918939154452
2019-11-12;2019;11;Autumn;2019;Agricultural;NO2;28.48095238095238;28.89378733174717
2019-11-13;2019;11;Autumn;2019;Agricultural;NO2;35.05714285714286;34.16823453072226
2019-11-14;2019;11;Autumn;2019;Agricultural;NO2;30.552380952380958;30.550070711944493
2019-11-15;2019;11;Autumn;2019;Agricultural;NO2;21.585714285714285;21.73157413107499
2019-11-16;2019;11;Autumn;2019;Agricultural;NO2;27.57619047619048;28.51908057834052
2019-11-17;2019;11;Autumn;2019;Agricultural;NO2;14.904761904761903;15.612879556760896
2019-11-18;2019;11;Autumn;2019;Agricultural;NO2;36.81904761904762;36.00961016920952
2019-11-19;2019;11;Autumn;2019;Agricultural;NO2;27.185714285714283;27.11075653461558
2019-11-20;2019;11;Autumn;2019;Agricultural;NO2;28.123809523809523;28.334239555429846
2019-11-21;2019;11;Autumn;2019;Agricultural;NO2;33.50952380952381;34.07524749180573
2019-11-22;2019;11;Autumn;2019;Agricultural;NO2;31.200000000000003;31.212072608688416
2019-11-23;2019;11;Autumn;2019;Agricultural;NO2;6.990476190476191;7.093091858975425
2019-11-24;2019;11;Autumn;2019;Agricultural;NO2;7.704761904761905;7.929105036354258
2019-11-25;2019;11;Autumn;2019;Agricultural;NO2;23.57619047619048;24.19193717451708
2019-11-26;2019;11;Autumn;2019;Agricultural;NO2;36.69047619047619;38.094976956225146
2019-11-27;2019;11;Autumn;2019;Agricultural;NO2;39.58095238095238;39.61795750628089
2019-11-28;2019;11;Autumn;2019;Agricultural;NO2;38.84761904761905;38.69320000665524
2019-11-29;2019;11;Autumn;2019;Agricultural;NO2;42.03809523809524;41.72238490591152
2019-11-30;2019;11;Autumn;2019;Agricultural;NO2;46.08571428571428;45.63260569355939
2019-12-01;2019;12;Winter;2020;Agricultural;NO2;25.685714285714283;27.102439146132472
2019-12-02;2019;12;Winter;2020;Agricultural;NO2;28.133333333333333;28.39619153786001
2019-12-03;2019;12;Winter;2020;Agricultural;NO2;28.20952380952381;28.832030015140678
2019-12-04;2019;12;Winter;2020;Agricultural;NO2;37.8;38.76778031046703
2019-12-05;2019;12;Winter;2020;Agricultural;NO2;57.88571428571428;58.13862369598855
2019-12-06;2019;12;Winter;2020;Agricultural;NO2;54.2;53.884739530472686
2019-12-07;2019;12;Winter;2020;Agricultural;NO2;55.96666666666666;56.020295159975376
2019-12-08;2019;12;Winter;2020;Agricultural;NO2;56.7952380952381;56.18487762674077
2019-12-09;2019;12;Winter;2020;Agricultural;NO2;52.84285714285714;53.37940202652114
2019-12-10;2019;12;Winter;2020;Agricultural;NO2;51.5047619047619;51.31574131074988
2019-12-11;2019;12;Winter;2020;Agricultural;NO2;45.74285714285715;46.642402209540286
2019-12-12;2019;12;Winter;2020;Agricultural;NO2;38.60952380952381;39.199420993960366
2019-12-13;2019;12;Winter;2020;Agricultural;NO2;48.31904761904762;47.972557110294
2019-12-14;2019;12;Winter;2020;Agricultural;NO2;48.34285714285714;48.244322246809645
2019-12-15;2019;12;Winter;2020;Agricultural;NO2;47.96190476190476;47.71062342977888
2019-12-16;2019;12;Winter;2020;Agricultural;NO2;44.67619047619047;44.89219672894864
2019-12-17;2019;12;Winter;2020;Agricultural;NO2;52.24761904761905;52.09275909688368
2019-12-18;2019;12;Winter;2020;Agricultural;NO2;44.595238095238095;44.71048699732126
2019-12-19;2019;12;Winter;2020;Agricultural;NO2;48.76190476190476;48.69133487513102
2019-12-20;2019;12;Winter;2020;Agricultural;NO2;31.80952380952381;31.582074106117837
2019-12-21;2019;12;Winter;2020;Agricultural;NO2;23.01904761904762;23.08221386619636
2019-12-22;2019;12;Winter;2020;Agricultural;NO2;15.109523809523813;15.23631432707186
2019-12-23;2019;12;Winter;2020;Agricultural;NO2;16.414285714285715;16.807375671763474
2019-12-24;2019;12;Winter;2020;Agricultural;NO2;39.66666666666666;38.49955742641798
2019-12-25;2019;12;Winter;2020;Agricultural;NO2;53.76190476190476;53.23083872685224
2019-12-26;2019;12;Winter;2020;Agricultural;NO2;42.24285714285715;42.91764803753557
2019-12-27;2019;12;Winter;2020;Agricultural;NO2;47.05238095238095;46.60406968038201
2019-12-28;2019;12;Winter;2020;Agricultural;NO2;51.37619047619048;51.09008535347653
2019-12-29;2019;12;Winter;2020;Agricultural;NO2;36.15238095238095;36.912894531055024
2019-12-30;2019;12;Winter;2020;Agricultural;NO2;24.97142857142857;25.202422508027883
2019-12-31;2019;12;Winter;2020;Agricultural;NO2;40.26190476190476;40.92654609586876
2023-01-01;2023;1;Winter;2023;Agricultural;NO2;18.29523809523809;17.87447479696624
2023-01-02;2023;1;Winter;2023;Agricultural;NO2;16.3;16.171605476877644
2023-01-03;2023;1;Winter;2023;Agricultural;NO2;15.66190476190476;15.669863749244914
2023-01-04;2023;1;Winter;2023;Agricultural;NO2;18.357142857142858;17.979251963219006
2023-01-05;2023;1;Winter;2023;Agricultural;NO2;16.133333333333333;16.260780924894288
2023-01-06;2023;1;Winter;2023;Agricultural;NO2;16.34285714285714;16.25344989596617
2023-01-07;2023;1;Winter;2023;Agricultural;NO2;16.03333333333333;16.336351432982077
2023-01-08;2023;1;Winter;2023;Agricultural;NO2;15.552380952380954;15.687369957715283
2023-01-09;2023;1;Winter;2023;Agricultural;NO2;19.06666666666667;18.70387274313712
2023-01-10;2023;1;Winter;2023;Agricultural;NO2;22.123809523809523;21.870778240150344
2023-01-11;2023;1;Winter;2023;Agricultural;NO2;37.56666666666666;38.01936707161555
2023-01-12;2023;1;Winter;2023;Agricultural;NO2;39.07619047619048;39.49032988791194
2023-01-13;2023;1;Winter;2023;Agricultural;NO2;39.00476190476191;39.078349218068325
2023-01-14;2023;1;Winter;2023;Agricultural;NO2;35.60476190476191;35.900681253775424
2023-01-15;2023;1;Winter;2023;Agricultural;NO2;27.995238095238093;28.52795154037184
2023-01-16;2023;1;Winter;2023;Agricultural;NO2;26.223809523809525;26.26130780589301
2023-01-17;2023;1;Winter;2023;Agricultural;NO2;22.73333333333333;22.49169910732264
2023-01-18;2023;1;Winter;2023;Agricultural;NO2;26.26666666666667;26.800223169340224
2023-01-19;2023;1;Winter;2023;Agricultural;NO2;26.61904761904762;26.865727565608427
2023-01-20;2023;1;Winter;2023;Agricultural;NO2;28.466666666666665;29.04810222162561
2023-01-21;2023;1;Winter;2023;Agricultural;NO2;31.85238095238095;32.017106852808915
2023-01-22;2023;1;Winter;2023;Agricultural;NO2;26.46190476190477;26.94858044164038
2023-01-23;2023;1;Winter;2023;Agricultural;NO2;32.94285714285714;33.116747768306595
2023-01-24;2023;1;Winter;2023;Agricultural;NO2;22.3;22.24104302302168
2023-01-25;2023;1;Winter;2023;Agricultural;NO2;28.24761904761905;28.36109302637761
2023-01-26;2023;1;Winter;2023;Agricultural;NO2;24.995238095238093;25.28529095912477
2023-01-27;2023;1;Winter;2023;Agricultural;NO2;27.03333333333333;27.088135109738907
2023-01-28;2023;1;Winter;2023;Agricultural;NO2;30.44761904761905;30.1522568628767
2023-01-29;2023;1;Winter;2023;Agricultural;NO2;28.714285714285715;28.573075374186185
2023-01-30;2023;1;Winter;2023;Agricultural;NO2;34.9;34.90860628230082
2023-01-31;2023;1;Winter;2023;Agricultural;NO2;38.2047619047619;38.44754010336264
2023-02-01;2023;2;Winter;2023;Agricultural;NO2;35.46190476190476;35.66338177058863
2023-02-02;2023;2;Winter;2023;Agricultural;NO2;20.97142857142857;21.18448553594201
2023-02-03;2023;2;Winter;2023;Agricultural;NO2;30.861904761904764;31.376516880327536
2023-02-04;2023;2;Winter;2023;Agricultural;NO2;20.742857142857144;20.701676286999128
2023-02-05;2023;2;Winter;2023;Agricultural;NO2;7.433333333333333;7.461034297603866
2023-02-06;2023;2;Winter;2023;Agricultural;NO2;16.09047619047619;16.119863749244917
2023-02-07;2023;2;Winter;2023;Agricultural;NO2;23.33333333333333;23.07674676152762
2023-02-08;2023;2;Winter;2023;Agricultural;NO2;27.03333333333333;26.91229948318679
2023-02-09;2023;2;Winter;2023;Agricultural;NO2;16.676190476190477;16.7947009866434
2023-02-10;2023;2;Winter;2023;Agricultural;NO2;35.7;35.16012987448822
2023-02-11;2023;2;Winter;2023;Agricultural;NO2;38.18095238095238;38.24781361165179
2023-02-12;2023;2;Winter;2023;Agricultural;NO2;33.714285714285715;33.29113195516478
2023-02-13;2023;2;Winter;2023;Agricultural;NO2;33.41904761904762;33.600847372306866
2023-02-14;2023;2;Winter;2023;Agricultural;NO2;39.95238095238095;40.02764950667829
2023-02-15;2023;2;Winter;2023;Agricultural;NO2;45.40952380952381;44.912990804752
2023-02-16;2023;2;Winter;2023;Agricultural;NO2;42.57619047619048;42.470821867239415
2023-02-17;2023;2;Winter;2023;Agricultural;NO2;29.5;29.747431035639973
2023-02-18;2023;2;Winter;2023;Agricultural;NO2;22.557142857142857;22.43215819853681
2023-02-19;2023;2;Winter;2023;Agricultural;NO2;20.728571428571428;20.89512718974428
2023-02-20;2023;2;Winter;2023;Agricultural;NO2;22.79523809523809;22.456033962010878
2023-02-21;2023;2;Winter;2023;Agricultural;NO2;27.580952380952382;28.4774112356534
2023-02-22;2023;2;Winter;2023;Agricultural;NO2;26.57619047619048;27.07473320357071
2023-02-23;2023;2;Winter;2023;Agricultural;NO2;23.51428571428572;24.17734411705484
2023-02-24;2023;2;Winter;2023;Agricultural;NO2;25.795238095238098;25.43061950466474
2023-02-25;2023;2;Winter;2023;Agricultural;NO2;23.79047619047619;23.43433451909524
2023-02-26;2023;2;Winter;2023;Agricultural;NO2;12.69047619047619;12.19877844150614
2023-02-27;2023;2;Winter;2023;Agricultural;NO2;13.933333333333334;14.04589905362776
2023-02-28;2023;2;Winter;2023;Agricultural;NO2;18.071428571428573;17.77529196590375
2023-03-01;2023;3;Spring;2023;Agricultural;NO2;24.547619047619047;24.533116316531316
2023-03-02;2023;3;Spring;2023;Agricultural;NO2;22.5;22.895971206121217
2023-03-03;2023;3;Spring;2023;Agricultural;NO2;27.933333333333334;28.05677394456004
2023-03-04;2023;3;Spring;2023;Agricultural;NO2;24.795238095238098;24.495511443721057
2023-03-05;2023;3;Spring;2023;Agricultural;NO2;23.51428571428572;23.408711994093565
2023-03-06;2023;3;Spring;2023;Agricultural;NO2;24.995238095238093;24.893115309752336
2023-03-07;2023;3;Spring;2023;Agricultural;NO2;23.280952380952375;23.55923216323243
2023-03-08;2023;3;Spring;2023;Agricultural;NO2;26.133333333333333;26.294707698503256
2023-03-09;2023;3;Spring;2023;Agricultural;NO2;22.30952380952381;21.8640747701188
2023-03-10;2023;3;Spring;2023;Agricultural;NO2;16.0;16.08172192764615
2023-03-11;2023;3;Spring;2023;Agricultural;NO2;11.438095238095238;11.59962245788308
2023-03-12;2023;3;Spring;2023;Agricultural;NO2;14.5;13.909742264581515
2023-03-13;2023;3;Spring;2023;Agricultural;NO2;21.20952380952381;20.85490469159004
2023-03-14;2023;3;Spring;2023;Agricultural;NO2;15.014285714285714;14.9724813745889
2023-03-15;2023;3;Spring;2023;Agricultural;NO2;17.3;16.954590912141754
2023-03-16;2023;3;Spring;2023;Agricultural;NO2;16.952380952380953;16.59862239076448
2023-03-17;2023;3;Spring;2023;Agricultural;NO2;23.623809523809523;23.348734814417075
2023-03-18;2023;3;Spring;2023;Agricultural;NO2;31.423809523809524;30.8263692194107
2023-03-19;2023;3;Spring;2023;Agricultural;NO2;21.633333333333333;20.779324115712463
2023-03-20;2023;3;Spring;2023;Agricultural;NO2;20.257142857142856;19.88504597624001
2023-03-21;2023;3;Spring;2023;Agricultural;NO2;26.666666666666668;25.552552184710382
2023-03-22;2023;3;Spring;2023;Agricultural;NO2;30.03333333333333;30.26087321296731
2023-03-23;2023;3;Spring;2023;Agricultural;NO2;25.38571428571429;24.82785421840392
2023-03-24;2023;3;Spring;2023;Agricultural;NO2;16.071428571428573;15.691135311094705
2023-03-25;2023;3;Spring;2023;Agricultural;NO2;13.838095238095235;13.195665816497751
2023-03-26;2023;3;Spring;2023;Agricultural;NO2;13.97142857142857;13.709319417410564
2023-03-27;2023;3;Spring;2023;Agricultural;NO2;12.795238095238094;12.455807436740722
2023-03-28;2023;3;Spring;2023;Agricultural;NO2;20.452380952380956;20.12374152627693
2023-03-29;2023;3;Spring;2023;Agricultural;NO2;23.00952380952381;22.54541076582321
2023-03-30;2023;3;Spring;2023;Agricultural;NO2;24.19047619047619;23.787485737297803
2023-03-31;2023;3;Spring;2023;Agricultural;NO2;24.866666666666667;24.599305322504865
2023-04-01;2023;4;Spring;2023;Agricultural;NO2;20.614285714285717;20.29398617356869
2023-04-02;2023;4;Spring;2023;Agricultural;NO2;16.357142857142858;15.80124672796832
2023-04-03;2023;4;Spring;2023;Agricultural;NO2;17.247619047619047;16.881085978924762
2023-04-04;2023;4;Spring;2023;Agricultural;NO2;11.27142857142857;11.238747566950805
2023-04-05;2023;4;Spring;2023;Agricultural;NO2;17.495238095238093;16.974209678501914
2023-04-06;2023;4;Spring;2023;Agricultural;NO2;23.00952380952381;22.52458218672394
2023-04-07;2023;4;Spring;2023;Agricultural;NO2;27.995238095238093;27.80926404456675
2023-04-08;2023;4;Spring;2023;Agricultural;NO2;18.53809523809524;17.991029599301964
2023-04-09;2023;4;Spring;2023;Agricultural;NO2;11.076190476190476;10.81076078931472
2023-04-10;2023;4;Spring;2023;Agricultural;NO2;12.785714285714286;12.438089804684878
2023-04-11;2023;4;Spring;2023;Agricultural;NO2;18.219047619047625;17.910629908047518
2023-04-12;2023;4;Spring;2023;Agricultural;NO2;17.476190476190474;17.51850291965904
2023-04-13;2023;4;Spring;2023;Agricultural;NO2;12.757142857142856;12.808445197664271
2023-04-14;2023;4;Spring;2023;Agricultural;NO2;14.961904761904762;14.857888113296193
2023-04-15;2023;4;Spring;2023;Agricultural;NO2;13.71904761904762;13.574711390026176
2023-04-16;2023;4;Spring;2023;Agricultural;NO2;12.914285714285716;12.877117591784684
2023-04-17;2023;4;Spring;2023;Agricultural;NO2;21.58095238095238;21.253142828377744
2023-04-18;2023;4;Spring;2023;Agricultural;NO2;21.65714285714286;21.43452580710115
2023-04-19;2023;4;Spring;2023;Agricultural;NO2;17.96666666666667;17.48298879119404
2023-04-20;2023;4;Spring;2023;Agricultural;NO2;10.561904761904762;10.715524531847777
2023-04-21;2023;4;Spring;2023;Agricultural;NO2;13.157142857142858;12.975412779381166
2023-04-22;2023;4;Spring;2023;Agricultural;NO2;16.02857142857143;15.671931002080678
2023-04-23;2023;4;Spring;2023;Agricultural;NO2;15.114285714285714;14.711244043224378
2023-04-24;2023;4;Spring;2023;Agricultural;NO2;9.9;9.881022216256126
2023-04-25;2023;4;Spring;2023;Agricultural;NO2;8.152380952380952;7.986475602389422
2023-04-26;2023;4;Spring;2023;Agricultural;NO2;15.047619047619047;15.026781998791868
2023-04-27;2023;4;Spring;2023;Agricultural;NO2;14.209523809523809;14.201256795758104
2023-04-28;2023;4;Spring;2023;Agricultural;NO2;14.019047619047615;13.849612390093297
2023-04-29;2023;4;Spring;2023;Agricultural;NO2;13.595238095238097;13.494625478220014
2023-04-30;2023;4;Spring;2023;Agricultural;NO2;8.30952380952381;8.297172629035506
2023-05-01;2023;5;Spring;2023;Agricultural;NO2;7.866666666666666;7.79159675145983
2023-05-02;2023;5;Spring;2023;Agricultural;NO2;10.4;10.28461306127928
2023-05-03;2023;5;Spring;2023;Agricultural;NO2;12.547619047619047;12.443862004161351
2023-05-04;2023;5;Spring;2023;Agricultural;NO2;16.847619047619048;16.765586616551445
2023-05-05;2023;5;Spring;2023;Agricultural;NO2;17.847619047619048;17.562275991677293
2023-05-06;2023;5;Spring;2023;Agricultural;NO2;17.985714285714284;17.486482314249276
2023-05-07;2023;5;Spring;2023;Agricultural;NO2;10.866666666666664;10.477350828914693
2023-05-08;2023;5;Spring;2023;Agricultural;NO2;9.528571428571428;9.506731995435937
2023-05-09;2023;5;Spring;2023;Agricultural;NO2;10.20952380952381;10.184963755956776
2023-05-10;2023;5;Spring;2023;Agricultural;NO2;7.938095238095237;8.059836230619505
2023-05-11;2023;5;Spring;2023;Agricultural;NO2;8.347619047619048;8.189180481911539
2023-05-12;2023;5;Spring;2023;Agricultural;NO2;8.842857142857142;8.852176320558426
2023-05-13;2023;5;Spring;2023;Agricultural;NO2;8.876190476190477;8.865287938787837
2023-05-14;2023;5;Spring;2023;Agricultural;NO2;7.009523809523809;6.994110342976039
2023-05-15;2023;5;Spring;2023;Agricultural;NO2;9.185714285714289;8.976528626082287
2023-05-16;2023;5;Spring;2023;Agricultural;NO2;14.88095238095238;14.949226458151552
2023-05-17;2023;5;Spring;2023;Agricultural;NO2;12.571428571428571;12.640130210081212
2023-05-18;2023;5;Spring;2023;Agricultural;NO2;9.857142857142858;9.83039297939459
2023-05-19;2023;5;Spring;2023;Agricultural;NO2;9.714285714285714;9.855461775958116
2023-05-20;2023;5;Spring;2023;Agricultural;NO2;13.633333333333336;13.601026914558023
2023-05-21;2023;5;Spring;2023;Agricultural;NO2;11.095238095238097;11.172399154305658
2023-05-22;2023;5;Spring;2023;Agricultural;NO2;12.566666666666666;12.375239948989863
2023-05-23;2023;5;Spring;2023;Agricultural;NO2;15.757142857142856;15.405196657493793
2023-05-24;2023;5;Spring;2023;Agricultural;NO2;14.7;14.317120276528623
2023-05-25;2023;5;Spring;2023;Agricultural;NO2;10.780952380952382;10.60892341767904
2023-05-26;2023;5;Spring;2023;Agricultural;NO2;14.72857142857143;14.37385227196456
2023-05-27;2023;5;Spring;2023;Agricultural;NO2;15.142857142857142;14.062611584670112
2023-05-28;2023;5;Spring;2023;Agricultural;NO2;17.45714285714286;16.56654809047587
2023-05-29;2023;5;Spring;2023;Agricultural;NO2;21.047619047619047;20.427053829116048
2023-05-30;2023;5;Spring;2023;Agricultural;NO2;20.79047619047619;20.0390747701188
2023-05-31;2023;5;Spring;2023;Agricultural;NO2;13.45714285714286;13.017064903684812
2023-06-01;2023;6;Summer;2023;Agricultural;NO2;20.08095238095238;19.34855359420095
2023-06-02;2023;6;Summer;2023;Agricultural;NO2;19.423809523809524;18.50433082757232
2023-06-03;2023;6;Summer;2023;Agricultural;NO2;11.795238095238094;11.271231290690649
2023-06-04;2023;6;Summer;2023;Agricultural;NO2;11.366666666666664;10.902610913484128
2023-06-05;2023;6;Summer;2023;Agricultural;NO2;11.385714285714286;11.15711960534264
2023-06-06;2023;6;Summer;2023;Agricultural;NO2;10.466666666666669;10.226100745016444
2023-06-07;2023;6;Summer;2023;Agricultural;NO2;16.761904761904763;16.471471239680515
2023-06-08;2023;6;Summer;2023;Agricultural;NO2;21.01904761904762;20.447172629035503
2023-06-09;2023;6;Summer;2023;Agricultural;NO2;19.20952380952381;18.690504396268206
2023-06-10;2023;6;Summer;2023;Agricultural;NO2;17.64761904761905;17.043058258943553
2023-06-11;2023;6;Summer;2023;Agricultural;NO2;14.02857142857143;13.40798040136922
2023-06-12;2023;6;Summer;2023;Agricultural;NO2;13.54285714285714;13.10550372508222
2023-06-13;2023;6;Summer;2023;Agricultural;NO2;10.2;10.078196523256594
2023-06-14;2023;6;Summer;2023;Agricultural;NO2;17.61904761904762;17.196660849721457
2023-06-15;2023;6;Summer;2023;Agricultural;NO2;15.557142857142855;15.365917175649372
2023-06-16;2023;6;Summer;2023;Agricultural;NO2;16.08095238095238;15.512683737163568
2023-06-17;2023;6;Summer;2023;Agricultural;NO2;17.66190476190476;16.627015235921874
2023-06-18;2023;6;Summer;2023;Agricultural;NO2;21.719047619047625;20.44765756091013
2023-06-19;2023;6;Summer;2023;Agricultural;NO2;17.73333333333333;17.019695952748506
2023-06-20;2023;6;Summer;2023;Agricultural;NO2;21.561904761904763;21.372525001677964
2023-06-21;2023;6;Summer;2023;Agricultural;NO2;19.50952380952381;19.156931673266666
2023-06-22;2023;6;Summer;2023;Agricultural;NO2;27.88095238095238;27.279458352909597
2023-06-23;2023;6;Summer;2023;Agricultural;NO2;16.03333333333333;15.544409020739646
2023-06-24;2023;6;Summer;2023;Agricultural;NO2;15.276190476190475;14.658487146788374
2023-06-25;2023;6;Summer;2023;Agricultural;NO2;10.595238095238097;10.21122055171488
2023-06-26;2023;6;Summer;2023;Agricultural;NO2;20.81428571428572;20.13092153835828
2023-06-27;2023;6;Summer;2023;Agricultural;NO2;20.60952380952381;20.098035103027048
2023-06-28;2023;6;Summer;2023;Agricultural;NO2;8.257142857142858;8.217902208201894
2023-06-29;2023;6;Summer;2023;Agricultural;NO2;10.466666666666669;10.345773206255457
2023-06-30;2023;6;Summer;2023;Agricultural;NO2;17.257142857142856;17.24073931136318
2023-07-01;2023;7;Summer;2023;Agricultural;NO2;12.99047619047619;12.291333310960466
2023-07-02;2023;7;Summer;2023;Agricultural;NO2;18.63809523809524;17.769464393583462
2023-07-03;2023;7;Summer;2023;Agricultural;NO2;13.157142857142858;12.61509665078193
2023-07-04;2023;7;Summer;2023;Agricultural;NO2;10.41904761904762;10.11210651721592
2023-07-05;2023;7;Summer;2023;Agricultural;NO2;10.50952380952381;10.14248271696087
2023-07-06;2023;7;Summer;2023;Agricultural;NO2;12.247619047619049;12.087692126988388
2023-07-07;2023;7;Summer;2023;Agricultural;NO2;14.54285714285714;14.322679374454662
2023-07-08;2023;7;Summer;2023;Agricultural;NO2;13.657142857142858;13.392309886569567
2023-07-09;2023;7;Summer;2023;Agricultural;NO2;18.866666666666667;18.231391368548223
2023-07-10;2023;7;Summer;2023;Agricultural;NO2;18.85238095238095;18.29297100476542
2023-07-11;2023;7;Summer;2023;Agricultural;NO2;17.38095238095238;16.840328209946975
2023-07-12;2023;7;Summer;2023;Agricultural;NO2;12.22857142857143;12.0372944492919
2023-07-13;2023;7;Summer;2023;Agricultural;NO2;13.533333333333331;13.084690247667629
2023-07-14;2023;7;Summer;2023;Agricultural;NO2;14.761904761904765;14.818466004429828
2023-07-15;2023;7;Summer;2023;Agricultural;NO2;17.876190476190477;17.578867709242232
2023-07-16;2023;7;Summer;2023;Agricultural;NO2;16.323809523809523;15.939351634337877
2023-07-17;2023;7;Summer;2023;Agricultural;NO2;16.35238095238095;15.902184710383247
2023-07-18;2023;7;Summer;2023;Agricultural;NO2;12.385714285714286;12.1380747030002
2023-07-19;2023;7;Summer;2023;Agricultural;NO2;12.385714285714286;12.105943351902813
2023-07-20;2023;7;Summer;2023;Agricultural;NO2;9.528571428571428;9.432107859587893
2023-07-21;2023;7;Summer;2023;Agricultural;NO2;9.095238095238097;9.20873548560306
2023-07-22;2023;7;Summer;2023;Agricultural;NO2;8.742857142857142;8.700058728773744
2023-07-23;2023;7;Summer;2023;Agricultural;NO2;8.747619047619047;8.678619370427546
2023-07-24;2023;7;Summer;2023;Agricultural;NO2;13.438095238095238;13.274818779783878
2023-07-25;2023;7;Summer;2023;Agricultural;NO2;9.628571428571428;9.590153701590712
2023-07-26;2023;7;Summer;2023;Agricultural;NO2;10.185714285714289;10.117071615544669
2023-07-27;2023;7;Summer;2023;Agricultural;NO2;8.8;8.70656587690449
2023-07-28;2023;7;Summer;2023;Agricultural;NO2;14.9;14.667190751057118
2023-07-29;2023;7;Summer;2023;Agricultural;NO2;10.614285714285714;10.357383045842004
2023-07-30;2023;7;Summer;2023;Agricultural;NO2;6.433333333333333;6.317924021746426
2023-07-31;2023;7;Summer;2023;Agricultural;NO2;9.757142857142858;9.630632928384454
2023-08-01;2023;8;Summer;2023;Agricultural;NO2;11.72857142857143;11.68560473857306
2023-08-02;2023;8;Summer;2023;Agricultural;NO2;9.11904761904762;9.000359084502316
2023-08-03;2023;8;Summer;2023;Agricultural;NO2;9.72857142857143;9.466692395462784
2023-08-04;2023;8;Summer;2023;Agricultural;NO2;8.957142857142857;8.69460702060541
2023-08-05;2023;8;Summer;2023;Agricultural;NO2;8.719047619047618;8.673874085509095
2023-08-06;2023;8;Summer;2023;Agricultural;NO2;12.242857142857144;11.823587153500236
2023-08-07;2023;8;Summer;2023;Agricultural;NO2;12.4;12.17255184911739
2023-08-08;2023;8;Summer;2023;Agricultural;NO2;16.914285714285715;16.074468085106382
2023-08-09;2023;8;Summer;2023;Agricultural;NO2;16.704761904761906;16.31960198671052
2023-08-10;2023;8;Summer;2023;Agricultural;NO2;11.157142857142858;10.610524196254785
2023-08-11;2023;8;Summer;2023;Agricultural;NO2;12.333333333333334;11.585307738774414
2023-08-12;2023;8;Summer;2023;Agricultural;NO2;12.290476190476191;11.742276327270286
2023-08-13;2023;8;Summer;2023;Agricultural;NO2;11.814285714285711;11.388485804416405
2023-08-14;2023;8;Summer;2023;Agricultural;NO2;16.03333333333333;15.48289482515605
2023-08-15;2023;8;Summer;2023;Agricultural;NO2;12.085714285714284;11.410559433519028
2023-08-16;2023;8;Summer;2023;Agricultural;NO2;11.023809523809524;10.495999731525606
2023-08-17;2023;8;Summer;2023;Agricultural;NO2;14.523809523809524;14.29734210349688
2023-08-18;2023;8;Summer;2023;Agricultural;NO2;12.071428571428571;11.537747499832204
2023-08-19;2023;8;Summer;2023;Agricultural;NO2;13.385714285714286;12.970667494462717
2023-08-20;2023;8;Summer;2023;Agricultural;NO2;11.476190476190476;11.004730183233775
2023-08-21;2023;8;Summer;2023;Agricultural;NO2;15.023809523809524;14.374708034096248
2023-08-22;2023;8;Summer;2023;Agricultural;NO2;19.280952380952375;18.60241626954829
2023-08-23;2023;8;Summer;2023;Agricultural;NO2;18.60952380952381;18.05415296328613
2023-08-24;2023;8;Summer;2023;Agricultural;NO2;17.985714285714284;17.294531512182026
2023-08-25;2023;8;Summer;2023;Agricultural;NO2;14.2;13.817625343982815
2023-08-26;2023;8;Summer;2023;Agricultural;NO2;13.95714285714286;13.59083831129606
2023-08-27;2023;8;Summer;2023;Agricultural;NO2;15.21904761904762;15.02677193100208
2023-08-28;2023;8;Summer;2023;Agricultural;NO2;9.061904761904762;9.1104486878314
2023-08-29;2023;8;Summer;2023;Agricultural;NO2;10.00952380952381;10.065544667427345
2023-08-30;2023;8;Summer;2023;Agricultural;NO2;10.657142857142858;10.40592153835828
2023-08-31;2023;8;Summer;2023;Agricultural;NO2;14.871428571428572;14.56299248271696
2023-09-01;2023;9;Autumn;2023;Agricultural;NO2;17.847619047619048;17.171983018994563
2023-09-02;2023;9;Autumn;2023;Agricultural;NO2;17.69047619047619;17.31188838177059
2023-09-03;2023;9;Autumn;2023;Agricultural;NO2;18.03333333333333;17.833706960198672
2023-09-04;2023;9;Autumn;2023;Agricultural;NO2;14.11904761904762;13.631305792335056
2023-09-05;2023;9;Autumn;2023;Agricultural;NO2;13.266666666666667;12.8510420162427
2023-09-06;2023;9;Autumn;2023;Agricultural;NO2;20.43809523809524;19.99362708906638
2023-09-07;2023;9;Autumn;2023;Agricultural;NO2;19.219047619047625;18.78488824753339
2023-09-08;2023;9;Autumn;2023;Agricultural;NO2;21.561904761904763;21.01185146654138
2023-09-09;2023;9;Autumn;2023;Agricultural;NO2;22.50952380952381;21.8010655077522
2023-09-10;2023;9;Autumn;2023;Agricultural;NO2;20.93809523809524;20.155718504597623
2023-09-11;2023;9;Autumn;2023;Agricultural;NO2;24.18095238095238;23.618378750251694
2023-09-12;2023;9;Autumn;2023;Agricultural;NO2;26.61904761904762;25.818645546680987
2023-09-13;2023;9;Autumn;2023;Agricultural;NO2;19.695238095238096;19.14983388146856
2023-09-14;2023;9;Autumn;2023;Agricultural;NO2;14.242857142857144;14.25290287938788
2023-09-15;2023;9;Autumn;2023;Agricultural;NO2;14.366666666666664;14.10136586348077
2023-09-16;2023;9;Autumn;2023;Agricultural;NO2;20.4;19.52415262769313
2023-09-17;2023;9;Autumn;2023;Agricultural;NO2;13.652380952380952;13.369155648030068
2023-09-18;2023;9;Autumn;2023;Agricultural;NO2;16.10952380952381;15.689197261561178
2023-09-19;2023;9;Autumn;2023;Agricultural;NO2;16.761904761904763;16.477532049130815
2023-09-20;2023;9;Autumn;2023;Agricultural;NO2;13.857142857142858;13.626295388952276
2023-09-21;2023;9;Autumn;2023;Agricultural;NO2;15.252380952380951;15.196588697228002
2023-09-22;2023;9;Autumn;2023;Agricultural;NO2;10.58095238095238;10.187227330693336
2023-09-23;2023;9;Autumn;2023;Agricultural;NO2;13.585714285714284;13.213969058326064
2023-09-24;2023;9;Autumn;2023;Agricultural;NO2;19.557142857142857;18.57025974897644
2023-09-25;2023;9;Autumn;2023;Agricultural;NO2;20.68095238095238;19.936074568763004
2023-09-26;2023;9;Autumn;2023;Agricultural;NO2;24.104761904761904;23.61927646150748
2023-09-27;2023;9;Autumn;2023;Agricultural;NO2;28.1;27.07229344251292
2023-09-28;2023;9;Autumn;2023;Agricultural;NO2;29.052380952380958;28.376778642861936
2023-09-29;2023;9;Autumn;2023;Agricultural;NO2;28.33333333333333;27.722459561044364
2023-09-30;2023;9;Autumn;2023;Agricultural;NO2;30.623809523809523;29.704607691791395
2023-10-01;2023;10;Autumn;2023;Agricultural;NO2;26.795238095238098;25.73295858782469
2023-10-02;2023;10;Autumn;2023;Agricultural;NO2;31.366666666666667;30.647016578293847
2023-10-03;2023;10;Autumn;2023;Agricultural;NO2;28.02857142857143;27.25390965836633
2023-10-04;2023;10;Autumn;2023;Agricultural;NO2;18.19047619047619;17.78332270622189
2023-10-05;2023;10;Autumn;2023;Agricultural;NO2;21.928571428571427;21.17109705349352
2023-10-06;2023;10;Autumn;2023;Agricultural;NO2;26.95714285714286;26.141484327807238
2023-10-07;2023;10;Autumn;2023;Agricultural;NO2;26.566666666666663;25.70170649036848
2023-10-08;2023;10;Autumn;2023;Agricultural;NO2;24.114285714285717;23.337322974696285
2023-10-09;2023;10;Autumn;2023;Agricultural;NO2;26.27142857142857;25.63020840324854
2023-10-10;2023;10;Autumn;2023;Agricultural;NO2;22.871428571428574;22.43789851667897
2023-10-11;2023;10;Autumn;2023;Agricultural;NO2;25.347619047619045;25.02939962413585
2023-10-12;2023;10;Autumn;2023;Agricultural;NO2;26.20952380952381;25.88010101349084
2023-10-13;2023;10;Autumn;2023;Agricultural;NO2;25.185714285714283;24.82447815289617
2023-10-14;2023;10;Autumn;2023;Agricultural;NO2;23.714285714285715;23.02364420430901
2023-10-15;2023;10;Autumn;2023;Agricultural;NO2;15.11904761904762;14.740836633331096
2023-10-16;2023;10;Autumn;2023;Agricultural;NO2;13.6;12.99936069534868
2023-10-17;2023;10;Autumn;2023;Agricultural;NO2;28.19047619047619;27.85069635546009
2023-10-18;2023;10;Autumn;2023;Agricultural;NO2;24.37619047619048;24.208636485670176
2023-10-19;2023;10;Autumn;2023;Agricultural;NO2;20.476190476190474;20.583171689375124
2023-10-20;2023;10;Autumn;2023;Agricultural;NO2;16.50952380952381;16.381398080408083
2023-10-21;2023;10;Autumn;2023;Agricultural;NO2;17.433333333333334;17.20588126719914
2023-10-22;2023;10;Autumn;2023;Agricultural;NO2;22.81428571428572;21.96916403785489
2023-10-23;2023;10;Autumn;2023;Agricultural;NO2;25.65714285714285;25.324392576683
2023-10-24;2023;10;Autumn;2023;Agricultural;NO2;14.604761904761904;14.505502047117256
2023-10-25;2023;10;Autumn;2023;Agricultural;NO2;17.29047619047619;16.953151218202564
2023-10-26;2023;10;Autumn;2023;Agricultural;NO2;18.77142857142857;18.927719981206792
2023-10-27;2023;10;Autumn;2023;Agricultural;NO2;15.314285714285717;14.974924491576616
2023-10-28;2023;10;Autumn;2023;Agricultural;NO2;24.52380952380953;23.915442311564533
2023-10-29;2023;10;Autumn;2023;Agricultural;NO2;14.27142857142857;13.967568293174038
2023-10-30;2023;10;Autumn;2023;Agricultural;NO2;14.657142857142858;14.624478152896168
2023-10-31;2023;10;Autumn;2023;Agricultural;NO2;16.14761904761905;15.53146687697161
2023-11-01;2023;11;Autumn;2023;Agricultural;NO2;18.54285714285714;17.58877944828512
2023-11-02;2023;11;Autumn;2023;Agricultural;NO2;12.914285714285716;12.782725350694678
2023-11-03;2023;11;Autumn;2023;Agricultural;NO2;16.89047619047619;16.379565742667292
2023-11-04;2023;11;Autumn;2023;Agricultural;NO2;13.966666666666669;13.758869722800188
2023-11-05;2023;11;Autumn;2023;Agricultural;NO2;11.00952380952381;10.542615276193033
2023-11-06;2023;11;Autumn;2023;Agricultural;NO2;21.752380952380957;21.534747298476407
2023-11-07;2023;11;Autumn;2023;Agricultural;NO2;25.63809523809524;25.29856198402577
2023-11-08;2023;11;Autumn;2023;Agricultural;NO2;30.16190476190476;30.15218303241828
2023-11-09;2023;11;Autumn;2023;Agricultural;NO2;28.742857142857144;28.75907107859588
2023-11-10;2023;11;Autumn;2023;Agricultural;NO2;19.685714285714283;19.3312990804752
2023-11-11;2023;11;Autumn;2023;Agricultural;NO2;23.52857142857143;23.530632928384453
2023-11-12;2023;11;Autumn;2023;Agricultural;NO2;24.30952380952381;24.126224914423787
2023-11-13;2023;11;Autumn;2023;Agricultural;NO2;28.52857142857143;28.395835290959123
2023-11-14;2023;11;Autumn;2023;Agricultural;NO2;28.014285714285712;27.877355862809587
2023-11-15;2023;11;Autumn;2023;Agricultural;NO2;32.023809523809526;30.847811933686824
2023-11-16;2023;11;Autumn;2023;Agricultural;NO2;41.147619047619045;40.842915631921606
2023-11-17;2023;11;Autumn;2023;Agricultural;NO2;33.19047619047619;32.15880428216659
2023-11-18;2023;11;Autumn;2023;Agricultural;NO2;35.357142857142854;34.94972313578092
2023-11-19;2023;11;Autumn;2023;Agricultural;NO2;38.766666666666666;37.98759480502047
2023-11-20;2023;11;Autumn;2023;Agricultural;NO2;38.75238095238095;38.382228673065306
2023-11-21;2023;11;Autumn;2023;Agricultural;NO2;41.385714285714286;39.9755654741929
2023-11-22;2023;11;Autumn;2023;Agricultural;NO2;43.12380952380953;42.0990418820055
2023-11-23;2023;11;Autumn;2023;Agricultural;NO2;41.99047619047619;41.39365058057588
2023-11-24;2023;11;Autumn;2023;Agricultural;NO2;45.85238095238096;45.02735586280958
2023-11-25;2023;11;Autumn;2023;Agricultural;NO2;24.40952380952381;23.30218135445332
2023-11-26;2023;11;Autumn;2023;Agricultural;NO2;22.44761904761905;21.79842439089872
2023-11-27;2023;11;Autumn;2023;Agricultural;NO2;43.27142857142857;43.23002550506745
2023-11-28;2023;11;Autumn;2023;Agricultural;NO2;34.32857142857143;33.750120813477416
2023-11-29;2023;11;Autumn;2023;Agricultural;NO2;38.46190476190476;38.44754345929257
2023-11-30;2023;11;Autumn;2023;Agricultural;NO2;27.81904761904762;27.59393080072488
2023-12-01;2023;12;Winter;2024;Agricultural;NO2;23.97142857142857;24.193373716356803
2023-12-02;2023;12;Winter;2024;Agricultural;NO2;24.17142857142857;24.39820793341835
2023-12-03;2023;12;Winter;2024;Agricultural;NO2;24.304761904761904;24.129048929458357
2023-12-04;2023;12;Winter;2024;Agricultural;NO2;34.17142857142857;34.096939391905494
2023-12-05;2023;12;Winter;2024;Agricultural;NO2;27.185714285714283;27.489913752600845
2023-12-06;2023;12;Winter;2024;Agricultural;NO2;33.666666666666664;33.256441707497146
2023-12-07;2023;12;Winter;2024;Agricultural;NO2;41.17619047619048;40.83007752198134
2023-12-08;2023;12;Winter;2024;Agricultural;NO2;35.56666666666666;35.81290858446876
2023-12-09;2023;12;Winter;2024;Agricultural;NO2;25.242857142857144;25.345358748909323
2023-12-10;2023;12;Winter;2024;Agricultural;NO2;19.585714285714285;19.530072488086446
2023-12-11;2023;12;Winter;2024;Agricultural;NO2;23.204761904761902;23.48175548694543
2023-12-12;2023;12;Winter;2024;Agricultural;NO2;30.361904761904764;30.48364823142493
2023-12-13;2023;12;Winter;2024;Agricultural;NO2;31.17142857142857;31.221409154976847
2023-12-14;2023;12;Winter;2024;Agricultural;NO2;29.742857142857144;29.65294147258205
2023-12-15;2023;12;Winter;2024;Agricultural;NO2;36.21428571428572;35.991088328075705
2023-12-16;2023;12;Winter;2024;Agricultural;NO2;31.728571428571428;31.51285321162494
2023-12-17;2023;12;Winter;2024;Agricultural;NO2;29.071428571428573;29.02130679911404
2023-12-18;2023;12;Winter;2024;Agricultural;NO2;34.04761904761905;33.957968655614465
2023-12-19;2023;12;Winter;2024;Agricultural;NO2;42.885714285714286;42.36763205584267
2023-12-20;2023;12;Winter;2024;Agricultural;NO2;40.88095238095238;41.03070843680784
2023-12-21;2023;12;Winter;2024;Agricultural;NO2;39.16190476190476;38.82296798442849
2023-12-22;2023;12;Winter;2024;Agricultural;NO2;20.128571428571423;19.74102624337204
2023-12-23;2023;12;Winter;2024;Agricultural;NO2;16.476190476190474;16.623590509430162
2023-12-24;2023;12;Winter;2024;Agricultural;NO2;22.88095238095238;22.7408131418216
2023-12-25;2023;12;Winter;2024;Agricultural;NO2;27.490476190476187;27.486824619101952
2023-12-26;2023;12;Winter;2024;Agricultural;NO2;26.94285714285714;26.781740385260758
2023-12-27;2023;12;Winter;2024;Agricultural;NO2;24.54285714285714;24.751614202295457
2023-12-28;2023;12;Winter;2024;Agricultural;NO2;28.990476190476187;28.767004496946104
2023-12-29;2023;12;Winter;2024;Agricultural;NO2;28.65714285714285;28.811995771528288
2023-12-30;2023;12;Winter;2024;Agricultural;NO2;26.52380952380953;26.73430431572589
2023-12-31;2023;12;Winter;2024;Agricultural;NO2;22.81904761904762;22.808831129606016
2016-01-01;2016;1;Winter;2016;Industrial;NO2;39.95;40.30267212005331
2016-01-02;2016;1;Winter;2016;Industrial;NO2;38.44375;38.08256915979822
2016-01-03;2016;1;Winter;2016;Industrial;NO2;43.0625;43.544035604625535
2016-01-04;2016;1;Winter;2016;Industrial;NO2;41.46875;42.39396541788447
2016-01-05;2016;1;Winter;2016;Industrial;NO2;38.68125;39.74961892293644
2016-01-06;2016;1;Winter;2016;Industrial;NO2;40.2;41.56832908272579
2016-01-07;2016;1;Winter;2016;Industrial;NO2;57.1125;58.728374947914055
2016-01-08;2016;1;Winter;2016;Industrial;NO2;55.9;56.47509715322578
2016-01-09;2016;1;Winter;2016;Industrial;NO2;50.64375;51.405380293927294
2016-01-10;2016;1;Winter;2016;Industrial;NO2;44.36875;45.11553949223217
2016-01-11;2016;1;Winter;2016;Industrial;NO2;47.96875;49.49669605151559
2016-01-12;2016;1;Winter;2016;Industrial;NO2;50.50625;52.53932644370433
2016-01-13;2016;1;Winter;2016;Industrial;NO2;49.4375;51.55425893144751
2016-01-14;2016;1;Winter;2016;Industrial;NO2;50.60625;50.793332702884015
2016-01-15;2016;1;Winter;2016;Industrial;NO2;49.225;50.777358791665065
2016-01-16;2016;1;Winter;2016;Industrial;NO2;43.29375;43.04752632372193
2016-01-17;2016;1;Winter;2016;Industrial;NO2;26.51875;25.206001779049185
2016-01-18;2016;1;Winter;2016;Industrial;NO2;47.9125;48.60031177689186
2016-01-19;2016;1;Winter;2016;Industrial;NO2;54.2375;56.17407641636844
2016-01-20;2016;1;Winter;2016;Industrial;NO2;63.25;64.28392679301265
2016-01-21;2016;1;Winter;2016;Industrial;NO2;64.00625;64.31657707390738
2016-01-22;2016;1;Winter;2016;Industrial;NO2;58.8625;60.06288791103572
2016-01-23;2016;1;Winter;2016;Industrial;NO2;62.8125;64.7165365872399
2016-01-24;2016;1;Winter;2016;Industrial;NO2;57.6;59.1493455640502
2016-01-25;2016;1;Winter;2016;Industrial;NO2;71.79375;74.02442764559684
2016-01-26;2016;1;Winter;2016;Industrial;NO2;60.0;61.50888312947163
2016-01-27;2016;1;Winter;2016;Industrial;NO2;66.5375;68.53212956915684
2016-01-28;2016;1;Winter;2016;Industrial;NO2;72.40625;74.32344887302257
2016-01-29;2016;1;Winter;2016;Industrial;NO2;65.66250000000001;67.72345241930002
2016-01-30;2016;1;Winter;2016;Industrial;NO2;51.78125;53.31230380958854
2016-01-31;2016;1;Winter;2016;Industrial;NO2;43.86875;45.08527349187163
2016-02-01;2016;2;Winter;2016;Industrial;NO2;59.825;62.69035028355444
2016-02-02;2016;2;Winter;2016;Industrial;NO2;43.2;44.482145379643775
2016-02-03;2016;2;Winter;2016;Industrial;NO2;35.375;35.44774353321532
2016-02-04;2016;2;Winter;2016;Industrial;NO2;45.86875;46.38572948404618
2016-02-05;2016;2;Winter;2016;Industrial;NO2;48.5125;48.50195872724103
2016-02-06;2016;2;Winter;2016;Industrial;NO2;45.83125;45.9099975471581
2016-02-07;2016;2;Winter;2016;Industrial;NO2;28.0625;26.793852232529417
2016-02-08;2016;2;Winter;2016;Industrial;NO2;49.84375;50.90579816361933
2016-02-09;2016;2;Winter;2016;Industrial;NO2;42.925;42.10310447037824
2016-02-10;2016;2;Winter;2016;Industrial;NO2;43.79375;46.56475207087826
2016-02-11;2016;2;Winter;2016;Industrial;NO2;48.325;48.576591022598656
2016-02-12;2016;2;Winter;2016;Industrial;NO2;44.35;44.07916857525349
2016-02-13;2016;2;Winter;2016;Industrial;NO2;45.91875;48.37538558379115
2016-02-14;2016;2;Winter;2016;Industrial;NO2;40.11875;41.28925152859334
2016-02-15;2016;2;Winter;2016;Industrial;NO2;40.55625;40.00084726478576
2016-02-16;2016;2;Winter;2016;Industrial;NO2;45.25625;44.42996574887036
2016-02-17;2016;2;Winter;2016;Industrial;NO2;45.09375;46.17196667681296
2016-02-18;2016;2;Winter;2016;Industrial;NO2;44.51875;46.48537899362557
2016-02-19;2016;2;Winter;2016;Industrial;NO2;39.48125;40.7209785952604
2016-02-20;2016;2;Winter;2016;Industrial;NO2;42.4625;44.62529441490855
2016-02-21;2016;2;Winter;2016;Industrial;NO2;46.2375;47.95238620143447
2016-02-22;2016;2;Winter;2016;Industrial;NO2;53.4125;55.29017592491349
2016-02-23;2016;2;Winter;2016;Industrial;NO2;51.425;53.47966328095678
2016-02-24;2016;2;Winter;2016;Industrial;NO2;32.7;32.331199853420536
2016-02-25;2016;2;Winter;2016;Industrial;NO2;48.38125;48.7756184560099
2016-02-26;2016;2;Winter;2016;Industrial;NO2;35.31875;35.23456793042204
2016-02-27;2016;2;Winter;2016;Industrial;NO2;29.775;28.720728582700666
2016-02-28;2016;2;Winter;2016;Industrial;NO2;18.825;17.79623060260119
2016-02-29;2016;2;Winter;2016;Industrial;NO2;26.34375;25.74661197518788
2016-03-01;2016;3;Spring;2016;Industrial;NO2;34.48125;34.25459700989707
2016-03-02;2016;3;Spring;2016;Industrial;NO2;31.79375;31.11654988578032
2016-03-03;2016;3;Spring;2016;Industrial;NO2;33.125;33.730116170138565
2016-03-04;2016;3;Spring;2016;Industrial;NO2;43.725;44.60977265406359
2016-03-05;2016;3;Spring;2016;Industrial;NO2;25.65625;27.21117402469982
2016-03-06;2016;3;Spring;2016;Industrial;NO2;36.83125;38.80199744076978
2016-03-07;2016;3;Spring;2016;Industrial;NO2;44.93125;49.08443361516388
2016-03-08;2016;3;Spring;2016;Industrial;NO2;36.10625;36.95171950127518
2016-03-09;2016;3;Spring;2016;Industrial;NO2;40.61875;41.77778641362007
2016-03-10;2016;3;Spring;2016;Industrial;NO2;41.6;41.3239657429599
2016-03-11;2016;3;Spring;2016;Industrial;NO2;43.8625;43.126349432447846
2016-03-12;2016;3;Spring;2016;Industrial;NO2;31.48125;30.66539365157233
2016-03-13;2016;3;Spring;2016;Industrial;NO2;28.4;27.23324841969011
2016-03-14;2016;3;Spring;2016;Industrial;NO2;34.88125;33.87453359063546
2016-03-15;2016;3;Spring;2016;Industrial;NO2;38.125;37.49087276843104
2016-03-16;2016;3;Spring;2016;Industrial;NO2;25.0625;24.336390421504625
2016-03-17;2016;3;Spring;2016;Industrial;NO2;40.19375;40.53527689038752
2016-03-18;2016;3;Spring;2016;Industrial;NO2;47.5125;49.41855264596626
2016-03-19;2016;3;Spring;2016;Industrial;NO2;42.7;45.70986426623087
2016-03-20;2016;3;Spring;2016;Industrial;NO2;30.225;33.61683890739192
2016-03-21;2016;3;Spring;2016;Industrial;NO2;36.78125;36.65929139466226
2016-03-22;2016;3;Spring;2016;Industrial;NO2;29.16875;27.66836070369965
2016-03-23;2016;3;Spring;2016;Industrial;NO2;31.3625;31.198242228480748
2016-03-24;2016;3;Spring;2016;Industrial;NO2;32.38125;32.52938356832347
2016-03-25;2016;3;Spring;2016;Industrial;NO2;36.86875;39.419010706802645
2016-03-26;2016;3;Spring;2016;Industrial;NO2;34.98125;37.238412686216506
2016-03-27;2016;3;Spring;2016;Industrial;NO2;22.525;23.145449978279046
2016-03-28;2016;3;Spring;2016;Industrial;NO2;24.925;26.123351941439136
2016-03-29;2016;3;Spring;2016;Industrial;NO2;34.94375;39.226315151765895
2016-03-30;2016;3;Spring;2016;Industrial;NO2;38.26875;41.23813519000659
2016-03-31;2016;3;Spring;2016;Industrial;NO2;36.5;38.01808128658946
2016-04-01;2016;4;Spring;2016;Industrial;NO2;36.05;35.60725479707905
2016-04-02;2016;4;Spring;2016;Industrial;NO2;28.8;28.18546735503852
2016-04-03;2016;4;Spring;2016;Industrial;NO2;21.69375;21.325673866594958
2016-04-04;2016;4;Spring;2016;Industrial;NO2;21.58125;21.114659128856943
2016-04-05;2016;4;Spring;2016;Industrial;NO2;34.74375;36.72083467550084
2016-04-06;2016;4;Spring;2016;Industrial;NO2;40.25625;40.82315837379537
2016-04-07;2016;4;Spring;2016;Industrial;NO2;29.8875;29.281048693344523
2016-04-08;2016;4;Spring;2016;Industrial;NO2;29.6375;29.791778251271484
2016-04-09;2016;4;Spring;2016;Industrial;NO2;23.78125;24.44860202787965
2016-04-10;2016;4;Spring;2016;Industrial;NO2;23.6;24.492164795512775
2016-04-11;2016;4;Spring;2016;Industrial;NO2;34.2125;35.94648135396873
2016-04-12;2016;4;Spring;2016;Industrial;NO2;35.20625;38.31462809892932
2016-04-13;2016;4;Spring;2016;Industrial;NO2;26.84375;27.176002931589355
2016-04-14;2016;4;Spring;2016;Industrial;NO2;23.69375;23.95472704006998
2016-04-15;2016;4;Spring;2016;Industrial;NO2;25.89375;26.358395959607904
2016-04-16;2016;4;Spring;2016;Industrial;NO2;25.0375;25.744938132234772
2016-04-17;2016;4;Spring;2016;Industrial;NO2;21.34375;21.559914061876636
2016-04-18;2016;4;Spring;2016;Industrial;NO2;25.05625;26.861042664672876
2016-04-19;2016;4;Spring;2016;Industrial;NO2;31.3625;33.716826199897746
2016-04-20;2016;4;Spring;2016;Industrial;NO2;27.05;26.705899823572697
2016-04-21;2016;4;Spring;2016;Industrial;NO2;32.98125;33.80643324280475
2016-04-22;2016;4;Spring;2016;Industrial;NO2;30.90625;35.876981704163626
2016-04-23;2016;4;Spring;2016;Industrial;NO2;23.90625;26.491128100406936
2016-04-24;2016;4;Spring;2016;Industrial;NO2;14.38125;13.756777083955162
2016-04-25;2016;4;Spring;2016;Industrial;NO2;19.44375;21.006797918335145
2016-04-26;2016;4;Spring;2016;Industrial;NO2;26.4875;28.61459086301617
2016-04-27;2016;4;Spring;2016;Industrial;NO2;28.10625;29.7154508352961
2016-04-28;2016;4;Spring;2016;Industrial;NO2;35.03125;36.1485940487554
2016-04-29;2016;4;Spring;2016;Industrial;NO2;32.83125;33.027118088083625
2016-04-30;2016;4;Spring;2016;Industrial;NO2;21.74375;21.717742617093645
2016-05-01;2016;5;Spring;2016;Industrial;NO2;16.60625;16.11205231941321
2016-05-02;2016;5;Spring;2016;Industrial;NO2;28.2875;28.50493080326139
2016-05-03;2016;5;Spring;2016;Industrial;NO2;29.43125;30.47962781818236
2016-05-04;2016;5;Spring;2016;Industrial;NO2;25.98125;27.013169987854
2016-05-05;2016;5;Spring;2016;Industrial;NO2;29.0875;28.251384082533697
2016-05-06;2016;5;Spring;2016;Industrial;NO2;40.73125;40.23724241466032
2016-05-07;2016;5;Spring;2016;Industrial;NO2;31.06875;31.94987661909729
2016-05-08;2016;5;Spring;2016;Industrial;NO2;18.24375;19.082271863539244
2016-05-09;2016;5;Spring;2016;Industrial;NO2;28.65625;28.438043577839316
2016-05-10;2016;5;Spring;2016;Industrial;NO2;35.55;35.33523344848884
2016-05-11;2016;5;Spring;2016;Industrial;NO2;28.1625;27.61820245106876
2016-05-12;2016;5;Spring;2016;Industrial;NO2;24.54375;26.979718543780272
2016-05-13;2016;5;Spring;2016;Industrial;NO2;30.1875;34.92907651980153
2016-05-14;2016;5;Spring;2016;Industrial;NO2;24.9625;28.28918621798377
2016-05-15;2016;5;Spring;2016;Industrial;NO2;15.79375;14.938896457564356
2016-05-16;2016;5;Spring;2016;Industrial;NO2;22.9625;23.48472322782173
2016-05-17;2016;5;Spring;2016;Industrial;NO2;27.45625;28.381731647275423
2016-05-18;2016;5;Spring;2016;Industrial;NO2;30.48125;33.01468838564585
2016-05-19;2016;5;Spring;2016;Industrial;NO2;25.34375;25.4759219582544
2016-05-20;2016;5;Spring;2016;Industrial;NO2;28.31875;31.03594565920865
2016-05-21;2016;5;Spring;2016;Industrial;NO2;27.3375;31.25653800575088
2016-05-22;2016;5;Spring;2016;Industrial;NO2;16.65;17.933151783629793
2016-05-23;2016;5;Spring;2016;Industrial;NO2;26.28125;27.67356161509296
2016-05-24;2016;5;Spring;2016;Industrial;NO2;31.78125;35.38456305429055
2016-05-25;2016;5;Spring;2016;Industrial;NO2;35.775;39.35712816542202
2016-05-26;2016;5;Spring;2016;Industrial;NO2;36.0125;38.66164257660698
2016-05-27;2016;5;Spring;2016;Industrial;NO2;33.5625;35.88603150867508
2016-05-28;2016;5;Spring;2016;Industrial;NO2;25.25;27.33598525930676
2016-05-29;2016;5;Spring;2016;Industrial;NO2;18.20625;19.865289331910883
2016-05-30;2016;5;Spring;2016;Industrial;NO2;30.9;32.81603035613491
2016-05-31;2016;5;Spring;2016;Industrial;NO2;25.4875;25.799527163007596
2016-06-01;2016;6;Summer;2016;Industrial;NO2;33.60625;36.69322276828328
2016-06-02;2016;6;Summer;2016;Industrial;NO2;18.6875;21.88087669888854
2016-06-03;2016;6;Summer;2016;Industrial;NO2;25.375;28.399629414007208
2016-06-04;2016;6;Summer;2016;Industrial;NO2;23.325;25.36473108873673
2016-06-05;2016;6;Summer;2016;Industrial;NO2;17.8625;19.026746911044587
2016-06-06;2016;6;Summer;2016;Industrial;NO2;29.31875;31.263622581512667
2016-06-07;2016;6;Summer;2016;Industrial;NO2;31.6125;35.61903405312915
2016-06-08;2016;6;Summer;2016;Industrial;NO2;26.5;29.383686828239007
2016-06-09;2016;6;Summer;2016;Industrial;NO2;29.98125;30.163269135860844
2016-06-10;2016;6;Summer;2016;Industrial;NO2;27.40625;28.98895777861181
2016-06-11;2016;6;Summer;2016;Industrial;NO2;23.65;26.230213692768256
2016-06-12;2016;6;Summer;2016;Industrial;NO2;25.6125;27.946628228959494
2016-06-13;2016;6;Summer;2016;Industrial;NO2;24.36875;26.9373443701368
2016-06-14;2016;6;Summer;2016;Industrial;NO2;22.86875;24.23844608032909
2016-06-15;2016;6;Summer;2016;Industrial;NO2;25.71875;27.735124991503717
2016-06-16;2016;6;Summer;2016;Industrial;NO2;16.5125;17.28373558955385
2016-06-17;2016;6;Summer;2016;Industrial;NO2;24.1625;26.46083816267366
2016-06-18;2016;6;Summer;2016;Industrial;NO2;17.5625;18.933599501156973
2016-06-19;2016;6;Summer;2016;Industrial;NO2;17.1875;17.29408540027129
2016-06-20;2016;6;Summer;2016;Industrial;NO2;24.73125;26.367825806852
2016-06-21;2016;6;Summer;2016;Industrial;NO2;29.2625;31.52885399089198
2016-06-22;2016;6;Summer;2016;Industrial;NO2;25.6875;27.510458563225693
2016-06-23;2016;6;Summer;2016;Industrial;NO2;28.90625;30.88452463628492
2016-06-24;2016;6;Summer;2016;Industrial;NO2;31.93125;34.32831259253568
2016-06-25;2016;6;Summer;2016;Industrial;NO2;21.275;22.09049834063768
2016-06-26;2016;6;Summer;2016;Industrial;NO2;18.3;18.755144614238898
2016-06-27;2016;6;Summer;2016;Industrial;NO2;24.45;25.28056610408915
2016-06-28;2016;6;Summer;2016;Industrial;NO2;26.41875;27.18726590874837
2016-06-29;2016;6;Summer;2016;Industrial;NO2;24.15625;24.8200169630271
2016-06-30;2016;6;Summer;2016;Industrial;NO2;30.19375;32.86759145701764
2016-07-01;2016;7;Summer;2016;Industrial;NO2;26.275;28.472268701441852
2016-07-02;2016;7;Summer;2016;Industrial;NO2;18.89375;20.742047916118715
2016-07-03;2016;7;Summer;2016;Industrial;NO2;12.2625;12.994238481247582
2016-07-04;2016;7;Summer;2016;Industrial;NO2;21.53125;21.44907693353389
2016-07-05;2016;7;Summer;2016;Industrial;NO2;26.3625;28.35065680013476
2016-07-06;2016;7;Summer;2016;Industrial;NO2;28.21875;30.113002130721696
2016-07-07;2016;7;Summer;2016;Industrial;NO2;21.80625;21.95311791668021
2016-07-08;2016;7;Summer;2016;Industrial;NO2;27.7625;29.77822231022244
2016-07-09;2016;7;Summer;2016;Industrial;NO2;18.99375;21.057864313514568
2016-07-10;2016;7;Summer;2016;Industrial;NO2;14.2;14.61146807020447
2016-07-11;2016;7;Summer;2016;Industrial;NO2;29.69375;31.43609046553757
2016-07-12;2016;7;Summer;2016;Industrial;NO2;24.675;25.955647594589564
2016-07-13;2016;7;Summer;2016;Industrial;NO2;18.69375;19.879163846883564
2016-07-14;2016;7;Summer;2016;Industrial;NO2;21.21875;21.860509245440817
2016-07-15;2016;7;Summer;2016;Industrial;NO2;25.35;26.864897763776547
2016-07-16;2016;7;Summer;2016;Industrial;NO2;21.4125;22.566660263665725
2016-07-17;2016;7;Summer;2016;Industrial;NO2;17.075;18.079759621493988
2016-07-18;2016;7;Summer;2016;Industrial;NO2;34.20625;37.46826170345437
2016-07-19;2016;7;Summer;2016;Industrial;NO2;24.1625;25.08588552025368
2016-07-20;2016;7;Summer;2016;Industrial;NO2;32.09375;34.39338146419885
2016-07-21;2016;7;Summer;2016;Industrial;NO2;33.5375;35.683757753787866
2016-07-22;2016;7;Summer;2016;Industrial;NO2;24.825;24.843887547542284
2016-07-23;2016;7;Summer;2016;Industrial;NO2;18.3375;18.902379552164263
2016-07-24;2016;7;Summer;2016;Industrial;NO2;20.3875;21.724508914454923
2016-07-25;2016;7;Summer;2016;Industrial;NO2;30.5875;31.485438098249617
2016-07-26;2016;7;Summer;2016;Industrial;NO2;22.4125;22.789685356533862
2016-07-27;2016;7;Summer;2016;Industrial;NO2;27.6875;28.626108876627963
2016-07-28;2016;7;Summer;2016;Industrial;NO2;26.16875;26.722650960597903
2016-07-29;2016;7;Summer;2016;Industrial;NO2;30.025;31.63774657710346
2016-07-30;2016;7;Summer;2016;Industrial;NO2;24.1375;26.640473073410902
2016-07-31;2016;7;Summer;2016;Industrial;NO2;17.00625;18.14762473292098
2016-08-01;2016;8;Summer;2016;Industrial;NO2;20.1125;20.71120771433553
2016-08-02;2016;8;Summer;2016;Industrial;NO2;25.3;27.17964288986149
2016-08-03;2016;8;Summer;2016;Industrial;NO2;31.51875;32.28098279168871
2016-08-04;2016;8;Summer;2016;Industrial;NO2;39.7;40.35090858583321
2016-08-05;2016;8;Summer;2016;Industrial;NO2;33.28125;33.386646196765206
2016-08-06;2016;8;Summer;2016;Industrial;NO2;29.975;30.200088656936074
2016-08-07;2016;8;Summer;2016;Industrial;NO2;29.9125;29.290587884143115
2016-08-08;2016;8;Summer;2016;Industrial;NO2;34.95;35.386555471167284
2016-08-09;2016;8;Summer;2016;Industrial;NO2;25.9375;27.28794206564751
2016-08-10;2016;8;Summer;2016;Industrial;NO2;32.6875;32.114400546126724
2016-08-11;2016;8;Summer;2016;Industrial;NO2;31.29375;31.531376871769563
2016-08-12;2016;8;Summer;2016;Industrial;NO2;33.1125;33.15229340717471
2016-08-13;2016;8;Summer;2016;Industrial;NO2;31.04375;31.80825721150294
2016-08-14;2016;8;Summer;2016;Industrial;NO2;31.21875;31.46273217035135
2016-08-15;2016;8;Summer;2016;Industrial;NO2;32.75625;32.99930492962117
2016-08-16;2016;8;Summer;2016;Industrial;NO2;29.01875;28.82269440249658
2016-08-17;2016;8;Summer;2016;Industrial;NO2;26.9875;27.30608038819917
2016-08-18;2016;8;Summer;2016;Industrial;NO2;34.4;36.6682519511914
2016-08-19;2016;8;Summer;2016;Industrial;NO2;30.65625;30.75786401799145
2016-08-20;2016;8;Summer;2016;Industrial;NO2;29.01875;28.82269440249658
2016-08-21;2016;8;Summer;2016;Industrial;NO2;24.34375;25.14188478735634
2016-08-22;2016;8;Summer;2016;Industrial;NO2;27.85;29.242798840367275
2016-08-23;2016;8;Summer;2016;Industrial;NO2;31.8125;31.84577121191076
2016-08-24;2016;8;Summer;2016;Industrial;NO2;38.53125;38.820785914186
2016-08-25;2016;8;Summer;2016;Industrial;NO2;34.10625;32.81678098486035
2016-08-26;2016;8;Summer;2016;Industrial;NO2;36.51875;34.836812428520346
2016-08-27;2016;8;Summer;2016;Industrial;NO2;38.1125;39.12030450702311
2016-08-28;2016;8;Summer;2016;Industrial;NO2;30.50625;31.343259560911747
2016-08-29;2016;8;Summer;2016;Industrial;NO2;40.325;42.40647136528726
2016-08-30;2016;8;Summer;2016;Industrial;NO2;39.0625;38.67002834066723
2016-08-31;2016;8;Summer;2016;Industrial;NO2;36.75625;36.19824547923507
2016-09-01;2016;9;Autumn;2016;Industrial;NO2;34.44375;36.50114278790601
2016-09-02;2016;9;Autumn;2016;Industrial;NO2;44.95625;45.82706844019942
2016-09-03;2016;9;Autumn;2016;Industrial;NO2;43.35;45.59005594252667
2016-09-04;2016;9;Autumn;2016;Industrial;NO2;38.6625;41.99676195317141
2016-09-05;2016;9;Autumn;2016;Industrial;NO2;34.775;33.74989050868395
2016-09-06;2016;9;Autumn;2016;Industrial;NO2;37.3875;36.41856151165987
2016-09-07;2016;9;Autumn;2016;Industrial;NO2;39.65;37.891109186927245
2016-09-08;2016;9;Autumn;2016;Industrial;NO2;48.06875;48.73893842184743
2016-09-09;2016;9;Autumn;2016;Industrial;NO2;49.3125;49.26574030019239
2016-09-10;2016;9;Autumn;2016;Industrial;NO2;38.14375;37.93319552105159
2016-09-11;2016;9;Autumn;2016;Industrial;NO2;33.56875;32.94738122186989
2016-09-12;2016;9;Autumn;2016;Industrial;NO2;41.4;41.17263337697224
2016-09-13;2016;9;Autumn;2016;Industrial;NO2;41.125;42.8758211848704
2016-09-14;2016;9;Autumn;2016;Industrial;NO2;41.05;45.217810291888185
2016-09-15;2016;9;Autumn;2016;Industrial;NO2;37.675;39.84676003227112
2016-09-16;2016;9;Autumn;2016;Industrial;NO2;49.8625;51.76073945795149
2016-09-17;2016;9;Autumn;2016;Industrial;NO2;21.6875;24.597406193573555
2016-09-18;2016;9;Autumn;2016;Industrial;NO2;18.41875;20.58137317773056
2016-09-19;2016;9;Autumn;2016;Industrial;NO2;34.76875;36.88463191117757
2016-09-20;2016;9;Autumn;2016;Industrial;NO2;38.3625;38.49942107020743
2016-09-21;2016;9;Autumn;2016;Industrial;NO2;27.99375;26.81457638238328
2016-09-22;2016;9;Autumn;2016;Industrial;NO2;28.81875;28.756426298011423
2016-09-23;2016;9;Autumn;2016;Industrial;NO2;32.05625;32.67338902959073
2016-09-24;2016;9;Autumn;2016;Industrial;NO2;24.8625;26.22449738905324
2016-09-25;2016;9;Autumn;2016;Industrial;NO2;26.43125;29.489359099009118
2016-09-26;2016;9;Autumn;2016;Industrial;NO2;33.91875;35.19991193411017
2016-09-27;2016;9;Autumn;2016;Industrial;NO2;42.18125;42.641217496150816
2016-09-28;2016;9;Autumn;2016;Industrial;NO2;39.6375;41.95219086065198
2016-09-29;2016;9;Autumn;2016;Industrial;NO2;39.725;41.777270134728994
2016-09-30;2016;9;Autumn;2016;Industrial;NO2;40.9;45.032576695637786
2016-10-01;2016;10;Autumn;2016;Industrial;NO2;37.68125;42.36203414474131
2016-10-02;2016;10;Autumn;2016;Industrial;NO2;28.75625;32.42882384753371
2016-10-03;2016;10;Autumn;2016;Industrial;NO2;39.85625;42.91309226527338
2016-10-04;2016;10;Autumn;2016;Industrial;NO2;40.075;44.473259885987176
2016-10-05;2016;10;Autumn;2016;Industrial;NO2;29.975;31.52164027152664
2016-10-06;2016;10;Autumn;2016;Industrial;NO2;40.40625;41.27499253804122
2016-10-07;2016;10;Autumn;2016;Industrial;NO2;39.43125;40.26092888827157
2016-10-08;2016;10;Autumn;2016;Industrial;NO2;31.3625;32.10382347812982
2016-10-09;2016;10;Autumn;2016;Industrial;NO2;19.13125;17.829486114846194
2016-10-10;2016;10;Autumn;2016;Industrial;NO2;28.5875;28.29288557640307
2016-10-11;2016;10;Autumn;2016;Industrial;NO2;29.79375;29.333217685285607
2016-10-12;2016;10;Autumn;2016;Industrial;NO2;34.79375;35.96407946025657
2016-10-13;2016;10;Autumn;2016;Industrial;NO2;42.0875;40.75719081632352
2016-10-14;2016;10;Autumn;2016;Industrial;NO2;38.1;36.34396911192347
2016-10-15;2016;10;Autumn;2016;Industrial;NO2;28.3875;32.54109101225534
2016-10-16;2016;10;Autumn;2016;Industrial;NO2;24.625;24.2407547069445
2016-10-17;2016;10;Autumn;2016;Industrial;NO2;29.98125;31.30818924118529
2016-10-18;2016;10;Autumn;2016;Industrial;NO2;29.73125;34.188633294225774
2016-10-19;2016;10;Autumn;2016;Industrial;NO2;31.41875;33.33823005292819
2016-10-20;2016;10;Autumn;2016;Industrial;NO2;28.3125;28.23653522783355
2016-10-21;2016;10;Autumn;2016;Industrial;NO2;33.78125;34.93509041529864
2016-10-22;2016;10;Autumn;2016;Industrial;NO2;28.85625;31.36139019986229
2016-10-23;2016;10;Autumn;2016;Industrial;NO2;29.1375;28.08132146118452
2016-10-24;2016;10;Autumn;2016;Industrial;NO2;40.7;40.783485281471
2016-10-25;2016;10;Autumn;2016;Industrial;NO2;60.58125;64.74676150988672
2016-10-26;2016;10;Autumn;2016;Industrial;NO2;33.64375;32.44090453716647
2016-10-27;2016;10;Autumn;2016;Industrial;NO2;32.175;32.10555613018385
2016-10-28;2016;10;Autumn;2016;Industrial;NO2;36.91875;38.08935939453224
2016-10-29;2016;10;Autumn;2016;Industrial;NO2;35.30625;37.57572898165688
2016-10-30;2016;10;Autumn;2016;Industrial;NO2;30.3125;27.99337555373644
2016-10-31;2016;10;Autumn;2016;Industrial;NO2;41.95625;43.99119429758587
2016-11-01;2016;11;Autumn;2016;Industrial;NO2;37.5875;38.98478085483018
2016-11-02;2016;11;Autumn;2016;Industrial;NO2;45.475;47.40092114556582
2016-11-03;2016;11;Autumn;2016;Industrial;NO2;36.94375;37.05582934130853
2016-11-04;2016;11;Autumn;2016;Industrial;NO2;45.7;45.697715015234216
2016-11-05;2016;11;Autumn;2016;Industrial;NO2;36.31875;35.82551162440193
2016-11-06;2016;11;Autumn;2016;Industrial;NO2;34.2125;34.08084182716034
2016-11-07;2016;11;Autumn;2016;Industrial;NO2;38.90625;38.61134395049397
2016-11-08;2016;11;Autumn;2016;Industrial;NO2;35.30625;34.71327726274665
2016-11-09;2016;11;Autumn;2016;Industrial;NO2;40.5;41.73184468486892
2016-11-10;2016;11;Autumn;2016;Industrial;NO2;49.9875;51.324866201907305
2016-11-11;2016;11;Autumn;2016;Industrial;NO2;47.1375;47.20792622560826
2016-11-12;2016;11;Autumn;2016;Industrial;NO2;38.95;38.76629322395038
2016-11-13;2016;11;Autumn;2016;Industrial;NO2;35.85625;34.755670054346695
2016-11-14;2016;11;Autumn;2016;Industrial;NO2;44.45625;44.19510377294368
2016-11-15;2016;11;Autumn;2016;Industrial;NO2;44.9375;44.75516914265788
2016-11-16;2016;11;Autumn;2016;Industrial;NO2;52.55;53.99475712432363
2016-11-17;2016;11;Autumn;2016;Industrial;NO2;57.1875;58.036519860631294
2016-11-18;2016;11;Autumn;2016;Industrial;NO2;55.775;55.53364619380997
2016-11-19;2016;11;Autumn;2016;Industrial;NO2;43.23125;43.946807907016606
2016-11-20;2016;11;Autumn;2016;Industrial;NO2;33.4875;34.09150430133902
2016-11-21;2016;11;Autumn;2016;Industrial;NO2;36.2;36.355474122517975
2016-11-22;2016;11;Autumn;2016;Industrial;NO2;41.48125;40.56959746795791
2016-11-23;2016;11;Autumn;2016;Industrial;NO2;37.3;35.51536513359123
2016-11-24;2016;11;Autumn;2016;Industrial;NO2;44.59375;42.46509428665152
2016-11-25;2016;11;Autumn;2016;Industrial;NO2;35.0875;33.01533351261736
2016-11-26;2016;11;Autumn;2016;Industrial;NO2;33.83125;33.86173448429737
2016-11-27;2016;11;Autumn;2016;Industrial;NO2;31.0125;30.932376330962256
2016-11-28;2016;11;Autumn;2016;Industrial;NO2;35.45625;35.26617708336412
2016-11-29;2016;11;Autumn;2016;Industrial;NO2;42.88125;43.789801201597
2016-11-30;2016;11;Autumn;2016;Industrial;NO2;50.55625;50.69577076862608
2016-12-01;2016;12;Winter;2017;Industrial;NO2;57.13125;57.324591956451705
2016-12-02;2016;12;Winter;2017;Industrial;NO2;55.9375;56.04919248307392
2016-12-03;2016;12;Winter;2017;Industrial;NO2;44.31875;43.77642405203572
2016-12-04;2016;12;Winter;2017;Industrial;NO2;47.2625;47.588817405129696
2016-12-05;2016;12;Winter;2017;Industrial;NO2;44.45625;44.137495086928126
2016-12-06;2016;12;Winter;2017;Industrial;NO2;49.81875;49.24353380636735
2016-12-07;2016;12;Winter;2017;Industrial;NO2;55.15625;55.27402056249871
2016-12-08;2016;12;Winter;2017;Industrial;NO2;51.65625;52.449486233055445
2016-12-09;2016;12;Winter;2017;Industrial;NO2;61.26875;62.82628944125444
2016-12-10;2016;12;Winter;2017;Industrial;NO2;58.29375;58.7590948717873
2016-12-11;2016;12;Winter;2017;Industrial;NO2;47.3875;47.15072181522122
2016-12-12;2016;12;Winter;2017;Industrial;NO2;49.6875;49.23140849274344
2016-12-13;2016;12;Winter;2017;Industrial;NO2;54.13125;54.4362923078287
2016-12-14;2016;12;Winter;2017;Industrial;NO2;47.01875;48.29927242207795
2016-12-15;2016;12;Winter;2017;Industrial;NO2;57.30625;57.65413510726012
2016-12-16;2016;12;Winter;2017;Industrial;NO2;51.1625;51.37535544043288
2016-12-17;2016;12;Winter;2017;Industrial;NO2;46.65625;47.18070499995568
2016-12-18;2016;12;Winter;2017;Industrial;NO2;52.5375;54.27308464077687
2016-12-19;2016;12;Winter;2017;Industrial;NO2;52.3125;53.24458616419856
2016-12-20;2016;12;Winter;2017;Industrial;NO2;54.9375;55.18840840113126
2016-12-21;2016;12;Winter;2017;Industrial;NO2;50.7875;51.82021496351767
2016-12-22;2016;12;Winter;2017;Industrial;NO2;53.7375;55.75747185881088
2016-12-23;2016;12;Winter;2017;Industrial;NO2;60.85;61.37246936164051
2016-12-24;2016;12;Winter;2017;Industrial;NO2;58.2;58.79026635498828
2016-12-25;2016;12;Winter;2017;Industrial;NO2;47.51875;47.84801275477787
2016-12-26;2016;12;Winter;2017;Industrial;NO2;48.03125;48.02072474090011
2016-12-27;2016;12;Winter;2017;Industrial;NO2;47.60625;48.0502327244572
2016-12-28;2016;12;Winter;2017;Industrial;NO2;48.26875;47.872134533945264
2016-12-29;2016;12;Winter;2017;Industrial;NO2;35.7;35.436920294459235
2016-12-30;2016;12;Winter;2017;Industrial;NO2;43.03125;43.85822721590624
2016-12-31;2016;12;Winter;2017;Industrial;NO2;45.175;46.30974783012149
2017-01-01;2017;1;Winter;2017;Industrial;NO2;38.13125;38.278425736929634
2017-01-02;2017;1;Winter;2017;Industrial;NO2;51.4;52.74921735842592
2017-01-03;2017;1;Winter;2017;Industrial;NO2;47.5375;48.28357649032738
2017-01-04;2017;1;Winter;2017;Industrial;NO2;40.625;40.77224052012655
2017-01-05;2017;1;Winter;2017;Industrial;NO2;25.69375;24.902214259761976
2017-01-06;2017;1;Winter;2017;Industrial;NO2;35.54375;35.810861274971714
2017-01-07;2017;1;Winter;2017;Industrial;NO2;40.525;41.10079253721203
2017-01-08;2017;1;Winter;2017;Industrial;NO2;40.33125;40.48099269495145
2017-01-09;2017;1;Winter;2017;Industrial;NO2;48.825;50.50374586820191
2017-01-10;2017;1;Winter;2017;Industrial;NO2;43.5875;44.59019829676871
2017-01-11;2017;1;Winter;2017;Industrial;NO2;49.8625;51.87811468896681
2017-01-12;2017;1;Winter;2017;Industrial;NO2;56.39375;57.103090983744565
2017-01-13;2017;1;Winter;2017;Industrial;NO2;54.70625;54.45163366643724
2017-01-14;2017;1;Winter;2017;Industrial;NO2;51.175;50.02130486540455
2017-01-15;2017;1;Winter;2017;Industrial;NO2;47.23125;46.851243157978686
2017-01-16;2017;1;Winter;2017;Industrial;NO2;49.65625;47.97194512794912
2017-01-17;2017;1;Winter;2017;Industrial;NO2;50.65625;49.242260577255394
2017-01-18;2017;1;Winter;2017;Industrial;NO2;56.6875;55.53197443085312
2017-01-19;2017;1;Winter;2017;Industrial;NO2;60.325;59.773226834606966
2017-01-20;2017;1;Winter;2017;Industrial;NO2;57.95625;56.8401251872048
2017-01-21;2017;1;Winter;2017;Industrial;NO2;54.1375;53.297442789920034
2017-01-22;2017;1;Winter;2017;Industrial;NO2;44.475;41.942291298041845
2017-01-23;2017;1;Winter;2017;Industrial;NO2;58.98125;57.37118597005314
2017-01-24;2017;1;Winter;2017;Industrial;NO2;61.50625;59.95755450724154
2017-01-25;2017;1;Winter;2017;Industrial;NO2;60.43125;59.51563658491196
2017-01-26;2017;1;Winter;2017;Industrial;NO2;57.675;56.75681602679798
2017-01-27;2017;1;Winter;2017;Industrial;NO2;60.025;60.95717197437177
2017-01-28;2017;1;Winter;2017;Industrial;NO2;61.35;61.13248102843741
2017-01-29;2017;1;Winter;2017;Industrial;NO2;58.03125;57.73972818011834
2017-01-30;2017;1;Winter;2017;Industrial;NO2;70.3625;70.94211997057894
2017-01-31;2017;1;Winter;2017;Industrial;NO2;66.325;66.80051398238872
2017-02-01;2017;2;Winter;2017;Industrial;NO2;59.28125;61.88883447108554
2017-02-02;2017;2;Winter;2017;Industrial;NO2;51.89375;51.12359533634831
2017-02-03;2017;2;Winter;2017;Industrial;NO2;44.3125;42.86674356709686
2017-02-04;2017;2;Winter;2017;Industrial;NO2;42.2875;42.23011109699793
2017-02-05;2017;2;Winter;2017;Industrial;NO2;35.45625;33.97475519373296
2017-02-06;2017;2;Winter;2017;Industrial;NO2;43.2;42.868564955262855
2017-02-07;2017;2;Winter;2017;Industrial;NO2;43.2375;42.76867011487802
2017-02-08;2017;2;Winter;2017;Industrial;NO2;41.55;40.44718830955919
2017-02-09;2017;2;Winter;2017;Industrial;NO2;41.63125;39.91689938647045
2017-02-10;2017;2;Winter;2017;Industrial;NO2;44.48125;41.82623052996311
2017-02-11;2017;2;Winter;2017;Industrial;NO2;39.00625;38.17590604165621
2017-02-12;2017;2;Winter;2017;Industrial;NO2;34.28125;33.236560099015456
2017-02-13;2017;2;Winter;2017;Industrial;NO2;37.61875;35.69525659241492
2017-02-14;2017;2;Winter;2017;Industrial;NO2;44.01875;43.74095583000771
2017-02-15;2017;2;Winter;2017;Industrial;NO2;46.5;47.54642885627103
2017-02-16;2017;2;Winter;2017;Industrial;NO2;53.2875;55.10874272227523
2017-02-17;2017;2;Winter;2017;Industrial;NO2;53.275;54.71260379342635
2017-02-18;2017;2;Winter;2017;Industrial;NO2;43.5625;45.890503141495806
2017-02-19;2017;2;Winter;2017;Industrial;NO2;41.48125;43.34944510579471
2017-02-20;2017;2;Winter;2017;Industrial;NO2;47.475;48.86084399452934
2017-02-21;2017;2;Winter;2017;Industrial;NO2;56.475;58.93146753787666
2017-02-22;2017;2;Winter;2017;Industrial;NO2;54.2875;56.99953593888926
2017-02-23;2017;2;Winter;2017;Industrial;NO2;53.65;55.4324562154945
2017-02-24;2017;2;Winter;2017;Industrial;NO2;43.3375;43.35871658006753
2017-02-25;2017;2;Winter;2017;Industrial;NO2;32.268750000000004;31.902091376616166
2017-02-26;2017;2;Winter;2017;Industrial;NO2;33.9125;34.19047596541549
2017-02-27;2017;2;Winter;2017;Industrial;NO2;43.9375;44.69180375325301
2017-02-28;2017;2;Winter;2017;Industrial;NO2;35.0125;33.81484079838598
2017-03-01;2017;3;Spring;2017;Industrial;NO2;46.44375;47.93858589856824
2017-03-02;2017;3;Spring;2017;Industrial;NO2;44.0375;45.52066209202648
2017-03-03;2017;3;Spring;2017;Industrial;NO2;37.0375;34.801824637479946
2017-03-04;2017;3;Spring;2017;Industrial;NO2;26.41875;25.02055604623478
2017-03-05;2017;3;Spring;2017;Industrial;NO2;22.5;22.620232591800505
2017-03-06;2017;3;Spring;2017;Industrial;NO2;39.41875;36.680980879264354
2017-03-07;2017;3;Spring;2017;Industrial;NO2;31.21875;30.41710468403376
2017-03-08;2017;3;Spring;2017;Industrial;NO2;46.45625;48.26745398528356
2017-03-09;2017;3;Spring;2017;Industrial;NO2;52.7375;55.07372604738681
2017-03-10;2017;3;Spring;2017;Industrial;NO2;40.5125;41.33449501230309
2017-03-11;2017;3;Spring;2017;Industrial;NO2;36.175;36.97261330505445
2017-03-12;2017;3;Spring;2017;Industrial;NO2;22.2125;21.03628538429045
2017-03-13;2017;3;Spring;2017;Industrial;NO2;41.09375;42.27853030576044
2017-03-14;2017;3;Spring;2017;Industrial;NO2;45.30625;46.28349702983165
2017-03-15;2017;3;Spring;2017;Industrial;NO2;43.88125;42.94296656455944
2017-03-16;2017;3;Spring;2017;Industrial;NO2;50.19375;51.5669078051475
2017-03-17;2017;3;Spring;2017;Industrial;NO2;57.21875;61.06376837708584
2017-03-18;2017;3;Spring;2017;Industrial;NO2;47.54375;53.43276076482943
2017-03-19;2017;3;Spring;2017;Industrial;NO2;38.69375;39.95888997527567
2017-03-20;2017;3;Spring;2017;Industrial;NO2;44.8;47.27285877595389
2017-03-21;2017;3;Spring;2017;Industrial;NO2;43.70625;43.4437821423613
2017-03-22;2017;3;Spring;2017;Industrial;NO2;35.125;35.801515657262364
2017-03-23;2017;3;Spring;2017;Industrial;NO2;28.29375;26.806610581538585
2017-03-24;2017;3;Spring;2017;Industrial;NO2;32.93125;30.72185577181545
2017-03-25;2017;3;Spring;2017;Industrial;NO2;30.93125;30.37731535773469
2017-03-26;2017;3;Spring;2017;Industrial;NO2;18.01875;17.357420103800813
2017-03-27;2017;3;Spring;2017;Industrial;NO2;34.24375;34.94980784738859
2017-03-28;2017;3;Spring;2017;Industrial;NO2;39.9875;41.53436444896066
2017-03-29;2017;3;Spring;2017;Industrial;NO2;40.26875;41.41321377827273
2017-03-30;2017;3;Spring;2017;Industrial;NO2;47.4;50.024593171123634
2017-03-31;2017;3;Spring;2017;Industrial;NO2;40.5375;42.759455946687616
2017-04-01;2017;4;Spring;2017;Industrial;NO2;28.76875;30.999006596107325
2017-04-02;2017;4;Spring;2017;Industrial;NO2;16.2;14.318159234107164
2017-04-03;2017;4;Spring;2017;Industrial;NO2;35.525;36.917615121716345
2017-04-04;2017;4;Spring;2017;Industrial;NO2;26.5125;24.89554223665049
2017-04-05;2017;4;Spring;2017;Industrial;NO2;32.35;34.74869421887969
2017-04-06;2017;4;Spring;2017;Industrial;NO2;32.81875;32.85894314586761
2017-04-07;2017;4;Spring;2017;Industrial;NO2;31.00625;30.391074429966945
2017-04-08;2017;4;Spring;2017;Industrial;NO2;31.7875;32.40805239075659
2017-04-09;2017;4;Spring;2017;Industrial;NO2;28.4375;29.11931333134436
2017-04-10;2017;4;Spring;2017;Industrial;NO2;35.825;37.71621141808922
2017-04-11;2017;4;Spring;2017;Industrial;NO2;29.025;28.926917907559968
2017-04-12;2017;4;Spring;2017;Industrial;NO2;32.85625;34.91599903111366
2017-04-13;2017;4;Spring;2017;Industrial;NO2;39.55625;42.508162276646594
2017-04-14;2017;4;Spring;2017;Industrial;NO2;32.2125;34.46014923212803
2017-04-15;2017;4;Spring;2017;Industrial;NO2;19.2375;19.96518685032183
2017-04-16;2017;4;Spring;2017;Industrial;NO2;16.13125;16.42894134397533
2017-04-17;2017;4;Spring;2017;Industrial;NO2;17.3875;16.793354562184483
2017-04-18;2017;4;Spring;2017;Industrial;NO2;25.90625;23.935356080500277
2017-04-19;2017;4;Spring;2017;Industrial;NO2;27.475;27.61708134805174
2017-04-20;2017;4;Spring;2017;Industrial;NO2;27.79375;28.18248737936922
2017-04-21;2017;4;Spring;2017;Industrial;NO2;31.1;32.80105395928905
2017-04-22;2017;4;Spring;2017;Industrial;NO2;36.08125;40.49141088165703
2017-04-23;2017;4;Spring;2017;Industrial;NO2;14.93125;17.09060475640484
2017-04-24;2017;4;Spring;2017;Industrial;NO2;26.4875;27.55265838190073
2017-04-25;2017;4;Spring;2017;Industrial;NO2;16.61875;18.03943219715656
2017-04-26;2017;4;Spring;2017;Industrial;NO2;20.525;19.99474940404628
2017-04-27;2017;4;Spring;2017;Industrial;NO2;31.3;32.74993220749528
2017-04-28;2017;4;Spring;2017;Industrial;NO2;25.3;26.03532211039987
2017-04-29;2017;4;Spring;2017;Industrial;NO2;22.80625;24.34256394502161
2017-04-30;2017;4;Spring;2017;Industrial;NO2;16.225;16.122006717218113
2017-05-01;2017;5;Spring;2017;Industrial;NO2;12.59375;11.721537339048188
2017-05-02;2017;5;Spring;2017;Industrial;NO2;23.0625;24.303467017986428
2017-05-03;2017;5;Spring;2017;Industrial;NO2;26.7875;26.290844614852908
2017-05-04;2017;5;Spring;2017;Industrial;NO2;26.81875;28.596913447138093
2017-05-05;2017;5;Spring;2017;Industrial;NO2;31.7125;34.80126102920542
2017-05-06;2017;5;Spring;2017;Industrial;NO2;22.00625;22.071080219653624
2017-05-07;2017;5;Spring;2017;Industrial;NO2;22.41875;22.856412225691443
2017-05-08;2017;5;Spring;2017;Industrial;NO2;28.05;28.92805546283524
2017-05-09;2017;5;Spring;2017;Industrial;NO2;23.01875;22.913741053309423
2017-05-10;2017;5;Spring;2017;Industrial;NO2;19.725;19.525561171289063
2017-05-11;2017;5;Spring;2017;Industrial;NO2;24.9;25.21545403254631
2017-05-12;2017;5;Spring;2017;Industrial;NO2;28.23125;29.78439590822756
2017-05-13;2017;5;Spring;2017;Industrial;NO2;32.0125;36.8701122194882
2017-05-14;2017;5;Spring;2017;Industrial;NO2;23.79375;25.420676270850997
2017-05-15;2017;5;Spring;2017;Industrial;NO2;22.00625;22.22950731538728
2017-05-16;2017;5;Spring;2017;Industrial;NO2;30.90625;34.28448482127296
2017-05-17;2017;5;Spring;2017;Industrial;NO2;28.675;29.70458153267185
2017-05-18;2017;5;Spring;2017;Industrial;NO2;24.7125;24.657094877013467
2017-05-19;2017;5;Spring;2017;Industrial;NO2;23.15;23.73683599530917
2017-05-20;2017;5;Spring;2017;Industrial;NO2;19.66875;20.27876012087448
2017-05-21;2017;5;Spring;2017;Industrial;NO2;18.7125;20.23442500435704
2017-05-22;2017;5;Spring;2017;Industrial;NO2;30.55;33.75201915322879
2017-05-23;2017;5;Spring;2017;Industrial;NO2;39.15625;43.93653115058208
2017-05-24;2017;5;Spring;2017;Industrial;NO2;43.16875;47.479675836624494
2017-05-25;2017;5;Spring;2017;Industrial;NO2;19.025;18.450055976817623
2017-05-26;2017;5;Spring;2017;Industrial;NO2;24.86875;25.60915184044096
2017-05-27;2017;5;Spring;2017;Industrial;NO2;23.65;24.49037169197685
2017-05-28;2017;5;Spring;2017;Industrial;NO2;18.25625;18.7745649611707
2017-05-29;2017;5;Spring;2017;Industrial;NO2;27.9875;29.72147235276915
2017-05-30;2017;5;Spring;2017;Industrial;NO2;34.425;37.52605683936278
2017-05-31;2017;5;Spring;2017;Industrial;NO2;35.3625;39.480980288480005
2017-06-01;2017;6;Summer;2017;Industrial;NO2;33.825;37.82794705390612
2017-06-02;2017;6;Summer;2017;Industrial;NO2;22.60625;24.19026416922427
2017-06-03;2017;6;Summer;2017;Industrial;NO2;25.03125;27.57303128498551
2017-06-04;2017;6;Summer;2017;Industrial;NO2;17.89375;18.452915963879445
2017-06-05;2017;6;Summer;2017;Industrial;NO2;18.0625;17.709113144065718
2017-06-06;2017;6;Summer;2017;Industrial;NO2;24.45;24.34648704852998
2017-06-07;2017;6;Summer;2017;Industrial;NO2;26.7625;29.296460020145748
2017-06-08;2017;6;Summer;2017;Industrial;NO2;23.3;25.151849598118943
2017-06-09;2017;6;Summer;2017;Industrial;NO2;28.7;31.02802385587225
2017-06-10;2017;6;Summer;2017;Industrial;NO2;24.1625;25.968096758661638
2017-06-11;2017;6;Summer;2017;Industrial;NO2;19.175;19.83397482667864
2017-06-12;2017;6;Summer;2017;Industrial;NO2;32.93125;36.892930379017706
2017-06-13;2017;6;Summer;2017;Industrial;NO2;36.29375;40.3012128802805
2017-06-14;2017;6;Summer;2017;Industrial;NO2;24.975;24.909221257602656
2017-06-15;2017;6;Summer;2017;Industrial;NO2;28.75625;31.449665468359065
2017-06-16;2017;6;Summer;2017;Industrial;NO2;29.75625;32.277328945774855
2017-06-17;2017;6;Summer;2017;Industrial;NO2;19.59375;21.19932148416845
2017-06-18;2017;6;Summer;2017;Industrial;NO2;13.36875;13.53450830495107
2017-06-19;2017;6;Summer;2017;Industrial;NO2;24.6625;26.408275116458366
2017-06-20;2017;6;Summer;2017;Industrial;NO2;33.8;38.372184100220665
2017-06-21;2017;6;Summer;2017;Industrial;NO2;40.44375;44.293048831280856
2017-06-22;2017;6;Summer;2017;Industrial;NO2;43.5;48.39296582607899
2017-06-23;2017;6;Summer;2017;Industrial;NO2;38.5375;43.953063955360335
2017-06-24;2017;6;Summer;2017;Industrial;NO2;29.39375;33.46925144668319
2017-06-25;2017;6;Summer;2017;Industrial;NO2;15.425;15.78088399063016
2017-06-26;2017;6;Summer;2017;Industrial;NO2;23.56875;25.28171729196267
2017-06-27;2017;6;Summer;2017;Industrial;NO2;24.44375;24.857923452071145
2017-06-28;2017;6;Summer;2017;Industrial;NO2;19.73125;19.221921939663197
2017-06-29;2017;6;Summer;2017;Industrial;NO2;21.9125;22.67504763198861
2017-06-30;2017;6;Summer;2017;Industrial;NO2;20.05;19.5286787403296
2017-07-01;2017;7;Summer;2017;Industrial;NO2;17.68125;19.228658358269357
2017-07-02;2017;7;Summer;2017;Industrial;NO2;17.30625;18.710535752792197
2017-07-03;2017;7;Summer;2017;Industrial;NO2;24.41875;25.87266027241067
2017-07-04;2017;7;Summer;2017;Industrial;NO2;22.85625;24.973479394918662
2017-07-05;2017;7;Summer;2017;Industrial;NO2;29.88125;31.647772890678308
2017-07-06;2017;7;Summer;2017;Industrial;NO2;34.0;38.175334457792886
2017-07-07;2017;7;Summer;2017;Industrial;NO2;39.6125;44.69338321522569
2017-07-08;2017;7;Summer;2017;Industrial;NO2;32.3125;37.164035116222045
2017-07-09;2017;7;Summer;2017;Industrial;NO2;19.53125;20.362799786136065
2017-07-10;2017;7;Summer;2017;Industrial;NO2;26.63125;28.79047980551379
2017-07-11;2017;7;Summer;2017;Industrial;NO2;25.04375;26.73792481087516
2017-07-12;2017;7;Summer;2017;Industrial;NO2;30.3125;33.09075806494492
2017-07-13;2017;7;Summer;2017;Industrial;NO2;18.45;17.228694691507176
2017-07-14;2017;7;Summer;2017;Industrial;NO2;21.24375;21.86931200207956
2017-07-15;2017;7;Summer;2017;Industrial;NO2;17.13125;17.864451914584397
2017-07-16;2017;7;Summer;2017;Industrial;NO2;11.89375;11.94193771360547
2017-07-17;2017;7;Summer;2017;Industrial;NO2;23.05625;25.082110458950822
2017-07-18;2017;7;Summer;2017;Industrial;NO2;25.9;27.65454534713012
2017-07-19;2017;7;Summer;2017;Industrial;NO2;38.56875;43.31911719093855
2017-07-20;2017;7;Summer;2017;Industrial;NO2;39.71875;44.08669494554445
2017-07-21;2017;7;Summer;2017;Industrial;NO2;24.10625;24.098414334791585
2017-07-22;2017;7;Summer;2017;Industrial;NO2;22.7625;25.791459325974127
2017-07-23;2017;7;Summer;2017;Industrial;NO2;21.875;23.83509643077632
2017-07-24;2017;7;Summer;2017;Industrial;NO2;25.46875;26.511297864609947
2017-07-25;2017;7;Summer;2017;Industrial;NO2;27.53125;30.87708701958155
2017-07-26;2017;7;Summer;2017;Industrial;NO2;40.65;45.73601894054642
2017-07-27;2017;7;Summer;2017;Industrial;NO2;34.975;37.7819432669784
2017-07-28;2017;7;Summer;2017;Industrial;NO2;37.10625;41.29718875264745
2017-07-29;2017;7;Summer;2017;Industrial;NO2;22.71875;24.29227903926648
2017-07-30;2017;7;Summer;2017;Industrial;NO2;17.325;19.16809380473986
2017-07-31;2017;7;Summer;2017;Industrial;NO2;24.25625;25.10806154791409
2017-08-01;2017;8;Summer;2017;Industrial;NO2;25.09375;26.13935657675913
2017-08-02;2017;8;Summer;2017;Industrial;NO2;31.9375;35.8844437617603
2017-08-03;2017;8;Summer;2017;Industrial;NO2;31.25625;33.680301772648455
2017-08-04;2017;8;Summer;2017;Industrial;NO2;29.7875;32.97249603436002
2017-08-05;2017;8;Summer;2017;Industrial;NO2;22.94375;25.63292382131137
2017-08-06;2017;8;Summer;2017;Industrial;NO2;13.04375;12.471401310950482
2017-08-07;2017;8;Summer;2017;Industrial;NO2;15.15;14.328341697855157
2017-08-08;2017;8;Summer;2017;Industrial;NO2;18.8;18.96107203729031
2017-08-09;2017;8;Summer;2017;Industrial;NO2;19.64375;20.97692189535437
2017-08-10;2017;8;Summer;2017;Industrial;NO2;21.56875;23.16835906691519
2017-08-11;2017;8;Summer;2017;Industrial;NO2;19.48125;23.131217340702385
2017-08-12;2017;8;Summer;2017;Industrial;NO2;14.60625;15.761204372985794
2017-08-13;2017;8;Summer;2017;Industrial;NO2;14.49375;14.864399630168991
2017-08-14;2017;8;Summer;2017;Industrial;NO2;14.7875;16.037607855068778
2017-08-15;2017;8;Summer;2017;Industrial;NO2;13.7125;14.106077398658329
2017-08-16;2017;8;Summer;2017;Industrial;NO2;14.275;14.016304171232935
2017-08-17;2017;8;Summer;2017;Industrial;NO2;18.875;19.119150865646777
2017-08-18;2017;8;Summer;2017;Industrial;NO2;16.80625;17.220752482032772
2017-08-19;2017;8;Summer;2017;Industrial;NO2;15.09375;15.92472993770179
2017-08-20;2017;8;Summer;2017;Industrial;NO2;11.75625;11.625326039115832
2017-08-21;2017;8;Summer;2017;Industrial;NO2;13.9375;13.55690877994169
2017-08-22;2017;8;Summer;2017;Industrial;NO2;17.525;17.74054937037157
2017-08-23;2017;8;Summer;2017;Industrial;NO2;20.45;20.702014279257856
2017-08-24;2017;8;Summer;2017;Industrial;NO2;24.49375;25.58258397261124
2017-08-25;2017;8;Summer;2017;Industrial;NO2;25.60625;26.639708684234623
2017-08-26;2017;8;Summer;2017;Industrial;NO2;24.8125;27.262454768072832
2017-08-27;2017;8;Summer;2017;Industrial;NO2;25.5;27.59517949505661
2017-08-28;2017;8;Summer;2017;Industrial;NO2;22.96875;22.27686813397808
2017-08-29;2017;8;Summer;2017;Industrial;NO2;23.65625;23.374677800982475
2017-08-30;2017;8;Summer;2017;Industrial;NO2;26.83125;27.435703166308752
2017-08-31;2017;8;Summer;2017;Industrial;NO2;32.21875;33.25993064191674
2017-09-01;2017;9;Autumn;2017;Industrial;NO2;18.76875;16.8194737292967
2017-09-02;2017;9;Autumn;2017;Industrial;NO2;20.05625;20.63808432265097
2017-09-03;2017;9;Autumn;2017;Industrial;NO2;14.0;14.110582720148406
2017-09-04;2017;9;Autumn;2017;Industrial;NO2;30.4;31.328949319564124
2017-09-05;2017;9;Autumn;2017;Industrial;NO2;28.56875;30.338725323675977
2017-09-06;2017;9;Autumn;2017;Industrial;NO2;28.0875;29.94432152847728
2017-09-07;2017;9;Autumn;2017;Industrial;NO2;22.75625;22.236843675505785
2017-09-08;2017;9;Autumn;2017;Industrial;NO2;26.4125;26.91129491068817
2017-09-09;2017;9;Autumn;2017;Industrial;NO2;18.3125;18.892391879078257
2017-09-10;2017;9;Autumn;2017;Industrial;NO2;13.3375;11.85662224952959
2017-09-11;2017;9;Autumn;2017;Industrial;NO2;32.13125;35.25779407029744
2017-09-12;2017;9;Autumn;2017;Industrial;NO2;22.65625;22.499648778701044
2017-09-13;2017;9;Autumn;2017;Industrial;NO2;30.175;31.144103529050344
2017-09-14;2017;9;Autumn;2017;Industrial;NO2;30.6125;30.26710305937678
2017-09-15;2017;9;Autumn;2017;Industrial;NO2;28.5375;28.109129686027654
2017-09-16;2017;9;Autumn;2017;Industrial;NO2;26.025;29.446073499481585
2017-09-17;2017;9;Autumn;2017;Industrial;NO2;15.45;15.4816136093084
2017-09-18;2017;9;Autumn;2017;Industrial;NO2;24.225;23.59531330771298
2017-09-19;2017;9;Autumn;2017;Industrial;NO2;25.81875;25.044315620633736
2017-09-20;2017;9;Autumn;2017;Industrial;NO2;22.775;22.66026413968505
2017-09-21;2017;9;Autumn;2017;Industrial;NO2;29.91875;30.667320763411546
2017-09-22;2017;9;Autumn;2017;Industrial;NO2;34.04375;36.1657250548691
2017-09-23;2017;9;Autumn;2017;Industrial;NO2;28.8;31.593019292063108
2017-09-24;2017;9;Autumn;2017;Industrial;NO2;15.93125;15.7372504305341
2017-09-25;2017;9;Autumn;2017;Industrial;NO2;22.61875;22.16609961215007
2017-09-26;2017;9;Autumn;2017;Industrial;NO2;22.2125;21.0846871649145
2017-09-27;2017;9;Autumn;2017;Industrial;NO2;24.53125;24.863254690089292
2017-09-28;2017;9;Autumn;2017;Industrial;NO2;29.775;30.37629802707565
2017-09-29;2017;9;Autumn;2017;Industrial;NO2;25.8375;24.41383616959056
2017-09-30;2017;9;Autumn;2017;Industrial;NO2;19.0625;17.60345933778982
2017-10-01;2017;10;Autumn;2017;Industrial;NO2;18.2875;18.835894875831897
2017-10-02;2017;10;Autumn;2017;Industrial;NO2;31.89375;34.63775968664798
2017-10-03;2017;10;Autumn;2017;Industrial;NO2;41.84375;44.46588249889967
2017-10-04;2017;10;Autumn;2017;Industrial;NO2;35.66875;35.615426265681634
2017-10-05;2017;10;Autumn;2017;Industrial;NO2;33.3625;34.464101579461975
2017-10-06;2017;10;Autumn;2017;Industrial;NO2;22.05625;20.0718786647092
2017-10-07;2017;10;Autumn;2017;Industrial;NO2;26.9;28.221006519305355
2017-10-08;2017;10;Autumn;2017;Industrial;NO2;23.14375;23.179674064271428
2017-10-09;2017;10;Autumn;2017;Industrial;NO2;30.20625;30.766053530970392
2017-10-10;2017;10;Autumn;2017;Industrial;NO2;29.43125;29.747030274744265
2017-10-11;2017;10;Autumn;2017;Industrial;NO2;32.15625;33.30357631309208
2017-10-12;2017;10;Autumn;2017;Industrial;NO2;32.7125;34.664492974097065
2017-10-13;2017;10;Autumn;2017;Industrial;NO2;36.10625;37.867819680799215
2017-10-14;2017;10;Autumn;2017;Industrial;NO2;29.66875;30.625050733606475
2017-10-15;2017;10;Autumn;2017;Industrial;NO2;27.74375;28.85481208626633
2017-10-16;2017;10;Autumn;2017;Industrial;NO2;35.35;37.33893859682808
2017-10-17;2017;10;Autumn;2017;Industrial;NO2;31.18125;32.02541613372995
2017-10-18;2017;10;Autumn;2017;Industrial;NO2;34.75;35.59641423435825
2017-10-19;2017;10;Autumn;2017;Industrial;NO2;35.61875;36.20509492427622
2017-10-20;2017;10;Autumn;2017;Industrial;NO2;37.8375;41.7031284985511
2017-10-21;2017;10;Autumn;2017;Industrial;NO2;34.6;37.73143918022763
2017-10-22;2017;10;Autumn;2017;Industrial;NO2;20.86875;19.669885949080296
2017-10-23;2017;10;Autumn;2017;Industrial;NO2;27.43125;27.55916350843197
2017-10-24;2017;10;Autumn;2017;Industrial;NO2;29.525;29.16008542741772
2017-10-25;2017;10;Autumn;2017;Industrial;NO2;33.0625;33.69304203726077
2017-10-26;2017;10;Autumn;2017;Industrial;NO2;36.51875;37.81603565974366
2017-10-27;2017;10;Autumn;2017;Industrial;NO2;37.5375;38.357477114491054
2017-10-28;2017;10;Autumn;2017;Industrial;NO2;30.79375;32.19238390348947
2017-10-29;2017;10;Autumn;2017;Industrial;NO2;27.0375;26.54726983780016
2017-10-30;2017;10;Autumn;2017;Industrial;NO2;29.4;27.129400974203403
2017-10-31;2017;10;Autumn;2017;Industrial;NO2;30.0875;29.53846272003025
2017-11-01;2017;11;Autumn;2017;Industrial;NO2;28.39375;28.139524064123734
2017-11-02;2017;11;Autumn;2017;Industrial;NO2;36.6875;38.08421069733231
2017-11-03;2017;11;Autumn;2017;Industrial;NO2;42.33125;43.88075372267991
2017-11-04;2017;11;Autumn;2017;Industrial;NO2;33.13125;33.557475932922344
2017-11-05;2017;11;Autumn;2017;Industrial;NO2;16.1625;13.116469590852294
2017-11-06;2017;11;Autumn;2017;Industrial;NO2;27.4625;27.17194453716477
2017-11-07;2017;11;Autumn;2017;Industrial;NO2;25.4875;24.56379466698963
2017-11-08;2017;11;Autumn;2017;Industrial;NO2;36.51875;38.13941092891979
2017-11-09;2017;11;Autumn;2017;Industrial;NO2;32.081250000000004;30.489031497667877
2017-11-10;2017;11;Autumn;2017;Industrial;NO2;35.5;36.08952805191813
2017-11-11;2017;11;Autumn;2017;Industrial;NO2;34.5375;35.57098392180379
2017-11-12;2017;11;Autumn;2017;Industrial;NO2;32.31875;32.91980988559461
2017-11-13;2017;11;Autumn;2017;Industrial;NO2;43.225;44.74739567486774
2017-11-14;2017;11;Autumn;2017;Industrial;NO2;41.69375;42.36475823627239
2017-11-15;2017;11;Autumn;2017;Industrial;NO2;41.38125;42.27275007163261
2017-11-16;2017;11;Autumn;2017;Industrial;NO2;44.4875;45.473804917098185
2017-11-17;2017;11;Autumn;2017;Industrial;NO2;41.675;40.9562281963649
2017-11-18;2017;11;Autumn;2017;Industrial;NO2;39.1;39.665756957224254
2017-11-19;2017;11;Autumn;2017;Industrial;NO2;41.125;41.548507826415744
2017-11-20;2017;11;Autumn;2017;Industrial;NO2;48.89375;49.90934000525799
2017-11-21;2017;11;Autumn;2017;Industrial;NO2;55.15625;56.763550082266725
2017-11-22;2017;11;Autumn;2017;Industrial;NO2;53.9;54.45146499750394
2017-11-23;2017;11;Autumn;2017;Industrial;NO2;55.69375;56.09163744745712
2017-11-24;2017;11;Autumn;2017;Industrial;NO2;49.11875;50.49490271258636
2017-11-25;2017;11;Autumn;2017;Industrial;NO2;45.4625;46.002299037316895
2017-11-26;2017;11;Autumn;2017;Industrial;NO2;35.48125;35.80572647275155
2017-11-27;2017;11;Autumn;2017;Industrial;NO2;39.96875;41.177615771579134
2017-11-28;2017;11;Autumn;2017;Industrial;NO2;50.8375;52.75312894163937
2017-11-29;2017;11;Autumn;2017;Industrial;NO2;48.4125;49.71001468099122
2017-11-30;2017;11;Autumn;2017;Industrial;NO2;44.25;45.690154283334266
2017-12-01;2017;12;Winter;2018;Industrial;NO2;39.5;39.52081894527269
2017-12-02;2017;12;Winter;2018;Industrial;NO2;38.825;39.68746769148059
2017-12-03;2017;12;Winter;2018;Industrial;NO2;34.35625;34.674884575506674
2017-12-04;2017;12;Winter;2018;Industrial;NO2;50.45625;51.36469649930731
2017-12-05;2017;12;Winter;2018;Industrial;NO2;68.5875;69.98730345342994
2017-12-06;2017;12;Winter;2018;Industrial;NO2;60.51875;60.602607426750126
2017-12-07;2017;12;Winter;2018;Industrial;NO2;70.40625;72.94094519588933
2017-12-08;2017;12;Winter;2018;Industrial;NO2;66.55625;67.86843823201875
2017-12-09;2017;12;Winter;2018;Industrial;NO2;47.76875;48.66329545420978
2017-12-10;2017;12;Winter;2018;Industrial;NO2;45.0875;44.69078110553476
2017-12-11;2017;12;Winter;2018;Industrial;NO2;56.0875;57.461391947018456
2017-12-12;2017;12;Winter;2018;Industrial;NO2;60.0375;62.11261915381957
2017-12-13;2017;12;Winter;2018;Industrial;NO2;57.01875;58.37543695887846
2017-12-14;2017;12;Winter;2018;Industrial;NO2;53.9375;55.58022319832926
2017-12-15;2017;12;Winter;2018;Industrial;NO2;53.675;54.63865088484727
2017-12-16;2017;12;Winter;2018;Industrial;NO2;47.45625;48.3841141040903
2017-12-17;2017;12;Winter;2018;Industrial;NO2;40.6625;40.72533253774373
2017-12-18;2017;12;Winter;2018;Industrial;NO2;51.96875;50.58773177208722
2017-12-19;2017;12;Winter;2018;Industrial;NO2;52.725;52.02389575019274
2017-12-20;2017;12;Winter;2018;Industrial;NO2;61.30625;61.11568532462123
2017-12-21;2017;12;Winter;2018;Industrial;NO2;66.3125;66.22376134675201
2017-12-22;2017;12;Winter;2018;Industrial;NO2;72.6375;72.86470506568045
2017-12-23;2017;12;Winter;2018;Industrial;NO2;62.6;60.59167053138099
2017-12-24;2017;12;Winter;2018;Industrial;NO2;47.6375;46.51832997078571
2017-12-25;2017;12;Winter;2018;Industrial;NO2;44.26875;43.78027282421507
2017-12-26;2017;12;Winter;2018;Industrial;NO2;40.825;40.43375712264388
2017-12-27;2017;12;Winter;2018;Industrial;NO2;27.36875;24.670835634930715
2017-12-28;2017;12;Winter;2018;Industrial;NO2;39.48125;39.32596910788609
2017-12-29;2017;12;Winter;2018;Industrial;NO2;40.675;40.19014453539241
2017-12-30;2017;12;Winter;2018;Industrial;NO2;42.3;41.98869504597779
2017-12-31;2017;12;Winter;2018;Industrial;NO2;39.05625;38.57122850652669
2018-01-01;2018;1;Winter;2018;Industrial;NO2;44.96875;45.68386913967959
2018-01-02;2018;1;Winter;2018;Industrial;NO2;44.5875;45.22170310858196
2018-01-03;2018;1;Winter;2018;Industrial;NO2;56.44375;58.44518128475461
2018-01-04;2018;1;Winter;2018;Industrial;NO2;50.05625;50.08720115464989
2018-01-05;2018;1;Winter;2018;Industrial;NO2;45.08125;44.88014810923129
2018-01-06;2018;1;Winter;2018;Industrial;NO2;42.525;42.71406270291968
2018-01-07;2018;1;Winter;2018;Industrial;NO2;33.24375;32.181017933672564
2018-01-08;2018;1;Winter;2018;Industrial;NO2;24.90625;22.5132790640016
2018-01-09;2018;1;Winter;2018;Industrial;NO2;26.55;26.038176054592032
2018-01-10;2018;1;Winter;2018;Industrial;NO2;40.0;40.85925579391034
2018-01-11;2018;1;Winter;2018;Industrial;NO2;40.625;40.82614195818231
2018-01-12;2018;1;Winter;2018;Industrial;NO2;40.05;39.92402569036965
2018-01-13;2018;1;Winter;2018;Industrial;NO2;42.90625;44.16110169891736
2018-01-14;2018;1;Winter;2018;Industrial;NO2;38.43125;38.936980673191584
2018-01-15;2018;1;Winter;2018;Industrial;NO2;43.58125;45.62570955478684
2018-01-16;2018;1;Winter;2018;Industrial;NO2;46.34375;47.45678681479557
2018-01-17;2018;1;Winter;2018;Industrial;NO2;37.3875;38.86153174106563
2018-01-18;2018;1;Winter;2018;Industrial;NO2;53.475;56.57518830946506
2018-01-19;2018;1;Winter;2018;Industrial;NO2;59.7375;62.04037171934215
2018-01-20;2018;1;Winter;2018;Industrial;NO2;48.99375;48.90856512910119
2018-01-21;2018;1;Winter;2018;Industrial;NO2;37.0875;36.414812989220906
2018-01-22;2018;1;Winter;2018;Industrial;NO2;51.225;51.60966015749519
2018-01-23;2018;1;Winter;2018;Industrial;NO2;47.3125;47.19728899304613
2018-01-24;2018;1;Winter;2018;Industrial;NO2;51.15;51.428452438578056
2018-01-25;2018;1;Winter;2018;Industrial;NO2;40.75;40.96791684867947
2018-01-26;2018;1;Winter;2018;Industrial;NO2;35.8375;34.908328709224214
2018-01-27;2018;1;Winter;2018;Industrial;NO2;30.5625;30.501552224885184
2018-01-28;2018;1;Winter;2018;Industrial;NO2;25.30625;25.210473016847494
2018-01-29;2018;1;Winter;2018;Industrial;NO2;32.46875;33.03970407669331
2018-01-30;2018;1;Winter;2018;Industrial;NO2;40.8375;41.35298166491541
2018-01-31;2018;1;Winter;2018;Industrial;NO2;47.8625;50.08361412498082
2018-02-01;2018;2;Winter;2018;Industrial;NO2;45.7;46.5481818396477
2018-02-02;2018;2;Winter;2018;Industrial;NO2;41.1625;40.90295037838987
2018-02-03;2018;2;Winter;2018;Industrial;NO2;34.0125;34.71812198203091
2018-02-04;2018;2;Winter;2018;Industrial;NO2;27.775;27.58914239501305
2018-02-05;2018;2;Winter;2018;Industrial;NO2;29.5375;27.67152601504115
2018-02-06;2018;2;Winter;2018;Industrial;NO2;37.8375;37.26057307469805
2018-02-07;2018;2;Winter;2018;Industrial;NO2;49.19375;52.64503311649214
2018-02-08;2018;2;Winter;2018;Industrial;NO2;48.11875;49.68538328945349
2018-02-09;2018;2;Winter;2018;Industrial;NO2;40.2125;39.9568130836708
2018-02-10;2018;2;Winter;2018;Industrial;NO2;36.80625;37.35281578729885
2018-02-11;2018;2;Winter;2018;Industrial;NO2;34.300000000000004;34.185667524586485
2018-02-12;2018;2;Winter;2018;Industrial;NO2;31.98125;30.923405862976825
2018-02-13;2018;2;Winter;2018;Industrial;NO2;37.95625;38.676972526888704
2018-02-14;2018;2;Winter;2018;Industrial;NO2;40.43125;41.05429953601492
2018-02-15;2018;2;Winter;2018;Industrial;NO2;44.4375;44.39850710145098
2018-02-16;2018;2;Winter;2018;Industrial;NO2;49.69375;50.15788302381318
2018-02-17;2018;2;Winter;2018;Industrial;NO2;44.4875;44.90295067354577
2018-02-18;2018;2;Winter;2018;Industrial;NO2;31.90625;32.40370656780912
2018-02-19;2018;2;Winter;2018;Industrial;NO2;40.90625;41.83836288827759
2018-02-20;2018;2;Winter;2018;Industrial;NO2;39.75625;40.97990076858597
2018-02-21;2018;2;Winter;2018;Industrial;NO2;41.3125;42.34006918454328
2018-02-22;2018;2;Winter;2018;Industrial;NO2;45.70625;47.14117247730251
2018-02-23;2018;2;Winter;2018;Industrial;NO2;45.56875;47.14725682105288
2018-02-24;2018;2;Winter;2018;Industrial;NO2;41.25625;43.38613918371684
2018-02-25;2018;2;Winter;2018;Industrial;NO2;22.11875;22.321207836979493
2018-02-26;2018;2;Winter;2018;Industrial;NO2;30.875;32.13518523984368
2018-02-27;2018;2;Winter;2018;Industrial;NO2;41.91875;45.53294913873508
2018-02-28;2018;2;Winter;2018;Industrial;NO2;37.3875;38.3486425780097
2018-03-01;2018;3;Spring;2018;Industrial;NO2;55.3125;57.459445874310816
2018-03-02;2018;3;Spring;2018;Industrial;NO2;84.9125;93.70472397020106
2018-03-03;2018;3;Spring;2018;Industrial;NO2;65.625;66.70338691396796
2018-03-04;2018;3;Spring;2018;Industrial;NO2;59.0625;63.395791076846784
2018-03-05;2018;3;Spring;2018;Industrial;NO2;72.13125;77.16554261460904
2018-03-06;2018;3;Spring;2018;Industrial;NO2;58.33125;62.8746956942657
2018-03-07;2018;3;Spring;2018;Industrial;NO2;45.25625;44.9718902374234
2018-03-08;2018;3;Spring;2018;Industrial;NO2;48.1125;48.906526192134685
2018-03-09;2018;3;Spring;2018;Industrial;NO2;45.85625;46.75726437704396
2018-03-10;2018;3;Spring;2018;Industrial;NO2;40.95625;42.54701567868148
2018-03-11;2018;3;Spring;2018;Industrial;NO2;23.74375;22.98720617230021
2018-03-12;2018;3;Spring;2018;Industrial;NO2;44.44375;48.06276637820097
2018-03-13;2018;3;Spring;2018;Industrial;NO2;45.3625;47.13816159195287
2018-03-14;2018;3;Spring;2018;Industrial;NO2;41.925;43.2163230068122
2018-03-15;2018;3;Spring;2018;Industrial;NO2;30.24375;28.459223326761197
2018-03-16;2018;3;Spring;2018;Industrial;NO2;39.21875;40.20781425248817
2018-03-17;2018;3;Spring;2018;Industrial;NO2;25.9125;24.713145063222395
2018-03-18;2018;3;Spring;2018;Industrial;NO2;19.3875;17.852596191308248
2018-03-19;2018;3;Spring;2018;Industrial;NO2;39.4375;43.79094874912929
2018-03-20;2018;3;Spring;2018;Industrial;NO2;44.11875;45.91566038181367
2018-03-21;2018;3;Spring;2018;Industrial;NO2;31.46875;31.362213846353644
2018-03-22;2018;3;Spring;2018;Industrial;NO2;40.85;42.72880101769755
2018-03-23;2018;3;Spring;2018;Industrial;NO2;42.35;42.83841778727523
2018-03-24;2018;3;Spring;2018;Industrial;NO2;26.65;26.941263385320127
2018-03-25;2018;3;Spring;2018;Industrial;NO2;30.4;30.557667264849293
2018-03-26;2018;3;Spring;2018;Industrial;NO2;39.85625;40.88328856802163
2018-03-27;2018;3;Spring;2018;Industrial;NO2;36.56875;37.03097218450786
2018-03-28;2018;3;Spring;2018;Industrial;NO2;38.025;41.37694714348118
2018-03-29;2018;3;Spring;2018;Industrial;NO2;39.55625;39.51113475637832
2018-03-30;2018;3;Spring;2018;Industrial;NO2;24.375;22.90794795811147
2018-03-31;2018;3;Spring;2018;Industrial;NO2;23.7875;24.24868921264212
2018-04-01;2018;4;Spring;2018;Industrial;NO2;18.3875;18.653546298154684
2018-04-02;2018;4;Spring;2018;Industrial;NO2;25.8625;27.81215068299076
2018-04-03;2018;4;Spring;2018;Industrial;NO2;39.70625;40.562784087555045
2018-04-04;2018;4;Spring;2018;Industrial;NO2;27.44375;26.4194348354801
2018-04-05;2018;4;Spring;2018;Industrial;NO2;40.18125;42.99504285663688
2018-04-06;2018;4;Spring;2018;Industrial;NO2;36.68125;37.496163858750194
2018-04-07;2018;4;Spring;2018;Industrial;NO2;35.8125;36.36250191851337
2018-04-08;2018;4;Spring;2018;Industrial;NO2;25.6625;25.47323732895716
2018-04-09;2018;4;Spring;2018;Industrial;NO2;37.0875;36.71202051923826
2018-04-10;2018;4;Spring;2018;Industrial;NO2;30.525;31.135250469297883
2018-04-11;2018;4;Spring;2018;Industrial;NO2;22.5;21.8122480844382
2018-04-12;2018;4;Spring;2018;Industrial;NO2;27.7;27.385254601480504
2018-04-13;2018;4;Spring;2018;Industrial;NO2;27.98125;29.2188870261272
2018-04-14;2018;4;Spring;2018;Industrial;NO2;24.675;26.107526475484352
2018-04-15;2018;4;Spring;2018;Industrial;NO2;18.7875;18.33077944770428
2018-04-16;2018;4;Spring;2018;Industrial;NO2;29.775;30.598741455236656
2018-04-17;2018;4;Spring;2018;Industrial;NO2;30.03125;30.311712966789056
2018-04-18;2018;4;Spring;2018;Industrial;NO2;30.65;31.99024598292818
2018-04-19;2018;4;Spring;2018;Industrial;NO2;30.18125;30.623257399558447
2018-04-20;2018;4;Spring;2018;Industrial;NO2;36.225;37.83782157235452
2018-04-21;2018;4;Spring;2018;Industrial;NO2;29.7875;31.455442969976744
2018-04-22;2018;4;Spring;2018;Industrial;NO2;22.1;22.71168256573122
2018-04-23;2018;4;Spring;2018;Industrial;NO2;36.16875;39.479319606616215
2018-04-24;2018;4;Spring;2018;Industrial;NO2;35.65;39.68412887687277
2018-04-25;2018;4;Spring;2018;Industrial;NO2;23.55;25.94709064828042
2018-04-26;2018;4;Spring;2018;Industrial;NO2;31.1375;34.126168522213426
2018-04-27;2018;4;Spring;2018;Industrial;NO2;24.24375;24.715025796625778
2018-04-28;2018;4;Spring;2018;Industrial;NO2;20.325;21.147644065595447
2018-04-29;2018;4;Spring;2018;Industrial;NO2;13.2875;12.320356312204106
2018-04-30;2018;4;Spring;2018;Industrial;NO2;20.6375;22.0641978843225
2018-05-01;2018;5;Spring;2018;Industrial;NO2;17.15;17.86916270173906
2018-05-02;2018;5;Spring;2018;Industrial;NO2;28.525;29.011843720853356
2018-05-03;2018;5;Spring;2018;Industrial;NO2;30.625;30.8953332900438
2018-05-04;2018;5;Spring;2018;Industrial;NO2;24.4125;23.93214749530702
2018-05-05;2018;5;Spring;2018;Industrial;NO2;19.29375;19.38315397693061
2018-05-06;2018;5;Spring;2018;Industrial;NO2;13.575;13.596097448672388
2018-05-07;2018;5;Spring;2018;Industrial;NO2;21.6;21.984241921582974
2018-05-08;2018;5;Spring;2018;Industrial;NO2;20.94375;21.05017974994392
2018-05-09;2018;5;Spring;2018;Industrial;NO2;20.5875;20.598661172831488
2018-05-10;2018;5;Spring;2018;Industrial;NO2;23.99375;25.685085772304927
2018-05-11;2018;5;Spring;2018;Industrial;NO2;24.44375;24.10497219631409
2018-05-12;2018;5;Spring;2018;Industrial;NO2;23.18125;24.86460431399865
2018-05-13;2018;5;Spring;2018;Industrial;NO2;20.86875;21.29787310657489
2018-05-14;2018;5;Spring;2018;Industrial;NO2;25.625;28.151836460018185
2018-05-15;2018;5;Spring;2018;Industrial;NO2;29.13125;31.05723486145382
2018-05-16;2018;5;Spring;2018;Industrial;NO2;26.64375;28.239501894900883
2018-05-17;2018;5;Spring;2018;Industrial;NO2;29.05625;30.25671302582024
2018-05-18;2018;5;Spring;2018;Industrial;NO2;23.1125;22.87288048547243
2018-05-19;2018;5;Spring;2018;Industrial;NO2;17.8875;17.937356996965796
2018-05-20;2018;5;Spring;2018;Industrial;NO2;15.7125;14.768077708645706
2018-05-21;2018;5;Spring;2018;Industrial;NO2;18.2125;17.86645080931748
2018-05-22;2018;5;Spring;2018;Industrial;NO2;27.4;28.202314317422463
2018-05-23;2018;5;Spring;2018;Industrial;NO2;18.375;18.460268473807865
2018-05-24;2018;5;Spring;2018;Industrial;NO2;21.08125;23.10026652577892
2018-05-25;2018;5;Spring;2018;Industrial;NO2;22.64375;24.59383212712955
2018-05-26;2018;5;Spring;2018;Industrial;NO2;21.0875;21.73383696768633
2018-05-27;2018;5;Spring;2018;Industrial;NO2;10.7625;10.367891760427858
2018-05-28;2018;5;Spring;2018;Industrial;NO2;20.73125;21.67251744371377
2018-05-29;2018;5;Spring;2018;Industrial;NO2;21.13125;22.928016198155863
2018-05-30;2018;5;Spring;2018;Industrial;NO2;20.2875;20.913296183043887
2018-05-31;2018;5;Spring;2018;Industrial;NO2;20.11875;21.84302221933625
2018-06-01;2018;6;Summer;2018;Industrial;NO2;21.15;23.123570264813875
2018-06-02;2018;6;Summer;2018;Industrial;NO2;20.7;22.409395697807582
2018-06-03;2018;6;Summer;2018;Industrial;NO2;14.39375;14.96293137034982
2018-06-04;2018;6;Summer;2018;Industrial;NO2;19.2875;19.982620925372785
2018-06-05;2018;6;Summer;2018;Industrial;NO2;26.98125;29.58813237151864
2018-06-06;2018;6;Summer;2018;Industrial;NO2;20.875;22.78383667253043
2018-06-07;2018;6;Summer;2018;Industrial;NO2;27.8125;27.13165104308096
2018-06-08;2018;6;Summer;2018;Industrial;NO2;21.5625;22.700533937025536
2018-06-09;2018;6;Summer;2018;Industrial;NO2;19.36875;20.400332640700817
2018-06-10;2018;6;Summer;2018;Industrial;NO2;16.45;17.229320492083918
2018-06-11;2018;6;Summer;2018;Industrial;NO2;25.40625;26.36633983069857
2018-06-12;2018;6;Summer;2018;Industrial;NO2;21.56875;22.76694608091994
2018-06-13;2018;6;Summer;2018;Industrial;NO2;25.81875;26.546086527904038
2018-06-14;2018;6;Summer;2018;Industrial;NO2;24.11875;25.26331094083895
2018-06-15;2018;6;Summer;2018;Industrial;NO2;26.89375;28.200481694431
2018-06-16;2018;6;Summer;2018;Industrial;NO2;18.9875;19.739836896848917
2018-06-17;2018;6;Summer;2018;Industrial;NO2;11.1625;11.689019610158086
2018-06-18;2018;6;Summer;2018;Industrial;NO2;18.7625;19.8801484043872
2018-06-19;2018;6;Summer;2018;Industrial;NO2;20.5375;21.160931098806387
2018-06-20;2018;6;Summer;2018;Industrial;NO2;20.925;21.64907291531387
2018-06-21;2018;6;Summer;2018;Industrial;NO2;21.775;22.782945596864263
2018-06-22;2018;6;Summer;2018;Industrial;NO2;19.56875;19.68753202441529
2018-06-23;2018;6;Summer;2018;Industrial;NO2;16.9875;17.9326253527113
2018-06-24;2018;6;Summer;2018;Industrial;NO2;13.69375;13.746048157636862
2018-06-25;2018;6;Summer;2018;Industrial;NO2;17.15;16.934031180269418
2018-06-26;2018;6;Summer;2018;Industrial;NO2;21.275;22.872812009303317
2018-06-27;2018;6;Summer;2018;Industrial;NO2;17.80625;17.841281094674205
2018-06-28;2018;6;Summer;2018;Industrial;NO2;22.0125;21.89802629248769
2018-06-29;2018;6;Summer;2018;Industrial;NO2;24.41875;24.68303916128499
2018-06-30;2018;6;Summer;2018;Industrial;NO2;21.225;22.7629712163965
2018-07-01;2018;7;Summer;2018;Industrial;NO2;13.725;14.312345485885643
2018-07-02;2018;7;Summer;2018;Industrial;NO2;23.25625;25.64044934534421
2018-07-03;2018;7;Summer;2018;Industrial;NO2;22.45625;22.35874399357741
2018-07-04;2018;7;Summer;2018;Industrial;NO2;20.98125;21.68613357575472
2018-07-05;2018;7;Summer;2018;Industrial;NO2;17.96875;18.56819016304412
2018-07-06;2018;7;Summer;2018;Industrial;NO2;18.63125;18.80022136692601
2018-07-07;2018;7;Summer;2018;Industrial;NO2;12.9125;13.41109963282606
2018-07-08;2018;7;Summer;2018;Industrial;NO2;13.31875;13.8222830899281
2018-07-09;2018;7;Summer;2018;Industrial;NO2;19.38125;19.833686143020746
2018-07-10;2018;7;Summer;2018;Industrial;NO2;19.4625;19.778470147932136
2018-07-11;2018;7;Summer;2018;Industrial;NO2;19.7625;20.2833697358945
2018-07-12;2018;7;Summer;2018;Industrial;NO2;24.33125;26.22602271519817
2018-07-13;2018;7;Summer;2018;Industrial;NO2;21.85625;23.48320680983696
2018-07-14;2018;7;Summer;2018;Industrial;NO2;13.56875;14.267949906140425
2018-07-15;2018;7;Summer;2018;Industrial;NO2;15.00625;15.91762316855763
2018-07-16;2018;7;Summer;2018;Industrial;NO2;22.19375;23.252543653557808
2018-07-17;2018;7;Summer;2018;Industrial;NO2;18.425;18.846122536924003
2018-07-18;2018;7;Summer;2018;Industrial;NO2;23.45625;24.725207199442742
2018-07-19;2018;7;Summer;2018;Industrial;NO2;25.93125;27.472461659248417
2018-07-20;2018;7;Summer;2018;Industrial;NO2;22.025;22.210700286891534
2018-07-21;2018;7;Summer;2018;Industrial;NO2;15.05;16.45856453878939
2018-07-22;2018;7;Summer;2018;Industrial;NO2;11.475;12.161490419239442
2018-07-23;2018;7;Summer;2018;Industrial;NO2;18.95;19.926938583960048
2018-07-24;2018;7;Summer;2018;Industrial;NO2;20.25625;21.24755109148652
2018-07-25;2018;7;Summer;2018;Industrial;NO2;16.256249999999998;16.802983140694916
2018-07-26;2018;7;Summer;2018;Industrial;NO2;18.7625;18.751968689861982
2018-07-27;2018;7;Summer;2018;Industrial;NO2;19.2625;20.338509580760554
2018-07-28;2018;7;Summer;2018;Industrial;NO2;14.89375;15.826559308626818
2018-07-29;2018;7;Summer;2018;Industrial;NO2;13.0125;13.679589969421848
2018-07-30;2018;7;Summer;2018;Industrial;NO2;16.64375;16.989049716060023
2018-07-31;2018;7;Summer;2018;Industrial;NO2;18.725;19.81636344317068
2018-08-01;2018;8;Summer;2018;Industrial;NO2;19.48125;20.056277080553947
2018-08-02;2018;8;Summer;2018;Industrial;NO2;22.85625;23.160419888785256
2018-08-03;2018;8;Summer;2018;Industrial;NO2;18.54375;19.21811548860108
2018-08-04;2018;8;Summer;2018;Industrial;NO2;13.45625;14.204041569757145
2018-08-05;2018;8;Summer;2018;Industrial;NO2;10.20625;10.644389086315392
2018-08-06;2018;8;Summer;2018;Industrial;NO2;17.9125;18.663581303644584
2018-08-07;2018;8;Summer;2018;Industrial;NO2;17.38125;18.95682695599816
2018-08-08;2018;8;Summer;2018;Industrial;NO2;20.00625;21.287466794961095
2018-08-09;2018;8;Summer;2018;Industrial;NO2;14.6125;14.608478058110292
2018-08-10;2018;8;Summer;2018;Industrial;NO2;18.08125;19.436385638894464
2018-08-11;2018;8;Summer;2018;Industrial;NO2;11.91875;11.912457054816354
2018-08-12;2018;8;Summer;2018;Industrial;NO2;10.0875;9.550499994096882
2018-08-13;2018;8;Summer;2018;Industrial;NO2;14.59375;15.520263633251083
2018-08-14;2018;8;Summer;2018;Industrial;NO2;19.36875;21.302641350161156
2018-08-15;2018;8;Summer;2018;Industrial;NO2;12.83125;12.91962993353089
2018-08-16;2018;8;Summer;2018;Industrial;NO2;15.3;15.715627324352722
2018-08-17;2018;8;Summer;2018;Industrial;NO2;14.7125;15.2642637040885
2018-08-18;2018;8;Summer;2018;Industrial;NO2;12.0375;12.437333384493687
2018-08-19;2018;8;Summer;2018;Industrial;NO2;8.91875;8.55574461930792
2018-08-20;2018;8;Summer;2018;Industrial;NO2;13.075;12.865757488105215
2018-08-21;2018;8;Summer;2018;Industrial;NO2;17.00625;17.192404458034733
2018-08-22;2018;8;Summer;2018;Industrial;NO2;14.98125;14.6034618835669
2018-08-23;2018;8;Summer;2018;Industrial;NO2;17.16875;17.216627902858292
2018-08-24;2018;8;Summer;2018;Industrial;NO2;17.91875;19.225523016257185
2018-08-25;2018;8;Summer;2018;Industrial;NO2;12.3875;12.564826271236466
2018-08-26;2018;8;Summer;2018;Industrial;NO2;12.50625;13.368932184980109
2018-08-27;2018;8;Summer;2018;Industrial;NO2;17.93125;18.757109420195743
2018-08-28;2018;8;Summer;2018;Industrial;NO2;22.78125;23.8182946482332
2018-08-29;2018;8;Summer;2018;Industrial;NO2;23.2125;24.11487880898691
2018-08-30;2018;8;Summer;2018;Industrial;NO2;24.81875;24.896149396111024
2018-08-31;2018;8;Summer;2018;Industrial;NO2;19.25;18.865120541670112
2018-09-01;2018;9;Autumn;2018;Industrial;NO2;15.68125;16.235897155877737
2018-09-02;2018;9;Autumn;2018;Industrial;NO2;15.0375;15.588137979480765
2018-09-03;2018;9;Autumn;2018;Industrial;NO2;18.4875;18.527231083458283
2018-09-04;2018;9;Autumn;2018;Industrial;NO2;23.5625;25.12194159455024
2018-09-05;2018;9;Autumn;2018;Industrial;NO2;25.3375;27.060707075477268
2018-09-06;2018;9;Autumn;2018;Industrial;NO2;24.96875;26.504475153776223
2018-09-07;2018;9;Autumn;2018;Industrial;NO2;24.26875;24.684628575813743
2018-09-08;2018;9;Autumn;2018;Industrial;NO2;17.40625;17.06996552579072
2018-09-09;2018;9;Autumn;2018;Industrial;NO2;12.66875;12.894165653298073
2018-09-10;2018;9;Autumn;2018;Industrial;NO2;22.13125;23.156933802434445
2018-09-11;2018;9;Autumn;2018;Industrial;NO2;25.825;27.80423932421105
2018-09-12;2018;9;Autumn;2018;Industrial;NO2;24.96875;26.17174265947273
2018-09-13;2018;9;Autumn;2018;Industrial;NO2;21.49375;21.74944097472285
2018-09-14;2018;9;Autumn;2018;Industrial;NO2;27.975;30.07581905762624
2018-09-15;2018;9;Autumn;2018;Industrial;NO2;23.28125;25.782333148368966
2018-09-16;2018;9;Autumn;2018;Industrial;NO2;17.2875;16.882588753379533
2018-09-17;2018;9;Autumn;2018;Industrial;NO2;22.56875;22.949564349889613
2018-09-18;2018;9;Autumn;2018;Industrial;NO2;24.9;25.760150411447327
2018-09-19;2018;9;Autumn;2018;Industrial;NO2;26.41875;27.28642666556475
2018-09-20;2018;9;Autumn;2018;Industrial;NO2;23.30625;22.72939162465614
2018-09-21;2018;9;Autumn;2018;Industrial;NO2;30.00625;30.94650742021936
2018-09-22;2018;9;Autumn;2018;Industrial;NO2;24.69375;26.61521499155854
2018-09-23;2018;9;Autumn;2018;Industrial;NO2;23.225;25.499081179679106
2018-09-24;2018;9;Autumn;2018;Industrial;NO2;20.2;20.195349818774275
2018-09-25;2018;9;Autumn;2018;Industrial;NO2;20.69375;20.209188498364835
2018-09-26;2018;9;Autumn;2018;Industrial;NO2;25.4125;26.35978471328556
2018-09-27;2018;9;Autumn;2018;Industrial;NO2;36.26875;38.90241112855811
2018-09-28;2018;9;Autumn;2018;Industrial;NO2;40.175;41.76921376370999
2018-09-29;2018;9;Autumn;2018;Industrial;NO2;25.16875;24.970186892716733
2018-09-30;2018;9;Autumn;2018;Industrial;NO2;22.0375;22.924284542095133
2018-10-01;2018;10;Autumn;2018;Industrial;NO2;31.175;31.513397716673943
2018-10-02;2018;10;Autumn;2018;Industrial;NO2;30.6625;32.199805492261014
2018-10-03;2018;10;Autumn;2018;Industrial;NO2;32.34375;33.04507532378603
2018-10-04;2018;10;Autumn;2018;Industrial;NO2;34.91875;35.05508878289512
2018-10-05;2018;10;Autumn;2018;Industrial;NO2;37.06875;37.30406400160565
2018-10-06;2018;10;Autumn;2018;Industrial;NO2;31.59375;32.878112418979704
2018-10-07;2018;10;Autumn;2018;Industrial;NO2;25.2375;27.02035749282771
2018-10-08;2018;10;Autumn;2018;Industrial;NO2;25.0625;25.00934522614845
2018-10-09;2018;10;Autumn;2018;Industrial;NO2;28.24375;28.14281590536121
2018-10-10;2018;10;Autumn;2018;Industrial;NO2;29.29375;28.448255038311235
2018-10-11;2018;10;Autumn;2018;Industrial;NO2;32.8;32.31101138121156
2018-10-12;2018;10;Autumn;2018;Industrial;NO2;35.43125;37.01954669956671
2018-10-13;2018;10;Autumn;2018;Industrial;NO2;27.54375;27.51460962680488
2018-10-14;2018;10;Autumn;2018;Industrial;NO2;23.2125;22.538035855538897
2018-10-15;2018;10;Autumn;2018;Industrial;NO2;34.93125;34.461344317068274
2018-10-16;2018;10;Autumn;2018;Industrial;NO2;33.06875;32.61995637595778
2018-10-17;2018;10;Autumn;2018;Industrial;NO2;34.575;34.730693852492884
2018-10-18;2018;10;Autumn;2018;Industrial;NO2;33.13125;33.48689389735658
2018-10-19;2018;10;Autumn;2018;Industrial;NO2;37.15;38.28369175098287
2018-10-20;2018;10;Autumn;2018;Industrial;NO2;33.95;35.07590524314943
2018-10-21;2018;10;Autumn;2018;Industrial;NO2;20.70625;20.53126438885019
2018-10-22;2018;10;Autumn;2018;Industrial;NO2;33.26875;34.00728621858065
2018-10-23;2018;10;Autumn;2018;Industrial;NO2;45.1125;46.04927332617088
2018-10-24;2018;10;Autumn;2018;Industrial;NO2;49.1625;50.27028636025549
2018-10-25;2018;10;Autumn;2018;Industrial;NO2;38.9375;39.71804848821148
2018-10-26;2018;10;Autumn;2018;Industrial;NO2;47.10625;49.253221331507305
2018-10-27;2018;10;Autumn;2018;Industrial;NO2;25.05625;24.493295828856805
2018-10-28;2018;10;Autumn;2018;Industrial;NO2;16.53125;15.435439959386548
2018-10-29;2018;10;Autumn;2018;Industrial;NO2;13.925;13.389674856259075
2018-10-30;2018;10;Autumn;2018;Industrial;NO2;28.425;29.08420355131581
2018-10-31;2018;10;Autumn;2018;Industrial;NO2;23.2375;22.256241957001688
2018-11-01;2018;11;Autumn;2018;Industrial;NO2;18.675;18.202055465696983
2018-11-02;2018;11;Autumn;2018;Industrial;NO2;31.75;32.14817357528246
2018-11-03;2018;11;Autumn;2018;Industrial;NO2;29.74375;30.24308892456996
2018-11-04;2018;11;Autumn;2018;Industrial;NO2;23.89375;23.382068983837264
2018-11-05;2018;11;Autumn;2018;Industrial;NO2;22.64375;20.81757476298981
2018-11-06;2018;11;Autumn;2018;Industrial;NO2;20.125;17.915353419676276
2018-11-07;2018;11;Autumn;2018;Industrial;NO2;29.70625;29.52941317103694
2018-11-08;2018;11;Autumn;2018;Industrial;NO2;27.375;27.235295923306687
2018-11-09;2018;11;Autumn;2018;Industrial;NO2;28.90625;28.90157141001877
2018-11-10;2018;11;Autumn;2018;Industrial;NO2;26.55;27.287415437834262
2018-11-11;2018;11;Autumn;2018;Industrial;NO2;33.0875;32.86275663805622
2018-11-12;2018;11;Autumn;2018;Industrial;NO2;36.975;38.62956311023483
2018-11-13;2018;11;Autumn;2018;Industrial;NO2;32.88125;32.39201691833627
2018-11-14;2018;11;Autumn;2018;Industrial;NO2;28.49375;28.20973335615872
2018-11-15;2018;11;Autumn;2018;Industrial;NO2;29.275;29.1570973188038
2018-11-16;2018;11;Autumn;2018;Industrial;NO2;25.43125;24.396312027012662
2018-11-17;2018;11;Autumn;2018;Industrial;NO2;23.29375;22.55733078712176
2018-11-18;2018;11;Autumn;2018;Industrial;NO2;24.89375;24.058015253656983
2018-11-19;2018;11;Autumn;2018;Industrial;NO2;27.7375;27.06010318650311
2018-11-20;2018;11;Autumn;2018;Industrial;NO2;33.49375;34.540596037827186
2018-11-21;2018;11;Autumn;2018;Industrial;NO2;33.7125;34.25075500879565
2018-11-22;2018;11;Autumn;2018;Industrial;NO2;35.1;34.86971700452179
2018-11-23;2018;11;Autumn;2018;Industrial;NO2;30.575;29.35047283975396
2018-11-24;2018;11;Autumn;2018;Industrial;NO2;28.6125;29.63445177742884
2018-11-25;2018;11;Autumn;2018;Industrial;NO2;25.65625;26.12560477444186
2018-11-26;2018;11;Autumn;2018;Industrial;NO2;32.78125;34.15421630205074
2018-11-27;2018;11;Autumn;2018;Industrial;NO2;30.48125;30.43263273160884
2018-11-28;2018;11;Autumn;2018;Industrial;NO2;33.80625;33.78487739223858
2018-11-29;2018;11;Autumn;2018;Industrial;NO2;40.41875;40.59950708964475
2018-11-30;2018;11;Autumn;2018;Industrial;NO2;46.81875;47.74917562956754
2018-12-01;2018;12;Winter;2019;Industrial;NO2;45.30625;46.38201998795764
2018-12-02;2018;12;Winter;2019;Industrial;NO2;38.9375;38.925765929564
2018-12-03;2018;12;Winter;2019;Industrial;NO2;47.36875;48.15815220599521
2018-12-04;2018;12;Winter;2019;Industrial;NO2;50.73125;51.73917899434481
2018-12-05;2018;12;Winter;2019;Industrial;NO2;46.225;47.0023001499392
2018-12-06;2018;12;Winter;2019;Industrial;NO2;44.8875;45.7699165299111
2018-12-07;2018;12;Winter;2019;Industrial;NO2;48.8625;49.79868980295392
2018-12-08;2018;12;Winter;2019;Industrial;NO2;44.725;45.72720688067437
2018-12-09;2018;12;Winter;2019;Industrial;NO2;41.1875;41.85281490183115
2018-12-10;2018;12;Winter;2019;Industrial;NO2;49.975;51.82237547372522
2018-12-11;2018;12;Winter;2019;Industrial;NO2;45.90625;47.18903613888856
2018-12-12;2018;12;Winter;2019;Industrial;NO2;56.10625;58.10956895432167
2018-12-13;2018;12;Winter;2019;Industrial;NO2;53.1;54.00901435638305
2018-12-14;2018;12;Winter;2019;Industrial;NO2;49.18125;49.76371914145052
2018-12-15;2018;12;Winter;2019;Industrial;NO2;49.21875;49.5475891665978
2018-12-16;2018;12;Winter;2019;Industrial;NO2;55.25625;55.5366329795398
2018-12-17;2018;12;Winter;2019;Industrial;NO2;58.96875;59.88556451517692
2018-12-18;2018;12;Winter;2019;Industrial;NO2;53.0;53.82460094922138
2018-12-19;2018;12;Winter;2019;Industrial;NO2;52.5;52.69383980118298
2018-12-20;2018;12;Winter;2019;Industrial;NO2;49.6875;50.66199690676615
2018-12-21;2018;12;Winter;2019;Industrial;NO2;50.00625;51.44498884310693
2018-12-22;2018;12;Winter;2019;Industrial;NO2;45.55625;46.217718503913765
2018-12-23;2018;12;Winter;2019;Industrial;NO2;38.0;37.789266950803416
2018-12-24;2018;12;Winter;2019;Industrial;NO2;37.9;38.004874204554845
2018-12-25;2018;12;Winter;2019;Industrial;NO2;37.3;37.76095028393998
2018-12-26;2018;12;Winter;2019;Industrial;NO2;36.5375;36.91080477208061
2018-12-27;2018;12;Winter;2019;Industrial;NO2;42.33125;42.80056610901878
2018-12-28;2018;12;Winter;2019;Industrial;NO2;52.6;52.881004651657
2018-12-29;2018;12;Winter;2019;Industrial;NO2;51.16875;51.16620110742495
2018-12-30;2018;12;Winter;2019;Industrial;NO2;43.29375;43.6590046162383
2018-12-31;2018;12;Winter;2019;Industrial;NO2;47.2125;47.89380851465744
2019-01-01;2019;1;Winter;2019;Industrial;NO2;40.98125;41.43778784524547
2019-01-02;2019;1;Winter;2019;Industrial;NO2;29.68125;29.007617053885745
2019-01-03;2019;1;Winter;2019;Industrial;NO2;49.06875;50.519675798832026
2019-01-04;2019;1;Winter;2019;Industrial;NO2;51.15625;51.60421620066297
2019-01-05;2019;1;Winter;2019;Industrial;NO2;54.78125;55.69409966793016
2019-01-06;2019;1;Winter;2019;Industrial;NO2;47.31875;47.97932828524535
2019-01-07;2019;1;Winter;2019;Industrial;NO2;58.325;59.23189661500157
2019-01-08;2019;1;Winter;2019;Industrial;NO2;48.5125;49.30264980577878
2019-01-09;2019;1;Winter;2019;Industrial;NO2;43.8375;44.72390491821569
2019-01-10;2019;1;Winter;2019;Industrial;NO2;50.825;52.34456606310796
2019-01-11;2019;1;Winter;2019;Industrial;NO2;54.30625;55.52426282550038
2019-01-12;2019;1;Winter;2019;Industrial;NO2;61.0;62.486150250593816
2019-01-13;2019;1;Winter;2019;Industrial;NO2;55.56875;55.83554263031026
2019-01-14;2019;1;Winter;2019;Industrial;NO2;46.60625;48.01503386760073
2019-01-15;2019;1;Winter;2019;Industrial;NO2;52.24375;53.60415689199069
2019-01-16;2019;1;Winter;2019;Industrial;NO2;51.88125;52.80769985114111
2019-01-17;2019;1;Winter;2019;Industrial;NO2;51.33125;52.47315108150245
2019-01-18;2019;1;Winter;2019;Industrial;NO2;45.925;46.70139962594432
2019-01-19;2019;1;Winter;2019;Industrial;NO2;39.3375;40.14024798071588
2019-01-20;2019;1;Winter;2019;Industrial;NO2;37.175;37.77888200216682
2019-01-21;2019;1;Winter;2019;Industrial;NO2;46.55625;47.780129539535686
2019-01-22;2019;1;Winter;2019;Industrial;NO2;38.225;38.55479034971564
2019-01-23;2019;1;Winter;2019;Industrial;NO2;34.0875;33.691797199573685
2019-01-24;2019;1;Winter;2019;Industrial;NO2;36.11875;36.41159924953977
2019-01-25;2019;1;Winter;2019;Industrial;NO2;38.69375;39.04777225469845
2019-01-26;2019;1;Winter;2019;Industrial;NO2;41.6125;41.23096411825328
2019-01-27;2019;1;Winter;2019;Industrial;NO2;36.64375;36.15474601501508
2019-01-28;2019;1;Winter;2019;Industrial;NO2;38.03125;38.9867180870898
2019-01-29;2019;1;Winter;2019;Industrial;NO2;34.1625;34.01737362408284
2019-01-30;2019;1;Winter;2019;Industrial;NO2;27.425;27.03293510398102
2019-01-31;2019;1;Winter;2019;Industrial;NO2;46.1375;46.86280935197935
2019-02-01;2019;2;Winter;2019;Industrial;NO2;52.19375;53.92168172382711
2019-02-02;2019;2;Winter;2019;Industrial;NO2;50.6875;51.16022913112796
2019-02-03;2019;2;Winter;2019;Industrial;NO2;41.975;42.03565596272362
2019-02-04;2019;2;Winter;2019;Industrial;NO2;41.89375;43.2419385714831
2019-02-05;2019;2;Winter;2019;Industrial;NO2;45.5625;47.07099482957565
2019-02-06;2019;2;Winter;2019;Industrial;NO2;52.65;53.76323185286751
2019-02-07;2019;2;Winter;2019;Industrial;NO2;58.51875;59.67295025411711
2019-02-08;2019;2;Winter;2019;Industrial;NO2;60.1125;60.72927059141316
2019-02-09;2019;2;Winter;2019;Industrial;NO2;51.0875;52.06684028644327
2019-02-10;2019;2;Winter;2019;Industrial;NO2;47.78125;48.52855154716361
2019-02-11;2019;2;Winter;2019;Industrial;NO2;34.5625;35.17235746100161
2019-02-12;2019;2;Winter;2019;Industrial;NO2;51.8625;53.10124577572513
2019-02-13;2019;2;Winter;2019;Industrial;NO2;42.01875;41.91019140259138
2019-02-14;2019;2;Winter;2019;Industrial;NO2;61.0625;62.31559495112907
2019-02-15;2019;2;Winter;2019;Industrial;NO2;65.05624999999999;66.357545560511
2019-02-16;2019;2;Winter;2019;Industrial;NO2;54.65625;55.5687093904419
2019-02-17;2019;2;Winter;2019;Industrial;NO2;46.29375;45.85602614279296
2019-02-18;2019;2;Winter;2019;Industrial;NO2;55.475;56.205421458582286
2019-02-19;2019;2;Winter;2019;Industrial;NO2;50.64375;51.46442595370988
2019-02-20;2019;2;Winter;2019;Industrial;NO2;51.10625;53.093541226867416
2019-02-21;2019;2;Winter;2019;Industrial;NO2;55.8125;57.18951381569096
2019-02-22;2019;2;Winter;2019;Industrial;NO2;60.5625;62.949010690241366
2019-02-23;2019;2;Winter;2019;Industrial;NO2;31.3875;31.737959018294667
2019-02-24;2019;2;Winter;2019;Industrial;NO2;35.84375;36.442975298818816
2019-02-25;2019;2;Winter;2019;Industrial;NO2;55.70625;56.90391554679953
2019-02-26;2019;2;Winter;2019;Industrial;NO2;70.10625;72.56157355890203
2019-02-27;2019;2;Winter;2019;Industrial;NO2;59.9125;61.14620057488308
2019-02-28;2019;2;Winter;2019;Industrial;NO2;60.53125;62.41762641995825
2019-03-01;2019;3;Spring;2019;Industrial;NO2;56.3875;59.0051451741238
2019-03-02;2019;3;Spring;2019;Industrial;NO2;44.4875;46.92160920282685
2019-03-03;2019;3;Spring;2019;Industrial;NO2;40.3875;41.655834710840864
2019-03-04;2019;3;Spring;2019;Industrial;NO2;57.275;58.13426984271458
2019-03-05;2019;3;Spring;2019;Industrial;NO2;42.71875;43.90135206156357
2019-03-06;2019;3;Spring;2019;Industrial;NO2;46.425;47.00319708976456
2019-03-07;2019;3;Spring;2019;Industrial;NO2;35.86875;37.16505750298745
2019-03-08;2019;3;Spring;2019;Industrial;NO2;42.74375;44.76745304485439
2019-03-09;2019;3;Spring;2019;Industrial;NO2;37.8125;40.32984518087677
2019-03-10;2019;3;Spring;2019;Industrial;NO2;31.51875;32.35573723322108
2019-03-11;2019;3;Spring;2019;Industrial;NO2;24.425;24.460120496431205
2019-03-12;2019;3;Spring;2019;Industrial;NO2;35.71875;37.671660143691405
2019-03-13;2019;3;Spring;2019;Industrial;NO2;44.65;45.39070175078026
2019-03-14;2019;3;Spring;2019;Industrial;NO2;41.6375;42.62444691727028
2019-03-15;2019;3;Spring;2019;Industrial;NO2;39.8125;41.44300436594038
2019-03-16;2019;3;Spring;2019;Industrial;NO2;41.25;42.71748020352857
2019-03-17;2019;3;Spring;2019;Industrial;NO2;33.5;33.97963686650557
2019-03-18;2019;3;Spring;2019;Industrial;NO2;26.525;26.90274581536212
2019-03-19;2019;3;Spring;2019;Industrial;NO2;30.91875;32.565423044061646
2019-03-20;2019;3;Spring;2019;Industrial;NO2;33.475;34.561564163468795
2019-03-21;2019;3;Spring;2019;Industrial;NO2;37.86875;39.12770302209982
2019-03-22;2019;3;Spring;2019;Industrial;NO2;47.99375;50.31247566729596
2019-03-23;2019;3;Spring;2019;Industrial;NO2;42.8125;44.85673990211133
2019-03-24;2019;3;Spring;2019;Industrial;NO2;38.7625;40.00528199512025
2019-03-25;2019;3;Spring;2019;Industrial;NO2;42.575;44.52406640222437
2019-03-26;2019;3;Spring;2019;Industrial;NO2;29.35;31.42122780695908
2019-03-27;2019;3;Spring;2019;Industrial;NO2;33.41875;34.75939704807232
2019-03-28;2019;3;Spring;2019;Industrial;NO2;38.16875;39.651539529817285
2019-03-29;2019;3;Spring;2019;Industrial;NO2;38.31875;40.942062473758845
2019-03-30;2019;3;Spring;2019;Industrial;NO2;36.99375;38.81430601513252
2019-03-31;2019;3;Spring;2019;Industrial;NO2;27.025;27.8820171407935
2019-04-01;2019;4;Spring;2019;Industrial;NO2;38.56875;40.7214471316036
2019-04-02;2019;4;Spring;2019;Industrial;NO2;35.19375;36.92318851643173
2019-04-03;2019;4;Spring;2019;Industrial;NO2;25.79375;25.98292468092228
2019-04-04;2019;4;Spring;2019;Industrial;NO2;23.575;23.85369431370764
2019-04-05;2019;4;Spring;2019;Industrial;NO2;38.46875;41.79469774597684
2019-04-06;2019;4;Spring;2019;Industrial;NO2;26.6125;27.666651203349467
2019-04-07;2019;4;Spring;2019;Industrial;NO2;25.04375;25.27368339151651
2019-04-08;2019;4;Spring;2019;Industrial;NO2;38.89375;41.02072485767386
2019-04-09;2019;4;Spring;2019;Industrial;NO2;29.6125;30.07283604088188
2019-04-10;2019;4;Spring;2019;Industrial;NO2;33.78125;34.93714308363991
2019-04-11;2019;4;Spring;2019;Industrial;NO2;30.0;30.51751396836675
2019-04-12;2019;4;Spring;2019;Industrial;NO2;28.43125;29.58150685132608
2019-04-13;2019;4;Spring;2019;Industrial;NO2;24.1875;25.448490711733424
2019-04-14;2019;4;Spring;2019;Industrial;NO2;19.4125;19.242117965536377
2019-04-15;2019;4;Spring;2019;Industrial;NO2;25.4875;26.221551655798304
2019-04-16;2019;4;Spring;2019;Industrial;NO2;29.00625;30.37260966966244
2019-04-17;2019;4;Spring;2019;Industrial;NO2;30.425;31.84437727362144
2019-04-18;2019;4;Spring;2019;Industrial;NO2;30.88125;31.6056484170163
2019-04-19;2019;4;Spring;2019;Industrial;NO2;28.04375;29.645424277212257
2019-04-20;2019;4;Spring;2019;Industrial;NO2;22.48125;23.76305157799237
2019-04-21;2019;4;Spring;2019;Industrial;NO2;15.19375;15.53727227084685
2019-04-22;2019;4;Spring;2019;Industrial;NO2;14.10625;14.442445044055772
2019-04-23;2019;4;Spring;2019;Industrial;NO2;15.15625;15.860633721971514
2019-04-24;2019;4;Spring;2019;Industrial;NO2;23.0125;23.98810039020409
2019-04-25;2019;4;Spring;2019;Industrial;NO2;15.90625;15.667631264478509
2019-04-26;2019;4;Spring;2019;Industrial;NO2;19.45625;19.281692117525125
2019-04-27;2019;4;Spring;2019;Industrial;NO2;23.1;25.406870997765648
2019-04-28;2019;4;Spring;2019;Industrial;NO2;16.525;16.339311373465534
2019-04-29;2019;4;Spring;2019;Industrial;NO2;27.9;30.77365726046784
2019-04-30;2019;4;Spring;2019;Industrial;NO2;23.875;26.00108517253832
2019-05-01;2019;5;Spring;2019;Industrial;NO2;15.99375;17.477741044243682
2019-05-02;2019;5;Spring;2019;Industrial;NO2;25.55;27.57045341773564
2019-05-03;2019;5;Spring;2019;Industrial;NO2;20.19375;20.39631963263856
2019-05-04;2019;5;Spring;2019;Industrial;NO2;17.1625;18.23684507224208
2019-05-05;2019;5;Spring;2019;Industrial;NO2;12.525;12.987670549133712
2019-05-06;2019;5;Spring;2019;Industrial;NO2;22.625;25.268445731096826
2019-05-07;2019;5;Spring;2019;Industrial;NO2;24.94375;27.3746238156616
2019-05-08;2019;5;Spring;2019;Industrial;NO2;27.225;28.120147919351957
2019-05-09;2019;5;Spring;2019;Industrial;NO2;27.08125;29.39821516129316
2019-05-10;2019;5;Spring;2019;Industrial;NO2;25.9625;27.503392632218706
2019-05-11;2019;5;Spring;2019;Industrial;NO2;17.2875;18.42510753366942
2019-05-12;2019;5;Spring;2019;Industrial;NO2;14.9;15.121264507870142
2019-05-13;2019;5;Spring;2019;Industrial;NO2;28.85;30.77201364686677
2019-05-14;2019;5;Spring;2019;Industrial;NO2;21.375;21.440885108531933
2019-05-15;2019;5;Spring;2019;Industrial;NO2;25.8875;27.9665023444542
2019-05-16;2019;5;Spring;2019;Industrial;NO2;26.7125;27.491402297770644
2019-05-17;2019;5;Spring;2019;Industrial;NO2;20.21875;20.90859946387309
2019-05-18;2019;5;Spring;2019;Industrial;NO2;19.875;21.33788620368712
2019-05-19;2019;5;Spring;2019;Industrial;NO2;17.89375;19.35399966528769
2019-05-20;2019;5;Spring;2019;Industrial;NO2;26.50625;27.796627920291492
2019-05-21;2019;5;Spring;2019;Industrial;NO2;26.40625;27.88940723624523
2019-05-22;2019;5;Spring;2019;Industrial;NO2;22.21875;22.636165077761888
2019-05-23;2019;5;Spring;2019;Industrial;NO2;25.36875;26.15242857268689
2019-05-24;2019;5;Spring;2019;Industrial;NO2;22.025;22.66433816513061
2019-05-25;2019;5;Spring;2019;Industrial;NO2;15.45;16.445113640701017
2019-05-26;2019;5;Spring;2019;Industrial;NO2;15.425;15.784780278985645
2019-05-27;2019;5;Spring;2019;Industrial;NO2;26.78125;28.7791380277224
2019-05-28;2019;5;Spring;2019;Industrial;NO2;22.075;22.376733384029524
2019-05-29;2019;5;Spring;2019;Industrial;NO2;26.05625;28.496592981024165
2019-05-30;2019;5;Spring;2019;Industrial;NO2;19.1875;19.791835955735767
2019-05-31;2019;5;Spring;2019;Industrial;NO2;19.7625;21.20007516346586
2019-06-01;2019;6;Summer;2019;Industrial;NO2;18.7625;20.34157948976925
2019-06-02;2019;6;Summer;2019;Industrial;NO2;15.2;16.3548910570156
2019-06-03;2019;6;Summer;2019;Industrial;NO2;22.59375;24.6503742024892
2019-06-04;2019;6;Summer;2019;Industrial;NO2;26.3;27.504773173689266
2019-06-05;2019;6;Summer;2019;Industrial;NO2;23.58125;25.013557610154116
2019-06-06;2019;6;Summer;2019;Industrial;NO2;21.84375;23.255720203998344
2019-06-07;2019;6;Summer;2019;Industrial;NO2;20.50625;20.83619972342193
2019-06-08;2019;6;Summer;2019;Industrial;NO2;18.86875;21.060757037032687
2019-06-09;2019;6;Summer;2019;Industrial;NO2;15.0;15.145405192738504
2019-06-10;2019;6;Summer;2019;Industrial;NO2;19.98125;20.395830482895903
2019-06-11;2019;6;Summer;2019;Industrial;NO2;20.04375;21.14208185183989
2019-06-12;2019;6;Summer;2019;Industrial;NO2;21.30625;23.312032907504896
2019-06-13;2019;6;Summer;2019;Industrial;NO2;19.44375;20.419777680561143
2019-06-14;2019;6;Summer;2019;Industrial;NO2;24.175;25.265468259584075
2019-06-15;2019;6;Summer;2019;Industrial;NO2;18.50625;20.34157038794331
2019-06-16;2019;6;Summer;2019;Industrial;NO2;14.5375;15.887850236794277
2019-06-17;2019;6;Summer;2019;Industrial;NO2;21.66875;22.70189259258172
2019-06-18;2019;6;Summer;2019;Industrial;NO2;23.34375;25.48520689037585
2019-06-19;2019;6;Summer;2019;Industrial;NO2;23.15625;25.086723959235567
2019-06-20;2019;6;Summer;2019;Industrial;NO2;21.78125;22.577506745627453
2019-06-21;2019;6;Summer;2019;Industrial;NO2;22.04375;23.180363250937344
2019-06-22;2019;6;Summer;2019;Industrial;NO2;16.45625;17.349484866012315
2019-06-23;2019;6;Summer;2019;Industrial;NO2;16.73125;17.90738011280392
2019-06-24;2019;6;Summer;2019;Industrial;NO2;21.4875;22.49628968469513
2019-06-25;2019;6;Summer;2019;Industrial;NO2;22.09375;23.68290236676835
2019-06-26;2019;6;Summer;2019;Industrial;NO2;22.65;24.50733665892522
2019-06-27;2019;6;Summer;2019;Industrial;NO2;24.175;25.566924551735077
2019-06-28;2019;6;Summer;2019;Industrial;NO2;20.81875;21.39846355305924
2019-06-29;2019;6;Summer;2019;Industrial;NO2;17.48125;18.76607720110044
2019-06-30;2019;6;Summer;2019;Industrial;NO2;16.38125;17.679024988916325
2019-07-01;2019;7;Summer;2019;Industrial;NO2;25.0875;26.934978610709035
2019-07-02;2019;7;Summer;2019;Industrial;NO2;28.4125;30.89505036833035
2019-07-03;2019;7;Summer;2019;Industrial;NO2;22.7;23.424271927326323
2019-07-04;2019;7;Summer;2019;Industrial;NO2;20.0875;21.21974567736669
2019-07-05;2019;7;Summer;2019;Industrial;NO2;25.7375;27.57983123453057
2019-07-06;2019;7;Summer;2019;Industrial;NO2;20.75625;22.92434738439947
2019-07-07;2019;7;Summer;2019;Industrial;NO2;17.39375;19.295175445035248
2019-07-08;2019;7;Summer;2019;Industrial;NO2;22.66875;24.47585960873893
2019-07-09;2019;7;Summer;2019;Industrial;NO2;19.1125;19.97126259942277
2019-07-10;2019;7;Summer;2019;Industrial;NO2;18.4875;19.55272482244099
2019-07-11;2019;7;Summer;2019;Industrial;NO2;21.0875;22.381049411170583
2019-07-12;2019;7;Summer;2019;Industrial;NO2;21.70625;22.953194006888022
2019-07-13;2019;7;Summer;2019;Industrial;NO2;18.15625;19.189558150391523
2019-07-14;2019;7;Summer;2019;Industrial;NO2;13.5125;14.01038400897264
2019-07-15;2019;7;Summer;2019;Industrial;NO2;18.33125;19.266428355417496
2019-07-16;2019;7;Summer;2019;Industrial;NO2;20.9;23.03102636299844
2019-07-17;2019;7;Summer;2019;Industrial;NO2;22.71875;24.164616798447405
2019-07-18;2019;7;Summer;2019;Industrial;NO2;22.4375;23.17340387737785
2019-07-19;2019;7;Summer;2019;Industrial;NO2;20.3875;22.00472179241378
2019-07-20;2019;7;Summer;2019;Industrial;NO2;17.44375;18.701690884374518
2019-07-21;2019;7;Summer;2019;Industrial;NO2;16.00625;17.437614910552536
2019-07-22;2019;7;Summer;2019;Industrial;NO2;23.875;25.98790719660825
2019-07-23;2019;7;Summer;2019;Industrial;NO2;21.35;22.745669145690872
2019-07-24;2019;7;Summer;2019;Industrial;NO2;23.05625;25.12924005625516
2019-07-25;2019;7;Summer;2019;Industrial;NO2;23.775;25.23095266756902
2019-07-26;2019;7;Summer;2019;Industrial;NO2;20.375;22.580796908902464
2019-07-27;2019;7;Summer;2019;Industrial;NO2;15.1625;16.397524890557886
2019-07-28;2019;7;Summer;2019;Industrial;NO2;13.86875;15.605274654938032
2019-07-29;2019;7;Summer;2019;Industrial;NO2;22.0;23.88145106594126
2019-07-30;2019;7;Summer;2019;Industrial;NO2;21.00625;21.579612497100623
2019-07-31;2019;7;Summer;2019;Industrial;NO2;23.8125;25.376459154822054
2019-08-01;2019;8;Summer;2019;Industrial;NO2;21.4;22.69799143253932
2019-08-02;2019;8;Summer;2019;Industrial;NO2;18.28125;18.674172247651875
2019-08-03;2019;8;Summer;2019;Industrial;NO2;15.34375;16.495514267846186
2019-08-04;2019;8;Summer;2019;Industrial;NO2;13.325;13.735411094245004
2019-08-05;2019;8;Summer;2019;Industrial;NO2;18.4375;19.629004876817064
2019-08-06;2019;8;Summer;2019;Industrial;NO2;17.83125;18.47924460716813
2019-08-07;2019;8;Summer;2019;Industrial;NO2;15.05625;15.762330772099087
2019-08-08;2019;8;Summer;2019;Industrial;NO2;15.91875;17.850187174646422
2019-08-09;2019;8;Summer;2019;Industrial;NO2;18.4875;19.896001655945103
2019-08-10;2019;8;Summer;2019;Industrial;NO2;15.40625;17.13122366709631
2019-08-11;2019;8;Summer;2019;Industrial;NO2;15.0875;15.931640589445994
2019-08-12;2019;8;Summer;2019;Industrial;NO2;13.43125;13.800201708207204
2019-08-13;2019;8;Summer;2019;Industrial;NO2;14.91875;16.49878182335998
2019-08-14;2019;8;Summer;2019;Industrial;NO2;13.5125;15.319718078281577
2019-08-15;2019;8;Summer;2019;Industrial;NO2;14.36875;16.193311625967805
2019-08-16;2019;8;Summer;2019;Industrial;NO2;15.4375;16.802617802584333
2019-08-17;2019;8;Summer;2019;Industrial;NO2;11.6875;12.737131632955656
2019-08-18;2019;8;Summer;2019;Industrial;NO2;11.86875;12.569051149325732
2019-08-19;2019;8;Summer;2019;Industrial;NO2;15.36875;16.424914046466288
2019-08-20;2019;8;Summer;2019;Industrial;NO2;14.48125;14.571294309009929
2019-08-21;2019;8;Summer;2019;Industrial;NO2;14.38125;14.53270139257937
2019-08-22;2019;8;Summer;2019;Industrial;NO2;17.6875;19.64175007560388
2019-08-23;2019;8;Summer;2019;Industrial;NO2;14.6375;14.733870243194916
2019-08-24;2019;8;Summer;2019;Industrial;NO2;9.4;9.655920150561816
2019-08-25;2019;8;Summer;2019;Industrial;NO2;10.3125;10.40630639094985
2019-08-26;2019;8;Summer;2019;Industrial;NO2;14.64375;14.952264152605323
2019-08-27;2019;8;Summer;2019;Industrial;NO2;18.80625;19.82417415609925
2019-08-28;2019;8;Summer;2019;Industrial;NO2;22.66875;24.54082491903779
2019-08-29;2019;8;Summer;2019;Industrial;NO2;22.1875;25.4985028964359
2019-08-30;2019;8;Summer;2019;Industrial;NO2;25.175;28.777264226007144
2019-08-31;2019;8;Summer;2019;Industrial;NO2;16.1125;19.061577082189487
2019-09-01;2019;9;Autumn;2019;Industrial;NO2;14.55;16.713710873158714
2019-09-02;2019;9;Autumn;2019;Industrial;NO2;19.8125;20.08116597326412
2019-09-03;2019;9;Autumn;2019;Industrial;NO2;22.10625;22.359336858578175
2019-09-04;2019;9;Autumn;2019;Industrial;NO2;23.68125;24.885342830550428
2019-09-05;2019;9;Autumn;2019;Industrial;NO2;26.65625;27.18738310759826
2019-09-06;2019;9;Autumn;2019;Industrial;NO2;25.79375;27.272247064661133
2019-09-07;2019;9;Autumn;2019;Industrial;NO2;19.7625;21.130557765765975
2019-09-08;2019;9;Autumn;2019;Industrial;NO2;18.0;18.595811692029443
2019-09-09;2019;9;Autumn;2019;Industrial;NO2;27.63125;28.879611029064183
2019-09-10;2019;9;Autumn;2019;Industrial;NO2;27.5125;27.738636957523838
2019-09-11;2019;9;Autumn;2019;Industrial;NO2;29.48125;31.631330833756618
2019-09-12;2019;9;Autumn;2019;Industrial;NO2;29.825;31.89794739144604
2019-09-13;2019;9;Autumn;2019;Industrial;NO2;28.59375;29.803771092013587
2019-09-14;2019;9;Autumn;2019;Industrial;NO2;24.66875;26.04154631214565
2019-09-15;2019;9;Autumn;2019;Industrial;NO2;20.1875;21.675425657166517
2019-09-16;2019;9;Autumn;2019;Industrial;NO2;26.525;27.82933753387494
2019-09-17;2019;9;Autumn;2019;Industrial;NO2;32.5625;34.92530131447983
2019-09-18;2019;9;Autumn;2019;Industrial;NO2;27.6375;28.809547228200397
2019-09-19;2019;9;Autumn;2019;Industrial;NO2;28.5875;31.2244589551691
2019-09-20;2019;9;Autumn;2019;Industrial;NO2;23.40625;24.180364131759205
2019-09-21;2019;9;Autumn;2019;Industrial;NO2;22.3625;23.36490688244845
2019-09-22;2019;9;Autumn;2019;Industrial;NO2;24.06875;26.578788341441783
2019-09-23;2019;9;Autumn;2019;Industrial;NO2;29.80625;32.42148412612195
2019-09-24;2019;9;Autumn;2019;Industrial;NO2;24.9125;26.374452055397825
2019-09-25;2019;9;Autumn;2019;Industrial;NO2;32.875;34.12145564621496
2019-09-26;2019;9;Autumn;2019;Industrial;NO2;30.21875;32.180928151360426
2019-09-27;2019;9;Autumn;2019;Industrial;NO2;33.53125;34.545540839305794
2019-09-28;2019;9;Autumn;2019;Industrial;NO2;23.95;25.690943389578702
2019-09-29;2019;9;Autumn;2019;Industrial;NO2;20.9125;22.4913905534791
2019-09-30;2019;9;Autumn;2019;Industrial;NO2;31.90625;33.30110660587038
2019-10-01;2019;10;Autumn;2019;Industrial;NO2;32.05;34.50996767383754
2019-10-02;2019;10;Autumn;2019;Industrial;NO2;26.91875;27.912790707916532
2019-10-03;2019;10;Autumn;2019;Industrial;NO2;24.575;25.079377904877116
2019-10-04;2019;10;Autumn;2019;Industrial;NO2;29.06875;30.44846047018271
2019-10-05;2019;10;Autumn;2019;Industrial;NO2;26.2125;27.133246034099557
2019-10-06;2019;10;Autumn;2019;Industrial;NO2;15.24375;14.674925643954188
2019-10-07;2019;10;Autumn;2019;Industrial;NO2;25.99375;27.361057103681546
2019-10-08;2019;10;Autumn;2019;Industrial;NO2;28.9375;30.14747130722773
2019-10-09;2019;10;Autumn;2019;Industrial;NO2;27.26875;26.776076878132415
2019-10-10;2019;10;Autumn;2019;Industrial;NO2;27.2625;27.970022108628825
2019-10-11;2019;10;Autumn;2019;Industrial;NO2;30.63125;31.80293900895796
2019-10-12;2019;10;Autumn;2019;Industrial;NO2;24.1375;25.523062558904964
2019-10-13;2019;10;Autumn;2019;Industrial;NO2;20.68125;21.384354548417303
2019-10-14;2019;10;Autumn;2019;Industrial;NO2;33.375;35.54654145294503
2019-10-15;2019;10;Autumn;2019;Industrial;NO2;21.90625;21.269296017804347
2019-10-16;2019;10;Autumn;2019;Industrial;NO2;28.3875;29.24554994113174
2019-10-17;2019;10;Autumn;2019;Industrial;NO2;29.475;31.07063721589825
2019-10-18;2019;10;Autumn;2019;Industrial;NO2;27.2125;27.400612464803828
2019-10-19;2019;10;Autumn;2019;Industrial;NO2;17.9;17.492597573042154
2019-10-20;2019;10;Autumn;2019;Industrial;NO2;15.3875;15.320022549039756
2019-10-21;2019;10;Autumn;2019;Industrial;NO2;18.6125;18.650122287435664
2019-10-22;2019;10;Autumn;2019;Industrial;NO2;24.64375;25.464642635888797
2019-10-23;2019;10;Autumn;2019;Industrial;NO2;27.4375;28.222455379032333
2019-10-24;2019;10;Autumn;2019;Industrial;NO2;24.9125;25.212450123461863
2019-10-25;2019;10;Autumn;2019;Industrial;NO2;21.95;22.2782489848528
2019-10-26;2019;10;Autumn;2019;Industrial;NO2;23.2;24.875408627943777
2019-10-27;2019;10;Autumn;2019;Industrial;NO2;22.5375;23.631318502250497
2019-10-28;2019;10;Autumn;2019;Industrial;NO2;34.19375;34.83521731343459
2019-10-29;2019;10;Autumn;2019;Industrial;NO2;37.375;39.30992304552968
2019-10-30;2019;10;Autumn;2019;Industrial;NO2;33.075;35.255244266583674
2019-10-31;2019;10;Autumn;2019;Industrial;NO2;34.825;37.435394065022265
2019-11-01;2019;11;Autumn;2019;Industrial;NO2;36.64375;38.64852917428822
2019-11-02;2019;11;Autumn;2019;Industrial;NO2;35.45;38.04440076220452
2019-11-03;2019;11;Autumn;2019;Industrial;NO2;27.09375;28.23186079491237
2019-11-04;2019;11;Autumn;2019;Industrial;NO2;41.475;43.56452460575881
2019-11-05;2019;11;Autumn;2019;Industrial;NO2;38.15;39.60605330146716
2019-11-06;2019;11;Autumn;2019;Industrial;NO2;33.53125;34.25180700605711
2019-11-07;2019;11;Autumn;2019;Industrial;NO2;33.075;32.976879600459206
2019-11-08;2019;11;Autumn;2019;Industrial;NO2;26.73125;26.955362296713652
2019-11-09;2019;11;Autumn;2019;Industrial;NO2;33.08125;34.69428229166361
2019-11-10;2019;11;Autumn;2019;Industrial;NO2;26.14375;26.512659759065865
2019-11-11;2019;11;Autumn;2019;Industrial;NO2;40.65625;41.93423725230555
2019-11-12;2019;11;Autumn;2019;Industrial;NO2;44.84375;47.0467672369499
2019-11-13;2019;11;Autumn;2019;Industrial;NO2;35.831250000000004;36.04856528798471
2019-11-14;2019;11;Autumn;2019;Industrial;NO2;27.3125;26.445247819231867
2019-11-15;2019;11;Autumn;2019;Industrial;NO2;29.01875;29.31813025006533
2019-11-16;2019;11;Autumn;2019;Industrial;NO2;35.23125;37.694721528167214
2019-11-17;2019;11;Autumn;2019;Industrial;NO2;22.225;22.461674559809275
2019-11-18;2019;11;Autumn;2019;Industrial;NO2;37.675;38.18215308096808
2019-11-19;2019;11;Autumn;2019;Industrial;NO2;29.03125;30.721878147103123
2019-11-20;2019;11;Autumn;2019;Industrial;NO2;43.3875;46.42629546875872
2019-11-21;2019;11;Autumn;2019;Industrial;NO2;38.11875;39.86355364645572
2019-11-22;2019;11;Autumn;2019;Industrial;NO2;24.325;23.257184717153415
2019-11-23;2019;11;Autumn;2019;Industrial;NO2;8.33125;8.161141662580631
2019-11-24;2019;11;Autumn;2019;Industrial;NO2;15.525;14.87215311032881
2019-11-25;2019;11;Autumn;2019;Industrial;NO2;36.4875;37.6569093135168
2019-11-26;2019;11;Autumn;2019;Industrial;NO2;38.9625;38.92015408510501
2019-11-27;2019;11;Autumn;2019;Industrial;NO2;35.6;36.49264161413543
2019-11-28;2019;11;Autumn;2019;Industrial;NO2;38.95625;40.330278545234606
2019-11-29;2019;11;Autumn;2019;Industrial;NO2;36.10625;36.40332657057879
2019-11-30;2019;11;Autumn;2019;Industrial;NO2;36.4;37.94148289297134
2019-12-01;2019;12;Winter;2020;Industrial;NO2;33.94375;35.45390013241689
2019-12-02;2019;12;Winter;2020;Industrial;NO2;38.05;39.79630377784498
2019-12-03;2019;12;Winter;2020;Industrial;NO2;31.91875;31.831177864359304
2019-12-04;2019;12;Winter;2020;Industrial;NO2;40.74375;41.72952426811042
2019-12-05;2019;12;Winter;2020;Industrial;NO2;43.7875;44.383678077224594
2019-12-06;2019;12;Winter;2020;Industrial;NO2;47.8625;49.79788866998834
2019-12-07;2019;12;Winter;2020;Industrial;NO2;52.68125;54.54815922910471
2019-12-08;2019;12;Winter;2020;Industrial;NO2;39.65625;39.45437665704613
2019-12-09;2019;12;Winter;2020;Industrial;NO2;49.95625;51.60233564598007
2019-12-10;2019;12;Winter;2020;Industrial;NO2;43.85;44.11532453881635
2019-12-11;2019;12;Winter;2020;Industrial;NO2;45.16875;45.66400580168002
2019-12-12;2019;12;Winter;2020;Industrial;NO2;47.36875;50.01389584575048
2019-12-13;2019;12;Winter;2020;Industrial;NO2;47.99375;49.82761141662581
2019-12-14;2019;12;Winter;2020;Industrial;NO2;48.675;49.84005331908359
2019-12-15;2019;12;Winter;2020;Industrial;NO2;39.25;39.85262822564307
2019-12-16;2019;12;Winter;2020;Industrial;NO2;42.275;43.91032587472951
2019-12-17;2019;12;Winter;2020;Industrial;NO2;39.98125;40.77424124536467
2019-12-18;2019;12;Winter;2020;Industrial;NO2;38.125;39.80036113696487
2019-12-19;2019;12;Winter;2020;Industrial;NO2;33.96875;34.6903124275157
2019-12-20;2019;12;Winter;2020;Industrial;NO2;24.43125;24.71339319007255
2019-12-21;2019;12;Winter;2020;Industrial;NO2;28.03125;27.982595840759156
2019-12-22;2019;12;Winter;2020;Industrial;NO2;27.4875;27.49784492250236
2019-12-23;2019;12;Winter;2020;Industrial;NO2;39.76875;40.0189919874571
2019-12-24;2019;12;Winter;2020;Industrial;NO2;42.8125;44.07304479566401
2019-12-25;2019;12;Winter;2020;Industrial;NO2;35.85625;35.42428161636685
2019-12-26;2019;12;Winter;2020;Industrial;NO2;34.74375;34.774808494646074
2019-12-27;2019;12;Winter;2020;Industrial;NO2;40.03125;40.53543634447181
2019-12-28;2019;12;Winter;2020;Industrial;NO2;33.575;32.73381944913401
2019-12-29;2019;12;Winter;2020;Industrial;NO2;29.9125;29.908535751091485
2019-12-30;2019;12;Winter;2020;Industrial;NO2;35.31875;36.06095551555972
2019-12-31;2019;12;Winter;2020;Industrial;NO2;40.05625;39.93469351803189
2023-01-01;2023;1;Winter;2023;Industrial;NO2;20.025;20.34101539164353
2023-01-02;2023;1;Winter;2023;Industrial;NO2;18.275;18.319928605732628
2023-01-03;2023;1;Winter;2023;Industrial;NO2;14.125;14.417670813273826
2023-01-04;2023;1;Winter;2023;Industrial;NO2;17.58125;18.03405079008094
2023-01-05;2023;1;Winter;2023;Industrial;NO2;20.28125;21.0766264305209
2023-01-06;2023;1;Winter;2023;Industrial;NO2;16.08125;16.891174110646475
2023-01-07;2023;1;Winter;2023;Industrial;NO2;20.76875;21.014022326082628
2023-01-08;2023;1;Winter;2023;Industrial;NO2;19.00625;19.77792985908564
2023-01-09;2023;1;Winter;2023;Industrial;NO2;19.44375;22.320654847664898
2023-01-10;2023;1;Winter;2023;Industrial;NO2;27.84375;30.438641341907672
2023-01-11;2023;1;Winter;2023;Industrial;NO2;32.26875;32.74890478031182
2023-01-12;2023;1;Winter;2023;Industrial;NO2;35.3375;35.70315710252896
2023-01-13;2023;1;Winter;2023;Industrial;NO2;33.59375;34.03332249827225
2023-01-14;2023;1;Winter;2023;Industrial;NO2;28.125;27.622657869768425
2023-01-15;2023;1;Winter;2023;Industrial;NO2;25.0;24.758013259772056
2023-01-16;2023;1;Winter;2023;Industrial;NO2;21.475;22.608599231589174
2023-01-17;2023;1;Winter;2023;Industrial;NO2;27.2375;28.65410912370711
2023-01-18;2023;1;Winter;2023;Industrial;NO2;30.2125;32.99476256574246
2023-01-19;2023;1;Winter;2023;Industrial;NO2;30.275;32.96008539199494
2023-01-20;2023;1;Winter;2023;Industrial;NO2;31.74375;33.78582364034626
2023-01-21;2023;1;Winter;2023;Industrial;NO2;31.01875;33.635427721357374
2023-01-22;2023;1;Winter;2023;Industrial;NO2;29.525;31.57605187944384
2023-01-23;2023;1;Winter;2023;Industrial;NO2;34.30625;36.568781553454926
2023-01-24;2023;1;Winter;2023;Industrial;NO2;28.5625;30.798857340314623
2023-01-25;2023;1;Winter;2023;Industrial;NO2;30.91875;32.6657831699289
2023-01-26;2023;1;Winter;2023;Industrial;NO2;26.5375;28.85771954176477
2023-01-27;2023;1;Winter;2023;Industrial;NO2;26.35625;28.19599424863244
2023-01-28;2023;1;Winter;2023;Industrial;NO2;27.7375;29.8095887362219
2023-01-29;2023;1;Winter;2023;Industrial;NO2;24.2125;25.870563774583875
2023-01-30;2023;1;Winter;2023;Industrial;NO2;37.3;40.19518249756943
2023-01-31;2023;1;Winter;2023;Industrial;NO2;42.74375;45.75427926345012
2023-02-01;2023;2;Winter;2023;Industrial;NO2;43.49375;46.85959020041936
2023-02-02;2023;2;Winter;2023;Industrial;NO2;40.8375;45.05360192571248
2023-02-03;2023;2;Winter;2023;Industrial;NO2;42.6125;45.66895989270361
2023-02-04;2023;2;Winter;2023;Industrial;NO2;33.125;36.482201508709046
2023-02-05;2023;2;Winter;2023;Industrial;NO2;8.29375;9.01473626875637
2023-02-06;2023;2;Winter;2023;Industrial;NO2;20.2875;22.046367618980685
2023-02-07;2023;2;Winter;2023;Industrial;NO2;28.2875;30.996642595260685
2023-02-08;2023;2;Winter;2023;Industrial;NO2;27.91875;30.280201707839893
2023-02-09;2023;2;Winter;2023;Industrial;NO2;25.325;28.36473187616404
2023-02-10;2023;2;Winter;2023;Industrial;NO2;38.81875;41.44002530133184
2023-02-11;2023;2;Winter;2023;Industrial;NO2;45.85;48.46631028100877
2023-02-12;2023;2;Winter;2023;Industrial;NO2;32.0875;35.17976479132258
2023-02-13;2023;2;Winter;2023;Industrial;NO2;34.70625;39.04033688254794
2023-02-14;2023;2;Winter;2023;Industrial;NO2;48.0875;51.66718118564853
2023-02-15;2023;2;Winter;2023;Industrial;NO2;46.29375;49.27522841480127
2023-02-16;2023;2;Winter;2023;Industrial;NO2;45.10625;48.00480403181408
2023-02-17;2023;2;Winter;2023;Industrial;NO2;41.2375;45.3029281020487
2023-02-18;2023;2;Winter;2023;Industrial;NO2;34.075;38.00476127724872
2023-02-19;2023;2;Winter;2023;Industrial;NO2;27.675;30.634384334258705
2023-02-20;2023;2;Winter;2023;Industrial;NO2;31.45625;35.04092548992047
2023-02-21;2023;2;Winter;2023;Industrial;NO2;37.525;38.77846839090558
2023-02-22;2023;2;Winter;2023;Industrial;NO2;32.0125;32.92262741446159
2023-02-23;2023;2;Winter;2023;Industrial;NO2;35.88125;37.61107401810919
2023-02-24;2023;2;Winter;2023;Industrial;NO2;34.36875;37.357289946234665
2023-02-25;2023;2;Winter;2023;Industrial;NO2;29.575;32.67177437303065
2023-02-26;2023;2;Winter;2023;Industrial;NO2;15.38125;16.52456366916166
2023-02-27;2023;2;Winter;2023;Industrial;NO2;22.3;24.27629259350365
2023-02-28;2023;2;Winter;2023;Industrial;NO2;25.075;27.642537571306413
2023-03-01;2023;3;Spring;2023;Industrial;NO2;29.80625;32.18827617106512
2023-03-02;2023;3;Spring;2023;Industrial;NO2;30.0125;32.54134044347612
2023-03-03;2023;3;Spring;2023;Industrial;NO2;31.3875;33.836183832917506
2023-03-04;2023;3;Spring;2023;Industrial;NO2;29.24375;31.757127713157864
2023-03-05;2023;3;Spring;2023;Industrial;NO2;26.18125;27.80679680453549
2023-03-06;2023;3;Spring;2023;Industrial;NO2;30.98125;34.032742383244894
2023-03-07;2023;3;Spring;2023;Industrial;NO2;34.61875;37.40920043105973
2023-03-08;2023;3;Spring;2023;Industrial;NO2;32.39375;35.277181068512725
2023-03-09;2023;3;Spring;2023;Industrial;NO2;31.90625;35.432210879572686
2023-03-10;2023;3;Spring;2023;Industrial;NO2;26.8375;29.512108620023195
2023-03-11;2023;3;Spring;2023;Industrial;NO2;22.8375;25.208460425671475
2023-03-12;2023;3;Spring;2023;Industrial;NO2;13.04375;14.249155158074752
2023-03-13;2023;3;Spring;2023;Industrial;NO2;23.6125;25.277277412704542
2023-03-14;2023;3;Spring;2023;Industrial;NO2;16.9625;19.023872860807536
2023-03-15;2023;3;Spring;2023;Industrial;NO2;19.60625;21.829904182919257
2023-03-16;2023;3;Spring;2023;Industrial;NO2;20.48125;22.322714973468734
2023-03-17;2023;3;Spring;2023;Industrial;NO2;24.9375;26.816777945672417
2023-03-18;2023;3;Spring;2023;Industrial;NO2;28.8625;30.616856133815933
2023-03-19;2023;3;Spring;2023;Industrial;NO2;19.825;21.339885909735155
2023-03-20;2023;3;Spring;2023;Industrial;NO2;25.56875;28.491849398507693
2023-03-21;2023;3;Spring;2023;Industrial;NO2;31.15625;34.086620456595334
2023-03-22;2023;3;Spring;2023;Industrial;NO2;30.7875;33.569487003783486
2023-03-23;2023;3;Spring;2023;Industrial;NO2;28.21875;31.127544482318356
2023-03-24;2023;3;Spring;2023;Industrial;NO2;20.875;23.653637359290627
2023-03-25;2023;3;Spring;2023;Industrial;NO2;14.45;16.477699980086914
2023-03-26;2023;3;Spring;2023;Industrial;NO2;15.7625;17.535962153424464
2023-03-27;2023;3;Spring;2023;Industrial;NO2;14.10625;16.07380140797226
2023-03-28;2023;3;Spring;2023;Industrial;NO2;23.28125;25.479242658514018
2023-03-29;2023;3;Spring;2023;Industrial;NO2;27.025;29.772232959670145
2023-03-30;2023;3;Spring;2023;Industrial;NO2;27.9875;31.08422385821883
2023-03-31;2023;3;Spring;2023;Industrial;NO2;31.55;34.43747379086575
2023-04-01;2023;4;Spring;2023;Industrial;NO2;24.66875;27.439189830270237
2023-04-02;2023;4;Spring;2023;Industrial;NO2;15.14375;16.45648463764042
2023-04-03;2023;4;Spring;2023;Industrial;NO2;14.36875;15.753707055088965
2023-04-04;2023;4;Spring;2023;Industrial;NO2;13.98125;15.661776832882362
2023-04-05;2023;4;Spring;2023;Industrial;NO2;15.7625;17.41531374822832
2023-04-06;2023;4;Spring;2023;Industrial;NO2;23.19375;25.755801443113
2023-04-07;2023;4;Spring;2023;Industrial;NO2;28.8875;31.428305279310305
2023-04-08;2023;4;Spring;2023;Industrial;NO2;16.60625;18.25887245083225
2023-04-09;2023;4;Spring;2023;Industrial;NO2;9.59375;10.447446146818008
2023-04-10;2023;4;Spring;2023;Industrial;NO2;10.24375;11.817497452296449
2023-04-11;2023;4;Spring;2023;Industrial;NO2;21.58125;24.04533711681953
2023-04-12;2023;4;Spring;2023;Industrial;NO2;22.0;24.166138091389342
2023-04-13;2023;4;Spring;2023;Industrial;NO2;19.1875;22.630813156692557
2023-04-14;2023;4;Spring;2023;Industrial;NO2;20.8875;23.665349181806462
2023-04-15;2023;4;Spring;2023;Industrial;NO2;19.8625;22.06766583500252
2023-04-16;2023;4;Spring;2023;Industrial;NO2;15.2625;17.25868884047276
2023-04-17;2023;4;Spring;2023;Industrial;NO2;21.675;23.73209052254278
2023-04-18;2023;4;Spring;2023;Industrial;NO2;21.84375;24.57084490049314
2023-04-19;2023;4;Spring;2023;Industrial;NO2;15.7625;17.924815218282554
2023-04-20;2023;4;Spring;2023;Industrial;NO2;12.225;13.623252626770212
2023-04-21;2023;4;Spring;2023;Industrial;NO2;16.46875;18.190897963008517
2023-04-22;2023;4;Spring;2023;Industrial;NO2;18.8;21.55425847184641
2023-04-23;2023;4;Spring;2023;Industrial;NO2;13.75;15.632551159058696
2023-04-24;2023;4;Spring;2023;Industrial;NO2;14.31875;16.425485527872464
2023-04-25;2023;4;Spring;2023;Industrial;NO2;8.70625;9.756068805566292
2023-04-26;2023;4;Spring;2023;Industrial;NO2;18.21875;19.91860584976163
2023-04-27;2023;4;Spring;2023;Industrial;NO2;18.49375;20.74442609316981
2023-04-28;2023;4;Spring;2023;Industrial;NO2;20.45;23.334132199458832
2023-04-29;2023;4;Spring;2023;Industrial;NO2;16.3;17.96842692483396
2023-04-30;2023;4;Spring;2023;Industrial;NO2;9.825;10.329519391830951
2023-05-01;2023;5;Spring;2023;Industrial;NO2;8.61875;10.08164979911211
2023-05-02;2023;5;Spring;2023;Industrial;NO2;17.1;19.37373464056881
2023-05-03;2023;5;Spring;2023;Industrial;NO2;16.318749999999998;18.95723782080566
2023-05-04;2023;5;Spring;2023;Industrial;NO2;19.36875;21.260777957386
2023-05-05;2023;5;Spring;2023;Industrial;NO2;20.2875;22.77008468918017
2023-05-06;2023;5;Spring;2023;Industrial;NO2;15.25;17.364432594206466
2023-05-07;2023;5;Spring;2023;Industrial;NO2;11.14375;12.774790912604985
2023-05-08;2023;5;Spring;2023;Industrial;NO2;12.96875;15.538770776961734
2023-05-09;2023;5;Spring;2023;Industrial;NO2;14.2375;15.958354124937038
2023-05-10;2023;5;Spring;2023;Industrial;NO2;19.9;23.522225931522414
2023-05-11;2023;5;Spring;2023;Industrial;NO2;17.08125;19.4668438345574
2023-05-12;2023;5;Spring;2023;Industrial;NO2;13.40625;14.610169144088742
2023-05-13;2023;5;Spring;2023;Industrial;NO2;13.58125;15.115602487964296
2023-05-14;2023;5;Spring;2023;Industrial;NO2;13.19375;14.538827294983072
2023-05-15;2023;5;Spring;2023;Industrial;NO2;13.19375;15.675740883906714
2023-05-16;2023;5;Spring;2023;Industrial;NO2;25.2;27.64033688254794
2023-05-17;2023;5;Spring;2023;Industrial;NO2;21.325;23.386965128673676
2023-05-18;2023;5;Spring;2023;Industrial;NO2;15.55;17.463855114734514
2023-05-19;2023;5;Spring;2023;Industrial;NO2;19.30625;21.228649365709668
2023-05-20;2023;5;Spring;2023;Industrial;NO2;19.23125;21.177035527286783
2023-05-21;2023;5;Spring;2023;Industrial;NO2;16.075;18.06199734101744
2023-05-22;2023;5;Spring;2023;Industrial;NO2;14.8625;16.868363085825397
2023-05-23;2023;5;Spring;2023;Industrial;NO2;18.3;20.59009236157477
2023-05-24;2023;5;Spring;2023;Industrial;NO2;14.71875;16.42015116374413
2023-05-25;2023;5;Spring;2023;Industrial;NO2;15.9625;17.665642021295287
2023-05-26;2023;5;Spring;2023;Industrial;NO2;20.5875;23.11999185906221
2023-05-27;2023;5;Spring;2023;Industrial;NO2;13.4625;14.839384275690808
2023-05-28;2023;5;Spring;2023;Industrial;NO2;11.56875;12.772413641634746
2023-05-29;2023;5;Spring;2023;Industrial;NO2;16.69375;18.650993897225053
2023-05-30;2023;5;Spring;2023;Industrial;NO2;18.34375;20.20120269178058
2023-05-31;2023;5;Spring;2023;Industrial;NO2;14.09375;15.790988157571071
2023-06-01;2023;6;Summer;2023;Industrial;NO2;18.15;20.832105457356715
2023-06-02;2023;6;Summer;2023;Industrial;NO2;12.3125;14.422378793735575
2023-06-03;2023;6;Summer;2023;Industrial;NO2;11.34375;12.973715606002038
2023-06-04;2023;6;Summer;2023;Industrial;NO2;7.96875;9.270531855079591
2023-06-05;2023;6;Summer;2023;Industrial;NO2;12.95625;14.688048634782302
2023-06-06;2023;6;Summer;2023;Industrial;NO2;11.91875;14.089491162104228
2023-06-07;2023;6;Summer;2023;Industrial;NO2;14.525;16.309957713977813
2023-06-08;2023;6;Summer;2023;Industrial;NO2;17.20625;19.204074861486923
2023-06-09;2023;6;Summer;2023;Industrial;NO2;17.98125;20.75286484871912
2023-06-10;2023;6;Summer;2023;Industrial;NO2;15.94375;17.879280141968586
2023-06-11;2023;6;Summer;2023;Industrial;NO2;9.35;10.366009534853756
2023-06-12;2023;6;Summer;2023;Industrial;NO2;11.3875;12.804976807112483
2023-06-13;2023;6;Summer;2023;Industrial;NO2;9.1875;10.399966030619296
2023-06-14;2023;6;Summer;2023;Industrial;NO2;13.31875;14.722523456443056
2023-06-15;2023;6;Summer;2023;Industrial;NO2;14.925;17.10371320471823
2023-06-16;2023;6;Summer;2023;Industrial;NO2;15.93125;17.886366564758525
2023-06-17;2023;6;Summer;2023;Industrial;NO2;13.4875;15.61762073772124
2023-06-18;2023;6;Summer;2023;Industrial;NO2;12.15;13.754451745909034
2023-06-19;2023;6;Summer;2023;Industrial;NO2;16.9125;19.506722716144825
2023-06-20;2023;6;Summer;2023;Industrial;NO2;19.93125;23.072500907802414
2023-06-21;2023;6;Summer;2023;Industrial;NO2;21.2125;24.285967131695774
2023-06-22;2023;6;Summer;2023;Industrial;NO2;22.3125;24.63664798350728
2023-06-23;2023;6;Summer;2023;Industrial;NO2;16.2625;18.26174608473604
2023-06-24;2023;6;Summer;2023;Industrial;NO2;11.9375;13.821057794801517
2023-06-25;2023;6;Summer;2023;Industrial;NO2;8.325;9.487911293062046
2023-06-26;2023;6;Summer;2023;Industrial;NO2;14.4;16.42967078984667
2023-06-27;2023;6;Summer;2023;Industrial;NO2;15.86875;18.130587084607185
2023-06-28;2023;6;Summer;2023;Industrial;NO2;9.975;11.511266999332328
2023-06-29;2023;6;Summer;2023;Industrial;NO2;11.3375;13.21163129165642
2023-06-30;2023;6;Summer;2023;Industrial;NO2;15.76875;17.583629686896018
2023-07-01;2023;7;Summer;2023;Industrial;NO2;12.48125;14.485454076911363
2023-07-02;2023;7;Summer;2023;Industrial;NO2;11.0625;12.527774361317077
2023-07-03;2023;7;Summer;2023;Industrial;NO2;10.25;12.25068231600895
2023-07-04;2023;7;Summer;2023;Industrial;NO2;10.575;12.638564910801092
2023-07-05;2023;7;Summer;2023;Industrial;NO2;11.4;13.493918016656709
2023-07-06;2023;7;Summer;2023;Industrial;NO2;11.40625;13.32347987021354
2023-07-07;2023;7;Summer;2023;Industrial;NO2;11.55625;13.127799545513112
2023-07-08;2023;7;Summer;2023;Industrial;NO2;10.775;12.36419744409694
2023-07-09;2023;7;Summer;2023;Industrial;NO2;10.3875;11.736488093146384
2023-07-10;2023;7;Summer;2023;Industrial;NO2;16.03125;18.849258237574823
2023-07-11;2023;7;Summer;2023;Industrial;NO2;14.0875;16.53560869616146
2023-07-12;2023;7;Summer;2023;Industrial;NO2;9.69375;11.580980660880158
2023-07-13;2023;7;Summer;2023;Industrial;NO2;13.675;16.725856262665307
2023-07-14;2023;7;Summer;2023;Industrial;NO2;14.7375;16.905588548804626
2023-07-15;2023;7;Summer;2023;Industrial;NO2;14.05625;15.68313361680196
2023-07-16;2023;7;Summer;2023;Industrial;NO2;9.20625;10.325498998488948
2023-07-17;2023;7;Summer;2023;Industrial;NO2;13.30625;15.664776973445315
2023-07-18;2023;7;Summer;2023;Industrial;NO2;14.34375;16.465263965515224
2023-07-19;2023;7;Summer;2023;Industrial;NO2;13.41875;15.695883555305665
2023-07-20;2023;7;Summer;2023;Industrial;NO2;11.6375;13.754814281196191
2023-07-21;2023;7;Summer;2023;Industrial;NO2;13.7125;15.86616239706692
2023-07-22;2023;7;Summer;2023;Industrial;NO2;9.75;11.655590598681052
2023-07-23;2023;7;Summer;2023;Industrial;NO2;8.9625;10.803494453620084
2023-07-24;2023;7;Summer;2023;Industrial;NO2;12.325;14.009512012275833
2023-07-25;2023;7;Summer;2023;Industrial;NO2;12.7;15.121839383397171
2023-07-26;2023;7;Summer;2023;Industrial;NO2;11.31875;13.404230066415998
2023-07-27;2023;7;Summer;2023;Industrial;NO2;12.025;14.084169682913403
2023-07-28;2023;7;Summer;2023;Industrial;NO2;15.68125;18.4600209673074
2023-07-29;2023;7;Summer;2023;Industrial;NO2;11.3;13.26199002003022
2023-07-30;2023;7;Summer;2023;Industrial;NO2;6.81875;8.788739443136429
2023-07-31;2023;7;Summer;2023;Industrial;NO2;8.65625;10.270274449168925
2023-08-01;2023;8;Summer;2023;Industrial;NO2;10.35625;11.923033875672068
2023-08-02;2023;8;Summer;2023;Industrial;NO2;11.975;14.105523245598622
2023-08-03;2023;8;Summer;2023;Industrial;NO2;8.99375;10.309946000398265
2023-08-04;2023;8;Summer;2023;Industrial;NO2;9.6875;10.973765681554626
2023-08-05;2023;8;Summer;2023;Industrial;NO2;9.20625;11.08568278455213
2023-08-06;2023;8;Summer;2023;Industrial;NO2;9.0625;10.20288241908845
2023-08-07;2023;8;Summer;2023;Industrial;NO2;10.48125;12.057677958557356
2023-08-08;2023;8;Summer;2023;Industrial;NO2;11.35625;12.868258249288402
2023-08-09;2023;8;Summer;2023;Industrial;NO2;12.8875;15.229088332103409
2023-08-10;2023;8;Summer;2023;Industrial;NO2;8.78125;10.1842168300711
2023-08-11;2023;8;Summer;2023;Industrial;NO2;9.525;10.837943505405816
2023-08-12;2023;8;Summer;2023;Industrial;NO2;8.9;10.334021798971548
2023-08-13;2023;8;Summer;2023;Industrial;NO2;7.06875;8.193053554485715
2023-08-14;2023;8;Summer;2023;Industrial;NO2;9.21875;10.288492579447352
2023-08-15;2023;8;Summer;2023;Industrial;NO2;6.55;7.948753675135584
2023-08-16;2023;8;Summer;2023;Industrial;NO2;8.89375;10.953942205198487
2023-08-17;2023;8;Summer;2023;Industrial;NO2;9.79375;11.829092139016764
2023-08-18;2023;8;Summer;2023;Industrial;NO2;9.625;11.294468262056204
2023-08-19;2023;8;Summer;2023;Industrial;NO2;8.99375;10.595424675826688
2023-08-20;2023;8;Summer;2023;Industrial;NO2;7.575;8.551486746084736
2023-08-21;2023;8;Summer;2023;Industrial;NO2;10.125;12.466146583734526
2023-08-22;2023;8;Summer;2023;Industrial;NO2;11.2875;13.965294420822058
2023-08-23;2023;8;Summer;2023;Industrial;NO2;12.575;15.658110482482344
2023-08-24;2023;8;Summer;2023;Industrial;NO2;14.5;17.28232947956566
2023-08-25;2023;8;Summer;2023;Industrial;NO2;13.01875;15.32313226974031
2023-08-26;2023;8;Summer;2023;Industrial;NO2;10.825;12.52775034847899
2023-08-27;2023;8;Summer;2023;Industrial;NO2;10.74375;12.003740438790691
2023-08-28;2023;8;Summer;2023;Industrial;NO2;10.33125;11.45869616145998
2023-08-29;2023;8;Summer;2023;Industrial;NO2;14.06875;17.671391338979276
2023-08-30;2023;8;Summer;2023;Industrial;NO2;14.35625;16.17965849058814
2023-08-31;2023;8;Summer;2023;Industrial;NO2;16.1;18.270804488643684
2023-09-01;2023;9;Autumn;2023;Industrial;NO2;15.5125;17.904250272340725
2023-09-02;2023;9;Autumn;2023;Industrial;NO2;15.55;17.707787187686684
2023-09-03;2023;9;Autumn;2023;Industrial;NO2;14.7375;16.446991952770848
2023-09-04;2023;9;Autumn;2023;Industrial;NO2;13.04375;14.16665641728456
2023-09-05;2023;9;Autumn;2023;Industrial;NO2;13.20625;14.67758870108116
2023-09-06;2023;9;Autumn;2023;Industrial;NO2;19.3375;21.582792751636973
2023-09-07;2023;9;Autumn;2023;Industrial;NO2;17.48125;19.6675929179698
2023-09-08;2023;9;Autumn;2023;Industrial;NO2;20.10625;22.535368860620117
2023-09-09;2023;9;Autumn;2023;Industrial;NO2;15.91875;17.948444143795903
2023-09-10;2023;9;Autumn;2023;Industrial;NO2;14.675;16.137179780018975
2023-09-11;2023;9;Autumn;2023;Industrial;NO2;20.0875;22.90767239460707
2023-09-12;2023;9;Autumn;2023;Industrial;NO2;22.65625;25.23647491536939
2023-09-13;2023;9;Autumn;2023;Industrial;NO2;19.74375;22.363703131039813
2023-09-14;2023;9;Autumn;2023;Industrial;NO2;15.6625;17.784052254278386
2023-09-15;2023;9;Autumn;2023;Industrial;NO2;16.3625;18.401878858160263
2023-09-16;2023;9;Autumn;2023;Industrial;NO2;14.03125;15.459694451277365
2023-09-17;2023;9;Autumn;2023;Industrial;NO2;11.60625;13.503288001780463
2023-09-18;2023;9;Autumn;2023;Industrial;NO2;11.98125;13.6844604725258
2023-09-19;2023;9;Autumn;2023;Industrial;NO2;16.0875;18.49631080811985
2023-09-20;2023;9;Autumn;2023;Industrial;NO2;14.525;16.699354288927154
2023-09-21;2023;9;Autumn;2023;Industrial;NO2;13.55;15.178516416581743
2023-09-22;2023;9;Autumn;2023;Industrial;NO2;9.3375;10.455257054503283
2023-09-23;2023;9;Autumn;2023;Industrial;NO2;11.825;13.397235009546568
2023-09-24;2023;9;Autumn;2023;Industrial;NO2;11.5375;13.009163826123627
2023-09-25;2023;9;Autumn;2023;Industrial;NO2;16.5;18.877426468004355
2023-09-26;2023;9;Autumn;2023;Industrial;NO2;17.76875;20.279477808623536
2023-09-27;2023;9;Autumn;2023;Industrial;NO2;17.50625;19.21529676353797
2023-09-28;2023;9;Autumn;2023;Industrial;NO2;18.93125;21.18149840109639
2023-09-29;2023;9;Autumn;2023;Industrial;NO2;20.10625;23.11553132796851
2023-09-30;2023;9;Autumn;2023;Industrial;NO2;19.56875;21.871306122688036
2023-10-01;2023;10;Autumn;2023;Industrial;NO2;14.4125;16.39602353258132
2023-10-02;2023;10;Autumn;2023;Industrial;NO2;22.0625;25.06107460378817
2023-10-03;2023;10;Autumn;2023;Industrial;NO2;22.9125;26.05531269400616
2023-10-04;2023;10;Autumn;2023;Industrial;NO2;21.33125;22.974927668646263
2023-10-05;2023;10;Autumn;2023;Industrial;NO2;19.625;22.215193098358927
2023-10-06;2023;10;Autumn;2023;Industrial;NO2;20.625;22.64285940190463
2023-10-07;2023;10;Autumn;2023;Industrial;NO2;18.08125;20.135562134682736
2023-10-08;2023;10;Autumn;2023;Industrial;NO2;21.16875;23.563705766595213
2023-10-09;2023;10;Autumn;2023;Industrial;NO2;28.3875;31.308784598985604
2023-10-10;2023;10;Autumn;2023;Industrial;NO2;28.5375;30.59507707535346
2023-10-11;2023;10;Autumn;2023;Industrial;NO2;27.95625;30.552900282297266
2023-10-12;2023;10;Autumn;2023;Industrial;NO2;27.44375;30.13182872403978
2023-10-13;2023;10;Autumn;2023;Industrial;NO2;27.7375;30.70400516568858
2023-10-14;2023;10;Autumn;2023;Industrial;NO2;21.4625;23.963881177449014
2023-10-15;2023;10;Autumn;2023;Industrial;NO2;14.475;15.80637716554802
2023-10-16;2023;10;Autumn;2023;Industrial;NO2;15.5375;16.450084923451758
2023-10-17;2023;10;Autumn;2023;Industrial;NO2;25.91875;27.947820981363694
2023-10-18;2023;10;Autumn;2023;Industrial;NO2;29.94375;32.27090376123039
2023-10-19;2023;10;Autumn;2023;Industrial;NO2;24.31875;26.396650794766373
2023-10-20;2023;10;Autumn;2023;Industrial;NO2;17.03125;18.4425012592098
2023-10-21;2023;10;Autumn;2023;Industrial;NO2;17.1375;18.95462071429408
2023-10-22;2023;10;Autumn;2023;Industrial;NO2;17.56875;19.059424160429188
2023-10-23;2023;10;Autumn;2023;Industrial;NO2;23.45625;25.069185671949487
2023-10-24;2023;10;Autumn;2023;Industrial;NO2;23.60625;25.906997399585343
2023-10-25;2023;10;Autumn;2023;Industrial;NO2;24.0875;26.226519836946974
2023-10-26;2023;10;Autumn;2023;Industrial;NO2;21.75;23.397917032716027
2023-10-27;2023;10;Autumn;2023;Industrial;NO2;20.35;22.59484836771269
2023-10-28;2023;10;Autumn;2023;Industrial;NO2;17.0625;18.59749944360497
2023-10-29;2023;10;Autumn;2023;Industrial;NO2;16.14375;17.46818386805824
2023-10-30;2023;10;Autumn;2023;Industrial;NO2;17.84375;19.37261628656101
2023-10-31;2023;10;Autumn;2023;Industrial;NO2;21.29375;23.83510091248785
2023-11-01;2023;11;Autumn;2023;Industrial;NO2;17.20625;18.737879373557764
2023-11-02;2023;11;Autumn;2023;Industrial;NO2;15.075;16.17253634138056
2023-11-03;2023;11;Autumn;2023;Industrial;NO2;20.775;23.56639315458411
2023-11-04;2023;11;Autumn;2023;Industrial;NO2;16.6625;18.50428394888194
2023-11-05;2023;11;Autumn;2023;Industrial;NO2;16.35;18.85294098698621
2023-11-06;2023;11;Autumn;2023;Industrial;NO2;22.15;23.872577338909
2023-11-07;2023;11;Autumn;2023;Industrial;NO2;24.475;26.852871291187878
2023-11-08;2023;11;Autumn;2023;Industrial;NO2;28.1;30.06491987911586
2023-11-09;2023;11;Autumn;2023;Industrial;NO2;27.1625;29.05193215494723
2023-11-10;2023;11;Autumn;2023;Industrial;NO2;26.925;30.986032434901777
2023-11-11;2023;11;Autumn;2023;Industrial;NO2;26.94375;30.13357170467723
2023-11-12;2023;11;Autumn;2023;Industrial;NO2;21.29375;23.352443452694708
2023-11-13;2023;11;Autumn;2023;Industrial;NO2;29.8125;31.325251256281405
2023-11-14;2023;11;Autumn;2023;Industrial;NO2;31.6625;33.013692881657704
2023-11-15;2023;11;Autumn;2023;Industrial;NO2;33.95;37.19535175879397
2023-11-16;2023;11;Autumn;2023;Industrial;NO2;35.49375;37.870684717292754
2023-11-17;2023;11;Autumn;2023;Industrial;NO2;34.26875;38.28963933888557
2023-11-18;2023;11;Autumn;2023;Industrial;NO2;30.4125;33.0889942134917
2023-11-19;2023;11;Autumn;2023;Industrial;NO2;31.34375;32.89501001511052
2023-11-20;2023;11;Autumn;2023;Industrial;NO2;31.66875;32.70219190357381
2023-11-21;2023;11;Autumn;2023;Industrial;NO2;32.475;34.88374887256796
2023-11-22;2023;11;Autumn;2023;Industrial;NO2;31.9375;33.526016153026205
2023-11-23;2023;11;Autumn;2023;Industrial;NO2;32.39375;34.78109340408336
2023-11-24;2023;11;Autumn;2023;Industrial;NO2;42.24375;44.691664909629736
2023-11-25;2023;11;Autumn;2023;Industrial;NO2;21.41875;24.60512879080718
2023-11-26;2023;11;Autumn;2023;Industrial;NO2;27.5375;30.19909951857188
2023-11-27;2023;11;Autumn;2023;Industrial;NO2;37.00625;39.37366025933865
2023-11-28;2023;11;Autumn;2023;Industrial;NO2;40.93125;44.50346311979478
2023-11-29;2023;11;Autumn;2023;Industrial;NO2;36.1125;38.45199482259784
2023-11-30;2023;11;Autumn;2023;Industrial;NO2;32.9375;35.60475161354558
2023-12-01;2023;12;Winter;2024;Industrial;NO2;37.60625;39.623822785254944
2023-12-02;2023;12;Winter;2024;Industrial;NO2;29.56875;32.392024516522
2023-12-03;2023;12;Winter;2024;Industrial;NO2;23.4375;25.478565320776376
2023-12-04;2023;12;Winter;2024;Industrial;NO2;28.41875;30.77503748345457
2023-12-05;2023;12;Winter;2024;Industrial;NO2;33.15;36.61703886565696
2023-12-06;2023;12;Winter;2024;Industrial;NO2;33.24375;36.46859765025594
2023-12-07;2023;12;Winter;2024;Industrial;NO2;36.525;38.64895807709878
2023-12-08;2023;12;Winter;2024;Industrial;NO2;30.45;32.06964513710745
2023-12-09;2023;12;Winter;2024;Industrial;NO2;28.98125;31.342084841456696
2023-12-10;2023;12;Winter;2024;Industrial;NO2;27.2625;30.49324185027703
2023-12-11;2023;12;Winter;2024;Industrial;NO2;33.28125;35.38174028651415
2023-12-12;2023;12;Winter;2024;Industrial;NO2;35.6625;37.7825092830118
2023-12-13;2023;12;Winter;2024;Industrial;NO2;38.9375;41.19096238769605
2023-12-14;2023;12;Winter;2024;Industrial;NO2;35.2125;37.40598681050943
2023-12-15;2023;12;Winter;2024;Industrial;NO2;35.5875;37.71171475091073
2023-12-16;2023;12;Winter;2024;Industrial;NO2;28.03125;29.623826299328808
2023-12-17;2023;12;Winter;2024;Industrial;NO2;29.1625;30.61994881165736
2023-12-18;2023;12;Winter;2024;Industrial;NO2;40.35;44.54736180904522
2023-12-19;2023;12;Winter;2024;Industrial;NO2;43.19375;46.06395877991355
2023-12-20;2023;12;Winter;2024;Industrial;NO2;40.9375;42.881299855922975
2023-12-21;2023;12;Winter;2024;Industrial;NO2;40.90625;43.1160004568296
2023-12-22;2023;12;Winter;2024;Industrial;NO2;28.16875;31.22281336753699
2023-12-23;2023;12;Winter;2024;Industrial;NO2;27.8125;32.42325643368357
2023-12-24;2023;12;Winter;2024;Industrial;NO2;29.45;31.772867835681907
2023-12-25;2023;12;Winter;2024;Industrial;NO2;25.7;27.34301489967319
2023-12-26;2023;12;Winter;2024;Industrial;NO2;26.4875;28.91421355026883
2023-12-27;2023;12;Winter;2024;Industrial;NO2;24.7625;26.12687651544435
2023-12-28;2023;12;Winter;2024;Industrial;NO2;29.0;31.99272996685057
2023-12-29;2023;12;Winter;2024;Industrial;NO2;31.025;34.01906033664828
2023-12-30;2023;12;Winter;2024;Industrial;NO2;26.3875;29.108369645429946
2023-12-31;2023;12;Winter;2024;Industrial;NO2;22.925;24.108246360005158
2016-01-01;2016;1;Winter;2016;Agricultural;PM25;32.523809523809526;33.397556329238654
2016-01-02;2016;1;Winter;2016;Agricultural;PM25;20.904761904761905;21.69646258950273
2016-01-03;2016;1;Winter;2016;Agricultural;PM25;17.571428571428573;17.992626289167706
2016-01-04;2016;1;Winter;2016;Agricultural;PM25;24.047619047619047;24.397868357091244
2016-01-05;2016;1;Winter;2016;Agricultural;PM25;23.666666666666668;24.4503711489194
2016-01-06;2016;1;Winter;2016;Agricultural;PM25;40.04761904761905;40.11591013597845
2016-01-07;2016;1;Winter;2016;Agricultural;PM25;33.857142857142854;34.303192537607565
2016-01-08;2016;1;Winter;2016;Agricultural;PM25;37.42857142857143;37.85418445772844
2016-01-09;2016;1;Winter;2016;Agricultural;PM25;28.761904761904763;29.147671286868555
2016-01-10;2016;1;Winter;2016;Agricultural;PM25;24.857142857142858;25.32015699927741
2016-01-11;2016;1;Winter;2016;Agricultural;PM25;24.047619047619047;24.26602837811207
2016-01-12;2016;1;Winter;2016;Agricultural;PM25;11.952380952380953;12.17856204427511
2016-01-13;2016;1;Winter;2016;Agricultural;PM25;11.523809523809524;11.71193260198384
2016-01-14;2016;1;Winter;2016;Agricultural;PM25;16.571428571428573;17.038806411351246
2016-01-15;2016;1;Winter;2016;Agricultural;PM25;17.80952380952381;18.00817841424161
2016-01-16;2016;1;Winter;2016;Agricultural;PM25;13.61904761904762;14.107370426328584
2016-01-17;2016;1;Winter;2016;Agricultural;PM25;9.095238095238097;9.478946331209354
2016-01-18;2016;1;Winter;2016;Agricultural;PM25;18.19047619047619;19.27240031531236
2016-01-19;2016;1;Winter;2016;Agricultural;PM25;19.714285714285715;20.30869408132431
2016-01-20;2016;1;Winter;2016;Agricultural;PM25;42.04761904761905;42.30235498916114
2016-01-21;2016;1;Winter;2016;Agricultural;PM25;42.85714285714285;43.17636142678841
2016-01-22;2016;1;Winter;2016;Agricultural;PM25;48.66666666666666;48.87809564474808
2016-01-23;2016;1;Winter;2016;Agricultural;PM25;57.285714285714285;57.6803028312422
2016-01-24;2016;1;Winter;2016;Agricultural;PM25;59.142857142857146;59.40693358733496
2016-01-25;2016;1;Winter;2016;Agricultural;PM25;60.80952380952381;60.95165210536688
2016-01-26;2016;1;Winter;2016;Agricultural;PM25;45.095238095238095;45.24743808710504
2016-01-27;2016;1;Winter;2016;Agricultural;PM25;39.19047619047619;39.44552650594496
2016-01-28;2016;1;Winter;2016;Agricultural;PM25;45.523809523809526;46.00523878341983
2016-01-29;2016;1;Winter;2016;Agricultural;PM25;43.0;43.395487091900414
2016-01-30;2016;1;Winter;2016;Agricultural;PM25;47.333333333333336;47.61748669775997
2016-01-31;2016;1;Winter;2016;Agricultural;PM25;31.142857142857142;31.382611837351376
2016-02-01;2016;2;Winter;2016;Agricultural;PM25;24.52380952380953;24.989226827826315
2016-02-02;2016;2;Winter;2016;Agricultural;PM25;31.142857142857142;31.646308217828285
2016-02-03;2016;2;Winter;2016;Agricultural;PM25;27.23809523809524;27.460503842869343
2016-02-04;2016;2;Winter;2016;Agricultural;PM25;16.238095238095237;16.53363331800565
2016-02-05;2016;2;Winter;2016;Agricultural;PM25;20.61904761904762;20.939335216448796
2016-02-06;2016;2;Winter;2016;Agricultural;PM25;40.285714285714285;40.7656670827038
2016-02-07;2016;2;Winter;2016;Agricultural;PM25;19.714285714285715;19.81316100637194
2016-02-08;2016;2;Winter;2016;Agricultural;PM25;17.142857142857142;17.318793930237142
2016-02-09;2016;2;Winter;2016;Agricultural;PM25;24.61904761904762;24.681238914799973
2016-02-10;2016;2;Winter;2016;Agricultural;PM25;12.761904761904765;12.9628358405045
2016-02-11;2016;2;Winter;2016;Agricultural;PM25;15.857142857142858;16.372019312881825
2016-02-12;2016;2;Winter;2016;Agricultural;PM25;25.904761904761905;26.0960553110425
2016-02-13;2016;2;Winter;2016;Agricultural;PM25;23.285714285714285;23.6231853116994
2016-02-14;2016;2;Winter;2016;Agricultural;PM25;24.571428571428573;24.77044603560402
2016-02-15;2016;2;Winter;2016;Agricultural;PM25;26.0;26.24325034487289
2016-02-16;2016;2;Winter;2016;Agricultural;PM25;9.714285714285714;10.109029100702884
2016-02-17;2016;2;Winter;2016;Agricultural;PM25;10.61904761904762;10.909364120081456
2016-02-18;2016;2;Winter;2016;Agricultural;PM25;25.761904761904763;25.82552716284569
2016-02-19;2016;2;Winter;2016;Agricultural;PM25;28.904761904761905;29.1378506207712
2016-02-20;2016;2;Winter;2016;Agricultural;PM25;22.666666666666668;22.97687709387112
2016-02-21;2016;2;Winter;2016;Agricultural;PM25;24.09523809523809;24.450716021809104
2016-02-22;2016;2;Winter;2016;Agricultural;PM25;36.90476190476191;37.01614333574197
2016-02-23;2016;2;Winter;2016;Agricultural;PM25;34.476190476190474;34.65816527622676
2016-02-24;2016;2;Winter;2016;Agricultural;PM25;16.285714285714285;16.432897589174274
2016-02-25;2016;2;Winter;2016;Agricultural;PM25;23.33333333333333;23.49543453984103
2016-02-26;2016;2;Winter;2016;Agricultural;PM25;21.047619047619047;21.27565197398673
2016-02-27;2016;2;Winter;2016;Agricultural;PM25;11.952380952380953;12.046524995073243
2016-02-28;2016;2;Winter;2016;Agricultural;PM25;5.9523809523809526;6.04468567299481
2016-02-29;2016;2;Winter;2016;Agricultural;PM25;5.0;5.06751297378966
2016-03-01;2016;3;Spring;2016;Agricultural;PM25;20.0;19.995730145175063
2016-03-02;2016;3;Spring;2016;Agricultural;PM25;31.38095238095238;31.377685081784144
2016-03-03;2016;3;Spring;2016;Agricultural;PM25;8.333333333333334;8.396685935755107
2016-03-04;2016;3;Spring;2016;Agricultural;PM25;20.285714285714285;20.23083492084346
2016-03-05;2016;3;Spring;2016;Agricultural;PM25;18.571428571428573;18.4084608815608
2016-03-06;2016;3;Spring;2016;Agricultural;PM25;31.904761904761905;31.809761545030547
2016-03-07;2016;3;Spring;2016;Agricultural;PM25;32.333333333333336;32.85794521447809
2016-03-08;2016;3;Spring;2016;Agricultural;PM25;26.952380952380956;27.00778427379623
2016-03-09;2016;3;Spring;2016;Agricultural;PM25;21.09523809523809;21.154158181698744
2016-03-10;2016;3;Spring;2016;Agricultural;PM25;34.42857142857143;34.59349339814754
2016-03-11;2016;3;Spring;2016;Agricultural;PM25;27.904761904761905;28.08019115811601
2016-03-12;2016;3;Spring;2016;Agricultural;PM25;33.61904761904762;33.66570321224463
2016-03-13;2016;3;Spring;2016;Agricultural;PM25;20.857142857142858;21.07713656966432
2016-03-14;2016;3;Spring;2016;Agricultural;PM25;22.428571428571427;22.52343493398148
2016-03-15;2016;3;Spring;2016;Agricultural;PM25;37.142857142857146;37.22557971490508
2016-03-16;2016;3;Spring;2016;Agricultural;PM25;12.428571428571429;12.4233561058924
2016-03-17;2016;3;Spring;2016;Agricultural;PM25;28.952380952380956;29.04641003744334
2016-03-18;2016;3;Spring;2016;Agricultural;PM25;32.95238095238095;33.10101491164685
2016-03-19;2016;3;Spring;2016;Agricultural;PM25;34.23809523809524;34.364924784865
2016-03-20;2016;3;Spring;2016;Agricultural;PM25;29.61904761904762;29.932979701767064
2016-03-21;2016;3;Spring;2016;Agricultural;PM25;40.38095238095238;40.58835314983906
2016-03-22;2016;3;Spring;2016;Agricultural;PM25;30.952380952380956;31.097106352230178
2016-03-23;2016;3;Spring;2016;Agricultural;PM25;21.476190476190474;21.47505419431124
2016-03-24;2016;3;Spring;2016;Agricultural;PM25;29.38095238095238;29.35676279314196
2016-03-25;2016;3;Spring;2016;Agricultural;PM25;31.428571428571427;31.46033961768377
2016-03-26;2016;3;Spring;2016;Agricultural;PM25;33.76190476190476;33.99035998160678
2016-03-27;2016;3;Spring;2016;Agricultural;PM25;38.23809523809524;38.19339157853248
2016-03-28;2016;3;Spring;2016;Agricultural;PM25;26.714285714285715;26.715167838139656
2016-03-29;2016;3;Spring;2016;Agricultural;PM25;21.428571428571427;21.39666951323655
2016-03-30;2016;3;Spring;2016;Agricultural;PM25;17.714285714285715;17.755698613939433
2016-03-31;2016;3;Spring;2016;Agricultural;PM25;29.571428571428573;29.52648952243316
2016-04-01;2016;4;Spring;2016;Agricultural;PM25;27.0;27.32125730802076
2016-04-02;2016;4;Spring;2016;Agricultural;PM25;29.23809523809524;29.479603231951653
2016-04-03;2016;4;Spring;2016;Agricultural;PM25;26.666666666666668;26.726942783945347
2016-04-04;2016;4;Spring;2016;Agricultural;PM25;32.904761904761905;33.08245746567694
2016-04-05;2016;4;Spring;2016;Agricultural;PM25;32.095238095238095;32.250640478223744
2016-04-06;2016;4;Spring;2016;Agricultural;PM25;42.23809523809524;42.54770741640938
2016-04-07;2016;4;Spring;2016;Agricultural;PM25;42.95238095238095;43.048512119818696
2016-04-08;2016;4;Spring;2016;Agricultural;PM25;35.095238095238095;35.19861393943375
2016-04-09;2016;4;Spring;2016;Agricultural;PM25;17.142857142857142;17.19695526505945
2016-04-10;2016;4;Spring;2016;Agricultural;PM25;19.714285714285715;19.894764501083888
2016-04-11;2016;4;Spring;2016;Agricultural;PM25;19.714285714285715;19.77841095710438
2016-04-12;2016;4;Spring;2016;Agricultural;PM25;17.476190476190474;17.701947710700914
2016-04-13;2016;4;Spring;2016;Agricultural;PM25;18.33333333333333;18.674489259672864
2016-04-14;2016;4;Spring;2016;Agricultural;PM25;16.095238095238095;16.418166590028246
2016-04-15;2016;4;Spring;2016;Agricultural;PM25;16.428571428571427;16.530381659331276
2016-04-16;2016;4;Spring;2016;Agricultural;PM25;12.857142857142858;12.989128292714971
2016-04-17;2016;4;Spring;2016;Agricultural;PM25;12.523809523809524;12.485416803520987
2016-04-18;2016;4;Spring;2016;Agricultural;PM25;8.952380952380953;9.051205412862116
2016-04-19;2016;4;Spring;2016;Agricultural;PM25;14.523809523809524;14.608437890034816
2016-04-20;2016;4;Spring;2016;Agricultural;PM25;18.904761904761905;19.137456480325824
2016-04-21;2016;4;Spring;2016;Agricultural;PM25;21.047619047619047;21.18637916310845
2016-04-22;2016;4;Spring;2016;Agricultural;PM25;24.80952380952381;24.940304145043683
2016-04-23;2016;4;Spring;2016;Agricultural;PM25;14.19047619047619;14.36819286605794
2016-04-24;2016;4;Spring;2016;Agricultural;PM25;9.61904761904762;9.772039019904092
2016-04-25;2016;4;Spring;2016;Agricultural;PM25;9.333333333333334;9.407393417854562
2016-04-26;2016;4;Spring;2016;Agricultural;PM25;18.80952380952381;18.956743086119687
2016-04-27;2016;4;Spring;2016;Agricultural;PM25;15.142857142857142;15.106253695066677
2016-04-28;2016;4;Spring;2016;Agricultural;PM25;12.523809523809524;12.666951323654995
2016-04-29;2016;4;Spring;2016;Agricultural;PM25;14.61904761904762;14.737371083229323
2016-04-30;2016;4;Spring;2016;Agricultural;PM25;15.523809523809524;15.67283058529856
2016-05-01;2016;5;Spring;2016;Agricultural;PM25;11.095238095238097;11.197332982986271
2016-05-02;2016;5;Spring;2016;Agricultural;PM25;11.523809523809524;11.919743151809762
2016-05-03;2016;5;Spring;2016;Agricultural;PM25;16.476190476190474;16.30864481376864
2016-05-04;2016;5;Spring;2016;Agricultural;PM25;11.142857142857142;11.227862444984565
2016-05-05;2016;5;Spring;2016;Agricultural;PM25;12.761904761904765;12.811682979701768
2016-05-06;2016;5;Spring;2016;Agricultural;PM25;17.095238095238095;17.217647638441832
2016-05-07;2016;5;Spring;2016;Agricultural;PM25;17.19047619047619;17.318876042829928
2016-05-08;2016;5;Spring;2016;Agricultural;PM25;12.952380952380953;13.016373251001774
2016-05-09;2016;5;Spring;2016;Agricultural;PM25;19.761904761904763;19.8451684950404
2016-05-10;2016;5;Spring;2016;Agricultural;PM25;35.142857142857146;34.91580174735597
2016-05-11;2016;5;Spring;2016;Agricultural;PM25;21.476190476190474;21.47311633712146
2016-05-12;2016;5;Spring;2016;Agricultural;PM25;10.142857142857142;10.126716153189252
2016-05-13;2016;5;Spring;2016;Agricultural;PM25;22.09523809523809;21.940041384746763
2016-05-14;2016;5;Spring;2016;Agricultural;PM25;23.0;23.005616501346648
2016-05-15;2016;5;Spring;2016;Agricultural;PM25;10.904761904761903;11.07368784076726
2016-05-16;2016;5;Spring;2016;Agricultural;PM25;11.571428571428571;11.579008736779873
2016-05-17;2016;5;Spring;2016;Agricultural;PM25;15.142857142857142;15.21707285029232
2016-05-18;2016;5;Spring;2016;Agricultural;PM25;20.476190476190474;20.486829140116928
2016-05-19;2016;5;Spring;2016;Agricultural;PM25;9.0;9.183242462063982
2016-05-20;2016;5;Spring;2016;Agricultural;PM25;8.476190476190476;8.58352492938317
2016-05-21;2016;5;Spring;2016;Agricultural;PM25;15.19047619047619;15.210963673388951
2016-05-22;2016;5;Spring;2016;Agricultural;PM25;12.19047619047619;12.19148656637982
2016-05-23;2016;5;Spring;2016;Agricultural;PM25;8.857142857142858;8.964675162582934
2016-05-24;2016;5;Spring;2016;Agricultural;PM25;8.428571428571429;8.519559219601918
2016-05-25;2016;5;Spring;2016;Agricultural;PM25;11.095238095238097;11.099553307495237
2016-05-26;2016;5;Spring;2016;Agricultural;PM25;16.761904761904763;16.842425934441305
2016-05-27;2016;5;Spring;2016;Agricultural;PM25;21.33333333333333;21.4668100899954
2016-05-28;2016;5;Spring;2016;Agricultural;PM25;15.19047619047619;15.317315903566971
2016-05-29;2016;5;Spring;2016;Agricultural;PM25;19.714285714285715;20.08012546804178
2016-05-30;2016;5;Spring;2016;Agricultural;PM25;13.38095238095238;13.850292320830322
2016-05-31;2016;5;Spring;2016;Agricultural;PM25;10.523809523809524;10.50732444327662
2016-06-01;2016;6;Summer;2016;Agricultural;PM25;12.904761904761903;12.948482559285292
2016-06-02;2016;6;Summer;2016;Agricultural;PM25;25.904761904761905;25.620721933915785
2016-06-03;2016;6;Summer;2016;Agricultural;PM25;21.61904761904762;21.65407606910596
2016-06-04;2016;6;Summer;2016;Agricultural;PM25;15.047619047619047;14.981426131511528
2016-06-05;2016;6;Summer;2016;Agricultural;PM25;18.09523809523809;18.23398804440649
2016-06-06;2016;6;Summer;2016;Agricultural;PM25;18.285714285714285;18.12197004532615
2016-06-07;2016;6;Summer;2016;Agricultural;PM25;22.047619047619047;22.187397359259016
2016-06-08;2016;6;Summer;2016;Agricultural;PM25;27.666666666666668;28.051517440714708
2016-06-09;2016;6;Summer;2016;Agricultural;PM25;10.333333333333334;10.857452538921368
2016-06-10;2016;6;Summer;2016;Agricultural;PM25;16.523809523809526;16.53337055770873
2016-06-11;2016;6;Summer;2016;Agricultural;PM25;17.857142857142858;17.930089338500952
2016-06-12;2016;6;Summer;2016;Agricultural;PM25;10.238095238095235;10.652039676804836
2016-06-13;2016;6;Summer;2016;Agricultural;PM25;17.476190476190474;17.822193391578534
2016-06-14;2016;6;Summer;2016;Agricultural;PM25;9.571428571428571;9.73257570781055
2016-06-15;2016;6;Summer;2016;Agricultural;PM25;8.476190476190476;8.455199369375288
2016-06-16;2016;6;Summer;2016;Agricultural;PM25;13.333333333333334;13.314737568153452
2016-06-17;2016;6;Summer;2016;Agricultural;PM25;5.571428571428571;5.518885896341063
2016-06-18;2016;6;Summer;2016;Agricultural;PM25;11.38095238095238;11.409906063193851
2016-06-19;2016;6;Summer;2016;Agricultural;PM25;19.09523809523809;19.15942981015569
2016-06-20;2016;6;Summer;2016;Agricultural;PM25;10.428571428571429;10.438497668002364
2016-06-21;2016;6;Summer;2016;Agricultural;PM25;10.666666666666666;10.884878144912305
2016-06-22;2016;6;Summer;2016;Agricultural;PM25;9.285714285714286;9.543930237141169
2016-06-23;2016;6;Summer;2016;Agricultural;PM25;16.333333333333332;16.462293897392104
2016-06-24;2016;6;Summer;2016;Agricultural;PM25;28.0;27.71007685738685
2016-06-25;2016;6;Summer;2016;Agricultural;PM25;23.047619047619047;22.850160940681864
2016-06-26;2016;6;Summer;2016;Agricultural;PM25;16.19047619047619;16.407130657557644
2016-06-27;2016;6;Summer;2016;Agricultural;PM25;9.428571428571429;9.740754122052158
2016-06-28;2016;6;Summer;2016;Agricultural;PM25;6.190476190476191;6.166146620245681
2016-06-29;2016;6;Summer;2016;Agricultural;PM25;6.380952380952381;6.394797346121001
2016-06-30;2016;6;Summer;2016;Agricultural;PM25;11.19047619047619;11.239538855678909
2016-07-01;2016;7;Summer;2016;Agricultural;PM25;15.142857142857142;15.132053471720424
2016-07-02;2016;7;Summer;2016;Agricultural;PM25;14.714285714285714;14.66069434408461
2016-07-03;2016;7;Summer;2016;Agricultural;PM25;14.571428571428571;14.632923865203969
2016-07-04;2016;7;Summer;2016;Agricultural;PM25;6.190476190476191;6.276703015174407
2016-07-05;2016;7;Summer;2016;Agricultural;PM25;14.571428571428571;14.39693227353347
2016-07-06;2016;7;Summer;2016;Agricultural;PM25;12.428571428571429;12.492051501018196
2016-07-07;2016;7;Summer;2016;Agricultural;PM25;14.428571428571429;14.377980687118177
2016-07-08;2016;7;Summer;2016;Agricultural;PM25;13.904761904761903;13.774206792353676
2016-07-09;2016;7;Summer;2016;Agricultural;PM25;20.047619047619047;19.770413190566902
2016-07-10;2016;7;Summer;2016;Agricultural;PM25;22.61904761904762;22.36412008145569
2016-07-11;2016;7;Summer;2016;Agricultural;PM25;17.904761904761905;17.929875845759707
2016-07-12;2016;7;Summer;2016;Agricultural;PM25;15.80952380952381;15.805146817315904
2016-07-13;2016;7;Summer;2016;Agricultural;PM25;13.761904761904765;13.651267818432634
2016-07-14;2016;7;Summer;2016;Agricultural;PM25;4.238095238095238;4.212507390133351
2016-07-15;2016;7;Summer;2016;Agricultural;PM25;6.333333333333333;6.346745056821915
2016-07-16;2016;7;Summer;2016;Agricultural;PM25;8.333333333333334;8.42990869079682
2016-07-17;2016;7;Summer;2016;Agricultural;PM25;8.380952380952381;8.418609998029298
2016-07-18;2016;7;Summer;2016;Agricultural;PM25;18.952380952380956;19.039709649871902
2016-07-19;2016;7;Summer;2016;Agricultural;PM25;15.285714285714286;15.200978782106024
2016-07-20;2016;7;Summer;2016;Agricultural;PM25;14.714285714285714;14.707071536490837
2016-07-21;2016;7;Summer;2016;Agricultural;PM25;18.0;17.912106680680548
2016-07-22;2016;7;Summer;2016;Agricultural;PM25;14.714285714285714;14.921697431518098
2016-07-23;2016;7;Summer;2016;Agricultural;PM25;18.571428571428573;18.63098600801419
2016-07-24;2016;7;Summer;2016;Agricultural;PM25;17.571428571428573;17.749523746961835
2016-07-25;2016;7;Summer;2016;Agricultural;PM25;22.23809523809524;22.138918084477435
2016-07-26;2016;7;Summer;2016;Agricultural;PM25;14.38095238095238;14.456102607895946
2016-07-27;2016;7;Summer;2016;Agricultural;PM25;15.428571428571429;15.571864941207384
2016-07-28;2016;7;Summer;2016;Agricultural;PM25;5.285714285714286;5.38065755764304
2016-07-29;2016;7;Summer;2016;Agricultural;PM25;14.666666666666666;14.748177100440124
2016-07-30;2016;7;Summer;2016;Agricultural;PM25;15.38095238095238;15.480407935360969
2016-07-31;2016;7;Summer;2016;Agricultural;PM25;13.761904761904765;13.849996715496289
2016-08-01;2016;8;Summer;2016;Agricultural;PM25;4.571428571428571;4.702883794258687
2016-08-02;2016;8;Summer;2016;Agricultural;PM25;6.190476190476191;6.188957498521973
2016-08-03;2016;8;Summer;2016;Agricultural;PM25;10.238095238095235;10.21411679695198
2016-08-04;2016;8;Summer;2016;Agricultural;PM25;10.523809523809524;10.504154897195034
2016-08-05;2016;8;Summer;2016;Agricultural;PM25;7.714285714285714;7.7724167378309135
2016-08-06;2016;8;Summer;2016;Agricultural;PM25;3.952380952380953;4.011249425211851
2016-08-07;2016;8;Summer;2016;Agricultural;PM25;7.666666666666667;7.751592984300072
2016-08-08;2016;8;Summer;2016;Agricultural;PM25;9.714285714285714;9.713197135912765
2016-08-09;2016;8;Summer;2016;Agricultural;PM25;15.761904761904765;15.949155882546147
2016-08-10;2016;8;Summer;2016;Agricultural;PM25;9.285714285714286;9.15984037311962
2016-08-11;2016;8;Summer;2016;Agricultural;PM25;5.428571428571429;5.668708533140642
2016-08-12;2016;8;Summer;2016;Agricultural;PM25;10.80952380952381;10.72324771726992
2016-08-13;2016;8;Summer;2016;Agricultural;PM25;7.619047619047619;7.654223871772975
2016-08-14;2016;8;Summer;2016;Agricultural;PM25;15.61904761904762;15.709452801681666
2016-08-15;2016;8;Summer;2016;Agricultural;PM25;16.285714285714285;16.476794981278328
2016-08-16;2016;8;Summer;2016;Agricultural;PM25;17.761904761904763;18.25553438875386
2016-08-17;2016;8;Summer;2016;Agricultural;PM25;15.0;15.199566445510085
2016-08-18;2016;8;Summer;2016;Agricultural;PM25;12.38095238095238;12.517900545227617
2016-08-19;2016;8;Summer;2016;Agricultural;PM25;12.476190476190476;12.649641989095448
2016-08-20;2016;8;Summer;2016;Agricultural;PM25;17.761904761904763;18.25553438875386
2016-08-21;2016;8;Summer;2016;Agricultural;PM25;11.761904761904765;11.909413387637128
2016-08-22;2016;8;Summer;2016;Agricultural;PM25;8.571428571428571;8.91113775208566
2016-08-23;2016;8;Summer;2016;Agricultural;PM25;7.857142857142857;7.911351244826907
2016-08-24;2016;8;Summer;2016;Agricultural;PM25;10.666666666666666;10.650413847467648
2016-08-25;2016;8;Summer;2016;Agricultural;PM25;11.095238095238097;11.050433554489915
2016-08-26;2016;8;Summer;2016;Agricultural;PM25;13.047619047619047;13.01131511528608
2016-08-27;2016;8;Summer;2016;Agricultural;PM25;14.523809523809524;14.68685541614662
2016-08-28;2016;8;Summer;2016;Agricultural;PM25;19.0;19.25098535111345
2016-08-29;2016;8;Summer;2016;Agricultural;PM25;24.476190476190474;24.701422190107078
2016-08-30;2016;8;Summer;2016;Agricultural;PM25;17.285714285714285;17.4381363725941
2016-08-31;2016;8;Summer;2016;Agricultural;PM25;13.80952380952381;13.907327727780332
2016-09-01;2016;9;Autumn;2016;Agricultural;PM25;28.428571428571427;28.524995073244437
2016-09-02;2016;9;Autumn;2016;Agricultural;PM25;23.952380952380956;24.009672863430332
2016-09-03;2016;9;Autumn;2016;Agricultural;PM25;20.0;20.006322669644614
2016-09-04;2016;9;Autumn;2016;Agricultural;PM25;28.52380952380953;28.339814753990677
2016-09-05;2016;9;Autumn;2016;Agricultural;PM25;19.19047619047619;19.219437692964597
2016-09-06;2016;9;Autumn;2016;Agricultural;PM25;10.61904761904762;10.720308086448137
2016-09-07;2016;9;Autumn;2016;Agricultural;PM25;15.0;15.046656375221705
2016-09-08;2016;9;Autumn;2016;Agricultural;PM25;23.142857142857142;23.3329337187151
2016-09-09;2016;9;Autumn;2016;Agricultural;PM25;27.476190476190474;27.657557643040136
2016-09-10;2016;9;Autumn;2016;Agricultural;PM25;24.23809523809524;24.181961505616503
2016-09-11;2016;9;Autumn;2016;Agricultural;PM25;21.0;20.989489588123234
2016-09-12;2016;9;Autumn;2016;Agricultural;PM25;19.61904761904762;19.82422978387965
2016-09-13;2016;9;Autumn;2016;Agricultural;PM25;27.61904761904762;27.689959272153978
2016-09-14;2016;9;Autumn;2016;Agricultural;PM25;49.76190476190476;49.479718189581554
2016-09-15;2016;9;Autumn;2016;Agricultural;PM25;33.76190476190476;33.49862050844118
2016-09-16;2016;9;Autumn;2016;Agricultural;PM25;15.476190476190476;15.518245418117322
2016-09-17;2016;9;Autumn;2016;Agricultural;PM25;18.09523809523809;17.987157590488078
2016-09-18;2016;9;Autumn;2016;Agricultural;PM25;16.857142857142858;16.783534782894304
2016-09-19;2016;9;Autumn;2016;Agricultural;PM25;15.666666666666666;15.73103199106615
2016-09-20;2016;9;Autumn;2016;Agricultural;PM25;20.09523809523809;20.41048085134336
2016-09-21;2016;9;Autumn;2016;Agricultural;PM25;14.61904761904762;14.693063128161334
2016-09-22;2016;9;Autumn;2016;Agricultural;PM25;17.761904761904763;17.792468632989554
2016-09-23;2016;9;Autumn;2016;Agricultural;PM25;27.09523809523809;27.004187742232148
2016-09-24;2016;9;Autumn;2016;Agricultural;PM25;21.38095238095238;21.3164947776391
2016-09-25;2016;9;Autumn;2016;Agricultural;PM25;30.047619047619047;29.89675162582934
2016-09-26;2016;9;Autumn;2016;Agricultural;PM25;34.23809523809524;34.03287788215201
2016-09-27;2016;9;Autumn;2016;Agricultural;PM25;25.476190476190474;25.6284733626749
2016-09-28;2016;9;Autumn;2016;Agricultural;PM25;32.42857142857143;32.61210011167313
2016-09-29;2016;9;Autumn;2016;Agricultural;PM25;48.95238095238095;48.95076528936477
2016-09-30;2016;9;Autumn;2016;Agricultural;PM25;30.428571428571427;30.417953097287
2016-10-01;2016;10;Autumn;2016;Agricultural;PM25;19.61904761904762;19.654010379031728
2016-10-02;2016;10;Autumn;2016;Agricultural;PM25;19.952380952380956;20.05317611508901
2016-10-03;2016;10;Autumn;2016;Agricultural;PM25;23.142857142857142;23.25507455823425
2016-10-04;2016;10;Autumn;2016;Agricultural;PM25;17.714285714285715;17.747142481771004
2016-10-05;2016;10;Autumn;2016;Agricultural;PM25;21.714285714285715;21.61993365302503
2016-10-06;2016;10;Autumn;2016;Agricultural;PM25;14.857142857142858;14.866977599684688
2016-10-07;2016;10;Autumn;2016;Agricultural;PM25;19.761904761904763;20.013712802995467
2016-10-08;2016;10;Autumn;2016;Agricultural;PM25;25.142857142857142;25.188415555409577
2016-10-09;2016;10;Autumn;2016;Agricultural;PM25;15.095238095238097;15.13149510608947
2016-10-10;2016;10;Autumn;2016;Agricultural;PM25;18.666666666666668;18.64036326611049
2016-10-11;2016;10;Autumn;2016;Agricultural;PM25;15.19047619047619;15.289923142613151
2016-10-12;2016;10;Autumn;2016;Agricultural;PM25;25.09523809523809;25.17427576693162
2016-10-13;2016;10;Autumn;2016;Agricultural;PM25;26.714285714285715;26.831587072193397
2016-10-14;2016;10;Autumn;2016;Agricultural;PM25;14.80952380952381;14.941782171713854
2016-10-15;2016;10;Autumn;2016;Agricultural;PM25;19.38095238095238;19.272728765683507
2016-10-16;2016;10;Autumn;2016;Agricultural;PM25;24.761904761904763;24.938744005780727
2016-10-17;2016;10;Autumn;2016;Agricultural;PM25;33.523809523809526;33.59575970570847
2016-10-18;2016;10;Autumn;2016;Agricultural;PM25;55.333333333333336;55.31879393023714
2016-10-19;2016;10;Autumn;2016;Agricultural;PM25;54.04761904761905;54.19748078565329
2016-10-20;2016;10;Autumn;2016;Agricultural;PM25;15.904761904761903;16.0664947776391
2016-10-21;2016;10;Autumn;2016;Agricultural;PM25;21.33333333333333;21.2748144255403
2016-10-22;2016;10;Autumn;2016;Agricultural;PM25;33.285714285714285;33.32959994744794
2016-10-23;2016;10;Autumn;2016;Agricultural;PM25;32.0;32.07032122446299
2016-10-24;2016;10;Autumn;2016;Agricultural;PM25;23.38095238095238;23.451225119884384
2016-10-25;2016;10;Autumn;2016;Agricultural;PM25;26.61904761904762;26.63722656506602
2016-10-26;2016;10;Autumn;2016;Agricultural;PM25;23.904761904761905;23.93884254089207
2016-10-27;2016;10;Autumn;2016;Agricultural;PM25;21.285714285714285;21.546147277146424
2016-10-28;2016;10;Autumn;2016;Agricultural;PM25;24.904761904761905;24.98195165210537
2016-10-29;2016;10;Autumn;2016;Agricultural;PM25;46.76190476190476;46.79905406293109
2016-10-30;2016;10;Autumn;2016;Agricultural;PM25;58.66666666666666;58.979718189581554
2016-10-31;2016;10;Autumn;2016;Agricultural;PM25;40.19047619047619;40.43081192931748
2016-11-01;2016;11;Autumn;2016;Agricultural;PM25;44.142857142857146;44.52445313013204
2016-11-02;2016;11;Autumn;2016;Agricultural;PM25;57.76190476190476;57.990047953754186
2016-11-03;2016;11;Autumn;2016;Agricultural;PM25;35.523809523809526;35.648246075018065
2016-11-04;2016;11;Autumn;2016;Agricultural;PM25;13.0;13.509935623727255
2016-11-05;2016;11;Autumn;2016;Agricultural;PM25;9.61904761904762;10.020166852788543
2016-11-06;2016;11;Autumn;2016;Agricultural;PM25;19.761904761904763;19.93022071864941
2016-11-07;2016;11;Autumn;2016;Agricultural;PM25;13.952380952380953;14.266406096038889
2016-11-08;2016;11;Autumn;2016;Agricultural;PM25;17.666666666666668;17.76737502463378
2016-11-09;2016;11;Autumn;2016;Agricultural;PM25;23.61904761904762;23.854069500098536
2016-11-10;2016;11;Autumn;2016;Agricultural;PM25;24.714285714285715;25.28557117519543
2016-11-11;2016;11;Autumn;2016;Agricultural;PM25;35.285714285714285;35.757160218091045
2016-11-12;2016;11;Autumn;2016;Agricultural;PM25;19.428571428571427;19.959337844051763
2016-11-13;2016;11;Autumn;2016;Agricultural;PM25;19.80952380952381;20.19232411482625
2016-11-14;2016;11;Autumn;2016;Agricultural;PM25;17.047619047619047;17.569385140905208
2016-11-15;2016;11;Autumn;2016;Agricultural;PM25;21.761904761904763;22.32754713262826
2016-11-16;2016;11;Autumn;2016;Agricultural;PM25;35.57142857142857;36.445460815870725
2016-11-17;2016;11;Autumn;2016;Agricultural;PM25;49.71428571428572;50.128358405045
2016-11-18;2016;11;Autumn;2016;Agricultural;PM25;58.42857142857143;59.02167772449583
2016-11-19;2016;11;Autumn;2016;Agricultural;PM25;31.09523809523809;31.61888261183735
2016-11-20;2016;11;Autumn;2016;Agricultural;PM25;28.52380952380953;29.16396242527754
2016-11-21;2016;11;Autumn;2016;Agricultural;PM25;22.428571428571427;23.10802732707088
2016-11-22;2016;11;Autumn;2016;Agricultural;PM25;19.904761904761905;20.580026932930437
2016-11-23;2016;11;Autumn;2016;Agricultural;PM25;20.571428571428573;21.02391118701964
2016-11-24;2016;11;Autumn;2016;Agricultural;PM25;20.09523809523809;20.237502463377783
2016-11-25;2016;11;Autumn;2016;Agricultural;PM25;13.666666666666666;13.913798200091966
2016-11-26;2016;11;Autumn;2016;Agricultural;PM25;16.333333333333332;16.577333639887012
2016-11-27;2016;11;Autumn;2016;Agricultural;PM25;31.23809523809524;31.371231031991066
2016-11-28;2016;11;Autumn;2016;Agricultural;PM25;21.19047619047619;21.39857452538921
2016-11-29;2016;11;Autumn;2016;Agricultural;PM25;10.476190476190476;10.89744137160875
2016-11-30;2016;11;Autumn;2016;Agricultural;PM25;28.666666666666668;28.95145503514419
2016-12-01;2016;12;Winter;2017;Agricultural;PM25;31.33333333333333;31.95170137292255
2016-12-02;2016;12;Winter;2017;Agricultural;PM25;32.857142857142854;33.37541877422321
2016-12-03;2016;12;Winter;2017;Agricultural;PM25;37.04761904761905;38.61577875582999
2016-12-04;2016;12;Winter;2017;Agricultural;PM25;44.76190476190476;45.72101425474611
2016-12-05;2016;12;Winter;2017;Agricultural;PM25;38.57142857142857;39.15249950732444
2016-12-06;2016;12;Winter;2017;Agricultural;PM25;43.61904761904762;44.35214806542732
2016-12-07;2016;12;Winter;2017;Agricultural;PM25;25.19047619047619;26.74308611968732
2016-12-08;2016;12;Winter;2017;Agricultural;PM25;40.38095238095238;41.54765814885371
2016-12-09;2016;12;Winter;2017;Agricultural;PM25;36.57142857142857;37.69462326742429
2016-12-10;2016;12;Winter;2017;Agricultural;PM25;42.38095238095238;43.19889312224923
2016-12-11;2016;12;Winter;2017;Agricultural;PM25;34.666666666666664;35.66808447743546
2016-12-12;2016;12;Winter;2017;Agricultural;PM25;35.57142857142857;36.3158378768968
2016-12-13;2016;12;Winter;2017;Agricultural;PM25;40.23809523809524;41.10301845891086
2016-12-14;2016;12;Winter;2017;Agricultural;PM25;29.0;29.580092623004663
2016-12-15;2016;12;Winter;2017;Agricultural;PM25;32.142857142857146;33.611853773894765
2016-12-16;2016;12;Winter;2017;Agricultural;PM25;33.857142857142854;34.82281744728372
2016-12-17;2016;12;Winter;2017;Agricultural;PM25;32.61904761904762;33.47479143401432
2016-12-18;2016;12;Winter;2017;Agricultural;PM25;39.142857142857146;40.17268278263155
2016-12-19;2016;12;Winter;2017;Agricultural;PM25;30.428571428571427;31.190829665637523
2016-12-20;2016;12;Winter;2017;Agricultural;PM25;32.76190476190476;33.83285160612232
2016-12-21;2016;12;Winter;2017;Agricultural;PM25;31.19047619047619;31.777671943769292
2016-12-22;2016;12;Winter;2017;Agricultural;PM25;24.476190476190474;25.374893253629377
2016-12-23;2016;12;Winter;2017;Agricultural;PM25;25.19047619047619;25.9713262825987
2016-12-24;2016;12;Winter;2017;Agricultural;PM25;40.76190476190476;41.65082441043158
2016-12-25;2016;12;Winter;2017;Agricultural;PM25;36.142857142857146;37.24136175523879
2016-12-26;2016;12;Winter;2017;Agricultural;PM25;50.19047619047619;51.0020856598568
2016-12-27;2016;12;Winter;2017;Agricultural;PM25;26.38095238095238;26.77573408657952
2016-12-28;2016;12;Winter;2017;Agricultural;PM25;24.23809523809524;24.522433160349472
2016-12-29;2016;12;Winter;2017;Agricultural;PM25;17.571428571428573;18.09070156999277
2016-12-30;2016;12;Winter;2017;Agricultural;PM25;32.333333333333336;32.826479668922026
2016-12-31;2016;12;Winter;2017;Agricultural;PM25;37.57142857142857;38.28368258556132
2017-01-01;2017;1;Winter;2017;Agricultural;PM25;52.333333333333336;52.87926422509164
2017-01-02;2017;1;Winter;2017;Agricultural;PM25;48.04761904761905;48.31064033552393
2017-01-03;2017;1;Winter;2017;Agricultural;PM25;40.19047619047619;40.35750140352036
2017-01-04;2017;1;Winter;2017;Agricultural;PM25;34.19047619047619;34.10955714804663
2017-01-05;2017;1;Winter;2017;Agricultural;PM25;13.047619047619047;13.473465209207092
2017-01-06;2017;1;Winter;2017;Agricultural;PM25;10.61904761904762;11.455136884515042
2017-01-07;2017;1;Winter;2017;Agricultural;PM25;25.33333333333333;26.15446979954427
2017-01-08;2017;1;Winter;2017;Agricultural;PM25;28.80952380952381;29.27624583071893
2017-01-09;2017;1;Winter;2017;Agricultural;PM25;43.23809523809524;43.79059476239226
2017-01-10;2017;1;Winter;2017;Agricultural;PM25;40.23809523809524;40.685330735444666
2017-01-11;2017;1;Winter;2017;Agricultural;PM25;21.09523809523809;21.44973745913279
2017-01-12;2017;1;Winter;2017;Agricultural;PM25;35.57142857142857;35.96263333443413
2017-01-13;2017;1;Winter;2017;Agricultural;PM25;32.95238095238095;33.16361744988607
2017-01-14;2017;1;Winter;2017;Agricultural;PM25;12.952380952380953;13.39207754037185
2017-01-15;2017;1;Winter;2017;Agricultural;PM25;19.19047619047619;19.521647237541693
2017-01-16;2017;1;Winter;2017;Agricultural;PM25;14.238095238095235;14.350004953601267
2017-01-17;2017;1;Winter;2017;Agricultural;PM25;15.095238095238097;15.441233776955848
2017-01-18;2017;1;Winter;2017;Agricultural;PM25;21.666666666666668;22.02364519005317
2017-01-19;2017;1;Winter;2017;Agricultural;PM25;28.38095238095238;28.7723820217298
2017-01-20;2017;1;Winter;2017;Agricultural;PM25;30.666666666666668;31.19135761698755
2017-01-21;2017;1;Winter;2017;Agricultural;PM25;37.47619047619048;38.02998579967637
2017-01-22;2017;1;Winter;2017;Agricultural;PM25;31.476190476190474;31.94450315379281
2017-01-23;2017;1;Winter;2017;Agricultural;PM25;22.571428571428573;23.16776196294706
2017-01-24;2017;1;Winter;2017;Agricultural;PM25;30.571428571428573;30.768303556685712
2017-01-25;2017;1;Winter;2017;Agricultural;PM25;25.52380952380953;25.798421452395893
2017-01-26;2017;1;Winter;2017;Agricultural;PM25;30.23809523809524;30.50665433770351
2017-01-27;2017;1;Winter;2017;Agricultural;PM25;41.142857142857146;41.763927875565535
2017-01-28;2017;1;Winter;2017;Agricultural;PM25;54.0;54.433423598956445
2017-01-29;2017;1;Winter;2017;Agricultural;PM25;55.76190476190476;56.49202470195832
2017-01-30;2017;1;Winter;2017;Agricultural;PM25;74.52380952380952;75.31054126349856
2017-01-31;2017;1;Winter;2017;Agricultural;PM25;72.80952380952381;73.50883392226149
2017-02-01;2017;2;Winter;2017;Agricultural;PM25;78.52380952380952;79.05835342293848
2017-02-02;2017;2;Winter;2017;Agricultural;PM25;37.76190476190476;38.57252072256531
2017-02-03;2017;2;Winter;2017;Agricultural;PM25;24.904761904761905;25.370446814834384
2017-02-04;2017;2;Winter;2017;Agricultural;PM25;21.23809523809524;21.69593144215845
2017-02-05;2017;2;Winter;2017;Agricultural;PM25;21.80952380952381;22.09951784947657
2017-02-06;2017;2;Winter;2017;Agricultural;PM25;21.38095238095238;21.803589709718967
2017-02-07;2017;2;Winter;2017;Agricultural;PM25;17.857142857142858;18.348783065288465
2017-02-08;2017;2;Winter;2017;Agricultural;PM25;29.904761904761905;29.904428519533703
2017-02-09;2017;2;Winter;2017;Agricultural;PM25;24.38095238095238;24.74637561507216
2017-02-10;2017;2;Winter;2017;Agricultural;PM25;26.23809523809524;26.45264357187676
2017-02-11;2017;2;Winter;2017;Agricultural;PM25;31.61904761904762;32.06167233578812
2017-02-12;2017;2;Winter;2017;Agricultural;PM25;44.57142857142857;44.95616062877712
2017-02-13;2017;2;Winter;2017;Agricultural;PM25;45.095238095238095;45.294788811465935
2017-02-14;2017;2;Winter;2017;Agricultural;PM25;31.23809523809524;31.566658961064693
2017-02-15;2017;2;Winter;2017;Agricultural;PM25;44.66666666666666;44.82923285228361
2017-02-16;2017;2;Winter;2017;Agricultural;PM25;49.095238095238095;49.46283147848486
2017-02-17;2017;2;Winter;2017;Agricultural;PM25;44.0;44.62714243254846
2017-02-18;2017;2;Winter;2017;Agricultural;PM25;51.71428571428572;51.86356130907169
2017-02-19;2017;2;Winter;2017;Agricultural;PM25;47.80952380952381;48.05595918232555
2017-02-20;2017;2;Winter;2017;Agricultural;PM25;43.42857142857143;44.12131369505631
2017-02-21;2017;2;Winter;2017;Agricultural;PM25;42.42857142857143;43.00279052871438
2017-02-22;2017;2;Winter;2017;Agricultural;PM25;41.76190476190476;42.30875796704204
2017-02-23;2017;2;Winter;2017;Agricultural;PM25;40.04761904761905;40.77936659951785
2017-02-24;2017;2;Winter;2017;Agricultural;PM25;59.85714285714285;60.30271457349493
2017-02-25;2017;2;Winter;2017;Agricultural;PM25;24.047619047619047;24.566312208975926
2017-02-26;2017;2;Winter;2017;Agricultural;PM25;28.714285714285715;29.39174730028731
2017-02-27;2017;2;Winter;2017;Agricultural;PM25;32.80952380952381;33.10070671378092
2017-02-28;2017;2;Winter;2017;Agricultural;PM25;21.952380952380956;22.23587398038374
2017-03-01;2017;3;Spring;2017;Agricultural;PM25;19.09523809523809;19.310871503583105
2017-03-02;2017;3;Spring;2017;Agricultural;PM25;33.285714285714285;33.34249199167795
2017-03-03;2017;3;Spring;2017;Agricultural;PM25;48.0;47.96108120603679
2017-03-04;2017;3;Spring;2017;Agricultural;PM25;25.19047619047619;25.25694329777749
2017-03-05;2017;3;Spring;2017;Agricultural;PM25;13.095238095238097;13.122568607377564
2017-03-06;2017;3;Spring;2017;Agricultural;PM25;25.61904761904762;25.60237442620785
2017-03-07;2017;3;Spring;2017;Agricultural;PM25;20.38095238095238;20.48162213929527
2017-03-08;2017;3;Spring;2017;Agricultural;PM25;14.714285714285714;15.074122386975333
2017-03-09;2017;3;Spring;2017;Agricultural;PM25;33.857142857142854;34.07557544334731
2017-03-10;2017;3;Spring;2017;Agricultural;PM25;26.38095238095238;26.47321752914369
2017-03-11;2017;3;Spring;2017;Agricultural;PM25;16.333333333333332;16.601103001882368
2017-03-12;2017;3;Spring;2017;Agricultural;PM25;20.857142857142858;20.9408374888544
2017-03-13;2017;3;Spring;2017;Agricultural;PM25;23.428571428571427;23.486245500478848
2017-03-14;2017;3;Spring;2017;Agricultural;PM25;43.095238095238095;43.33263432515439
2017-03-15;2017;3;Spring;2017;Agricultural;PM25;50.23809523809524;50.37089263894852
2017-03-16;2017;3;Spring;2017;Agricultural;PM25;63.095238095238095;63.13358211419702
2017-03-17;2017;3;Spring;2017;Agricultural;PM25;70.38095238095238;70.5778210759222
2017-03-18;2017;3;Spring;2017;Agricultural;PM25;31.761904761904763;31.925398764902084
2017-03-19;2017;3;Spring;2017;Agricultural;PM25;32.857142857142854;32.97037746441663
2017-03-20;2017;3;Spring;2017;Agricultural;PM25;40.23809523809524;40.60491727485882
2017-03-21;2017;3;Spring;2017;Agricultural;PM25;50.71428571428572;50.98337241174334
2017-03-22;2017;3;Spring;2017;Agricultural;PM25;34.285714285714285;34.942439153264424
2017-03-23;2017;3;Spring;2017;Agricultural;PM25;34.38095238095238;34.59134440738417
2017-03-24;2017;3;Spring;2017;Agricultural;PM25;32.23809523809524;32.25504441729137
2017-03-25;2017;3;Spring;2017;Agricultural;PM25;43.57142857142857;43.61487401340775
2017-03-26;2017;3;Spring;2017;Agricultural;PM25;17.238095238095237;17.324659027112713
2017-03-27;2017;3;Spring;2017;Agricultural;PM25;22.047619047619047;22.115584029589517
2017-03-28;2017;3;Spring;2017;Agricultural;PM25;37.19047619047619;37.36437039727882
2017-03-29;2017;3;Spring;2017;Agricultural;PM25;34.95238095238095;35.31461972854265
2017-03-30;2017;3;Spring;2017;Agricultural;PM25;38.04761904761905;38.08870248670784
2017-03-31;2017;3;Spring;2017;Agricultural;PM25;47.0;46.93804696014002
2017-04-01;2017;4;Spring;2017;Agricultural;PM25;28.61904761904762;28.5766652356263
2017-04-02;2017;4;Spring;2017;Agricultural;PM25;21.142857142857142;21.136768931012845
2017-04-03;2017;4;Spring;2017;Agricultural;PM25;19.38095238095238;19.49955417588587
2017-04-04;2017;4;Spring;2017;Agricultural;PM25;19.19047619047619;19.36088636438691
2017-04-05;2017;4;Spring;2017;Agricultural;PM25;10.333333333333334;10.522109573660051
2017-04-06;2017;4;Spring;2017;Agricultural;PM25;16.333333333333332;16.64149136422179
2017-04-07;2017;4;Spring;2017;Agricultural;PM25;23.52380952380953;23.66061226511674
2017-04-08;2017;4;Spring;2017;Agricultural;PM25;21.047619047619047;21.106948251378757
2017-04-09;2017;4;Spring;2017;Agricultural;PM25;22.23809523809524;22.392622436511346
2017-04-10;2017;4;Spring;2017;Agricultural;PM25;23.476190476190474;23.6308246094911
2017-04-11;2017;4;Spring;2017;Agricultural;PM25;20.33333333333333;20.60019484164988
2017-04-12;2017;4;Spring;2017;Agricultural;PM25;13.476190476190476;13.50462336118358
2017-04-13;2017;4;Spring;2017;Agricultural;PM25;23.61904761904762;23.699630131105312
2017-04-14;2017;4;Spring;2017;Agricultural;PM25;27.33333333333333;27.33623394207589
2017-04-15;2017;4;Spring;2017;Agricultural;PM25;24.476190476190474;24.686602159770157
2017-04-16;2017;4;Spring;2017;Agricultural;PM25;23.38095238095238;23.653627687328687
2017-04-17;2017;4;Spring;2017;Agricultural;PM25;10.238095238095235;10.419999339519832
2017-04-18;2017;4;Spring;2017;Agricultural;PM25;14.095238095238097;14.159439912816618
2017-04-19;2017;4;Spring;2017;Agricultural;PM25;12.238095238095235;12.17060202767412
2017-04-20;2017;4;Spring;2017;Agricultural;PM25;13.047619047619047;13.085796373963872
2017-04-21;2017;4;Spring;2017;Agricultural;PM25;14.80952380952381;14.93652785575113
2017-04-22;2017;4;Spring;2017;Agricultural;PM25;26.23809523809524;26.39767510980483
2017-04-23;2017;4;Spring;2017;Agricultural;PM25;24.61904761904762;24.626069152273704
2017-04-24;2017;4;Spring;2017;Agricultural;PM25;18.761904761904763;18.858706779828932
2017-04-25;2017;4;Spring;2017;Agricultural;PM25;18.33333333333333;18.32512136323107
2017-04-26;2017;4;Spring;2017;Agricultural;PM25;10.761904761904765;10.911049833228756
2017-04-27;2017;4;Spring;2017;Agricultural;PM25;15.333333333333334;15.332650837158614
2017-04-28;2017;4;Spring;2017;Agricultural;PM25;15.19047619047619;15.163749545919885
2017-04-29;2017;4;Spring;2017;Agricultural;PM25;20.38095238095238;20.24654073511443
2017-04-30;2017;4;Spring;2017;Agricultural;PM25;19.666666666666668;19.64928503021697
2017-05-01;2017;5;Spring;2017;Agricultural;PM25;16.095238095238095;16.178709421749613
2017-05-02;2017;5;Spring;2017;Agricultural;PM25;11.142857142857142;11.258957762293187
2017-05-03;2017;5;Spring;2017;Agricultural;PM25;12.857142857142858;12.960239093821208
2017-05-04;2017;5;Spring;2017;Agricultural;PM25;11.61904761904762;11.667828010963971
2017-05-05;2017;5;Spring;2017;Agricultural;PM25;15.142857142857142;15.201826227667514
2017-05-06;2017;5;Spring;2017;Agricultural;PM25;18.857142857142858;18.88050262540867
2017-05-07;2017;5;Spring;2017;Agricultural;PM25;15.0;15.223952313331791
2017-05-08;2017;5;Spring;2017;Agricultural;PM25;11.095238095238097;11.171245995838976
2017-05-09;2017;5;Spring;2017;Agricultural;PM25;10.333333333333334;10.447508338562134
2017-05-10;2017;5;Spring;2017;Agricultural;PM25;13.904761904761903;13.91740695485618
2017-05-11;2017;5;Spring;2017;Agricultural;PM25;15.333333333333334;15.427082989333243
2017-05-12;2017;5;Spring;2017;Agricultural;PM25;14.476190476190476;14.534724744889534
2017-05-13;2017;5;Spring;2017;Agricultural;PM25;9.142857142857142;9.27575047059212
2017-05-14;2017;5;Spring;2017;Agricultural;PM25;12.952380952380953;12.92599319705426
2017-05-15;2017;5;Spring;2017;Agricultural;PM25;9.095238095238097;9.34074171922988
2017-05-16;2017;5;Spring;2017;Agricultural;PM25;9.38095238095238;9.674251180608302
2017-05-17;2017;5;Spring;2017;Agricultural;PM25;12.38095238095238;12.513325187411247
2017-05-18;2017;5;Spring;2017;Agricultural;PM25;11.571428571428571;11.529077639443877
2017-05-19;2017;5;Spring;2017;Agricultural;PM25;10.904761904761903;10.937221359928667
2017-05-20;2017;5;Spring;2017;Agricultural;PM25;9.476190476190476;9.549090188567089
2017-05-21;2017;5;Spring;2017;Agricultural;PM25;12.238095238095235;12.440044912651498
2017-05-22;2017;5;Spring;2017;Agricultural;PM25;10.952380952380953;11.116805917902315
2017-05-23;2017;5;Spring;2017;Agricultural;PM25;15.285714285714286;15.481225851193818
2017-05-24;2017;5;Spring;2017;Agricultural;PM25;16.428571428571427;16.480268154948646
2017-05-25;2017;5;Spring;2017;Agricultural;PM25;13.285714285714286;13.30548859020508
2017-05-26;2017;5;Spring;2017;Agricultural;PM25;8.380952380952381;8.42023050757901
2017-05-27;2017;5;Spring;2017;Agricultural;PM25;9.285714285714286;9.235428156269608
2017-05-28;2017;5;Spring;2017;Agricultural;PM25;9.428571428571429;9.573594002840064
2017-05-29;2017;5;Spring;2017;Agricultural;PM25;10.047619047619047;10.025511046530829
2017-05-30;2017;5;Spring;2017;Agricultural;PM25;11.142857142857142;11.307437006703871
2017-05-31;2017;5;Spring;2017;Agricultural;PM25;9.238095238095235;9.142250916416234
2017-06-01;2017;6;Summer;2017;Agricultural;PM25;9.38095238095238;9.56606452891252
2017-06-02;2017;6;Summer;2017;Agricultural;PM25;13.571428571428571;13.6443644529573
2017-06-03;2017;6;Summer;2017;Agricultural;PM25;12.80952380952381;12.875499488127868
2017-06-04;2017;6;Summer;2017;Agricultural;PM25;12.714285714285714;12.676876589280408
2017-06-05;2017;6;Summer;2017;Agricultural;PM25;17.476190476190474;17.499653247911233
2017-06-06;2017;6;Summer;2017;Agricultural;PM25;14.095238095238097;14.123988639741093
2017-06-07;2017;6;Summer;2017;Agricultural;PM25;13.095238095238097;13.250239424061292
2017-06-08;2017;6;Summer;2017;Agricultural;PM25;8.047619047619047;8.064363792477131
2017-06-09;2017;6;Summer;2017;Agricultural;PM25;8.904761904761905;9.034625672864172
2017-06-10;2017;6;Summer;2017;Agricultural;PM25;13.095238095238097;13.073627026848518
2017-06-11;2017;6;Summer;2017;Agricultural;PM25;9.523809523809524;9.507991810045905
2017-06-12;2017;6;Summer;2017;Agricultural;PM25;9.285714285714286;9.3745417918827
2017-06-13;2017;6;Summer;2017;Agricultural;PM25;14.047619047619047;14.09083253525313
2017-06-14;2017;6;Summer;2017;Agricultural;PM25;14.571428571428571;14.697202866483934
2017-06-15;2017;6;Summer;2017;Agricultural;PM25;16.333333333333332;16.453072883986657
2017-06-16;2017;6;Summer;2017;Agricultural;PM25;15.285714285714286;15.43360523100294
2017-06-17;2017;6;Summer;2017;Agricultural;PM25;11.761904761904765;11.804365773917638
2017-06-18;2017;6;Summer;2017;Agricultural;PM25;5.666666666666667;5.780373831775701
2017-06-19;2017;6;Summer;2017;Agricultural;PM25;6.571428571428571;6.656120999966976
2017-06-20;2017;6;Summer;2017;Agricultural;PM25;10.61904761904762;10.67104785178825
2017-06-21;2017;6;Summer;2017;Agricultural;PM25;8.238095238095237;8.376969056504079
2017-06-22;2017;6;Summer;2017;Agricultural;PM25;16.523809523809526;16.594580760212676
2017-06-23;2017;6;Summer;2017;Agricultural;PM25;12.857142857142858;12.89207754037185
2017-06-24;2017;6;Summer;2017;Agricultural;PM25;16.0;15.85794722763449
2017-06-25;2017;6;Summer;2017;Agricultural;PM25;18.047619047619047;17.97128562464912
2017-06-26;2017;6;Summer;2017;Agricultural;PM25;10.285714285714286;10.366533469832568
2017-06-27;2017;6;Summer;2017;Agricultural;PM25;12.666666666666666;12.702007859714012
2017-06-28;2017;6;Summer;2017;Agricultural;PM25;25.904761904761905;25.84562927248109
2017-06-29;2017;6;Summer;2017;Agricultural;PM25;18.0;17.80829563092368
2017-06-30;2017;6;Summer;2017;Agricultural;PM25;4.095238095238095;4.177933357550939
2017-07-01;2017;7;Summer;2017;Agricultural;PM25;5.523809523809524;5.542584458901621
2017-07-02;2017;7;Summer;2017;Agricultural;PM25;7.761904761904762;7.744955582708629
2017-07-03;2017;7;Summer;2017;Agricultural;PM25;8.238095238095237;8.237574716819127
2017-07-04;2017;7;Summer;2017;Agricultural;PM25;14.952380952380953;14.973911033321224
2017-07-05;2017;7;Summer;2017;Agricultural;PM25;8.857142857142858;8.909051880717282
2017-07-06;2017;7;Summer;2017;Agricultural;PM25;13.666666666666666;13.700323635282851
2017-07-07;2017;7;Summer;2017;Agricultural;PM25;12.285714285714286;12.3745417918827
2017-07-08;2017;7;Summer;2017;Agricultural;PM25;20.0;19.97552920973548
2017-07-09;2017;7;Summer;2017;Agricultural;PM25;24.19047619047619;24.131584161685545
2017-07-10;2017;7;Summer;2017;Agricultural;PM25;22.142857142857142;22.204253492288892
2017-07-11;2017;7;Summer;2017;Agricultural;PM25;18.38095238095238;18.312126415904363
2017-07-12;2017;7;Summer;2017;Agricultural;PM25;19.33333333333333;19.390905188071727
2017-07-13;2017;7;Summer;2017;Agricultural;PM25;15.80952380952381;15.850417753706944
2017-07-14;2017;7;Summer;2017;Agricultural;PM25;7.142857142857143;7.280472903801063
2017-07-15;2017;7;Summer;2017;Agricultural;PM25;7.619047619047619;7.644661669033387
2017-07-16;2017;7;Summer;2017;Agricultural;PM25;6.476190476190476;6.486724348601434
2017-07-17;2017;7;Summer;2017;Agricultural;PM25;5.904761904761905;6.079934612463261
2017-07-18;2017;7;Summer;2017;Agricultural;PM25;8.904761904761905;8.992321918034412
2017-07-19;2017;7;Summer;2017;Agricultural;PM25;10.19047619047619;10.378537696905653
2017-07-20;2017;7;Summer;2017;Agricultural;PM25;14.0;14.072405138535716
2017-07-21;2017;7;Summer;2017;Agricultural;PM25;20.52380952380953;20.58799247052607
2017-07-22;2017;7;Summer;2017;Agricultural;PM25;12.523809523809524;12.503566592913048
2017-07-23;2017;7;Summer;2017;Agricultural;PM25;14.714285714285714;14.77637792675275
2017-07-24;2017;7;Summer;2017;Agricultural;PM25;13.047619047619047;13.045721739704764
2017-07-25;2017;7;Summer;2017;Agricultural;PM25;8.80952380952381;8.78636768931013
2017-07-26;2017;7;Summer;2017;Agricultural;PM25;6.523809523809524;6.391251940160497
2017-07-27;2017;7;Summer;2017;Agricultural;PM25;8.619047619047619;8.609375516000132
2017-07-28;2017;7;Summer;2017;Agricultural;PM25;16.666666666666668;16.423070572306067
2017-07-29;2017;7;Summer;2017;Agricultural;PM25;14.476190476190476;14.369670750635713
2017-07-30;2017;7;Summer;2017;Agricultural;PM25;10.80952380952381;10.812902480103036
2017-07-31;2017;7;Summer;2017;Agricultural;PM25;13.571428571428571;13.60622172319276
2017-08-01;2017;8;Summer;2017;Agricultural;PM25;17.38095238095238;17.29650605990555
2017-08-02;2017;8;Summer;2017;Agricultural;PM25;31.666666666666668;31.547372940127477
2017-08-03;2017;8;Summer;2017;Agricultural;PM25;33.904761904761905;33.943495921534954
2017-08-04;2017;8;Summer;2017;Agricultural;PM25;40.23809523809524;39.8924738284733
2017-08-05;2017;8;Summer;2017;Agricultural;PM25;31.047619047619047;31.06109441564017
2017-08-06;2017;8;Summer;2017;Agricultural;PM25;20.33333333333333;20.30203758132162
2017-08-07;2017;8;Summer;2017;Agricultural;PM25;12.095238095238097;12.231613883293154
2017-08-08;2017;8;Summer;2017;Agricultural;PM25;10.857142857142858;10.77117664542122
2017-08-09;2017;8;Summer;2017;Agricultural;PM25;14.523809523809524;14.47179749678016
2017-08-10;2017;8;Summer;2017;Agricultural;PM25;11.142857142857142;11.132046497803904
2017-08-11;2017;8;Summer;2017;Agricultural;PM25;6.428571428571429;6.425861101020442
2017-08-12;2017;8;Summer;2017;Agricultural;PM25;7.619047619047619;7.590799511244675
2017-08-13;2017;8;Summer;2017;Agricultural;PM25;9.285714285714286;9.274660678313134
2017-08-14;2017;8;Summer;2017;Agricultural;PM25;7.0;6.919454443380338
2017-08-15;2017;8;Summer;2017;Agricultural;PM25;8.333333333333334;8.422921964268022
2017-08-16;2017;8;Summer;2017;Agricultural;PM25;10.428571428571429;10.453320564050063
2017-08-17;2017;8;Summer;2017;Agricultural;PM25;9.523809523809524;9.496631551137677
2017-08-18;2017;8;Summer;2017;Agricultural;PM25;12.047619047619047;11.95734949308147
2017-08-19;2017;8;Summer;2017;Agricultural;PM25;10.666666666666666;10.699299891020772
2017-08-20;2017;8;Summer;2017;Agricultural;PM25;8.0;8.0
2017-08-21;2017;8;Summer;2017;Agricultural;PM25;6.142857142857143;6.1885505762689474
2017-08-22;2017;8;Summer;2017;Agricultural;PM25;6.0;6.0
2017-08-23;2017;8;Summer;2017;Agricultural;PM25;7.571428571428571;7.691010864898781
2017-08-24;2017;8;Summer;2017;Agricultural;PM25;14.476190476190476;14.687097519896964
2017-08-25;2017;8;Summer;2017;Agricultural;PM25;11.61904761904762;11.649483174267692
2017-08-26;2017;8;Summer;2017;Agricultural;PM25;13.80952380952381;13.826376275552327
2017-08-27;2017;8;Summer;2017;Agricultural;PM25;23.428571428571427;23.481423995244544
2017-08-28;2017;8;Summer;2017;Agricultural;PM25;21.857142857142858;21.919619563422607
2017-08-29;2017;8;Summer;2017;Agricultural;PM25;13.761904761904765;13.775783494600574
2017-08-30;2017;8;Summer;2017;Agricultural;PM25;15.19047619047619;15.163402793831116
2017-08-31;2017;8;Summer;2017;Agricultural;PM25;16.80952380952381;16.889567715729335
2017-09-01;2017;9;Autumn;2017;Agricultural;PM25;18.80952380952381;18.934199663155116
2017-09-02;2017;9;Autumn;2017;Agricultural;PM25;16.476190476190474;16.397014629635745
2017-09-03;2017;9;Autumn;2017;Agricultural;PM25;12.857142857142858;12.776196294706253
2017-09-04;2017;9;Autumn;2017;Agricultural;PM25;11.80952380952381;11.840130775073478
2017-09-05;2017;9;Autumn;2017;Agricultural;PM25;20.23809523809524;20.32150523430534
2017-09-06;2017;9;Autumn;2017;Agricultural;PM25;25.476190476190474;25.41542551434893
2017-09-07;2017;9;Autumn;2017;Agricultural;PM25;23.52380952380953;23.54913972457977
2017-09-08;2017;9;Autumn;2017;Agricultural;PM25;11.666666666666666;11.80813051088141
2017-09-09;2017;9;Autumn;2017;Agricultural;PM25;12.285714285714286;12.216934711535286
2017-09-10;2017;9;Autumn;2017;Agricultural;PM25;12.523809523809524;12.504821505234306
2017-09-11;2017;9;Autumn;2017;Agricultural;PM25;25.142857142857142;25.35845909976553
2017-09-12;2017;9;Autumn;2017;Agricultural;PM25;13.047619047619047;13.086638486179451
2017-09-13;2017;9;Autumn;2017;Agricultural;PM25;12.523809523809524;12.655625639840164
2017-09-14;2017;9;Autumn;2017;Agricultural;PM25;16.904761904761905;16.921171691819954
2017-09-15;2017;9;Autumn;2017;Agricultural;PM25;15.952380952380953;15.925018988804862
2017-09-16;2017;9;Autumn;2017;Agricultural;PM25;14.333333333333334;14.238846141144611
2017-09-17;2017;9;Autumn;2017;Agricultural;PM25;11.285714285714286;11.413939433968496
2017-09-18;2017;9;Autumn;2017;Agricultural;PM25;11.0;11.135992866814174
2017-09-19;2017;9;Autumn;2017;Agricultural;PM25;11.952380952380953;12.101169049899276
2017-09-20;2017;9;Autumn;2017;Agricultural;PM25;12.238095238095235;12.293930187246128
2017-09-21;2017;9;Autumn;2017;Agricultural;PM25;14.428571428571429;14.525560582543507
2017-09-22;2017;9;Autumn;2017;Agricultural;PM25;18.52380952380953;18.65120042270731
2017-09-23;2017;9;Autumn;2017;Agricultural;PM25;19.33333333333333;19.479426042733067
2017-09-24;2017;9;Autumn;2017;Agricultural;PM25;20.857142857142858;20.92209636405667
2017-09-25;2017;9;Autumn;2017;Agricultural;PM25;14.761904761904765;15.0352531290248
2017-09-26;2017;9;Autumn;2017;Agricultural;PM25;17.904761904761905;17.995013374723424
2017-09-27;2017;9;Autumn;2017;Agricultural;PM25;21.761904761904763;21.743172286252104
2017-09-28;2017;9;Autumn;2017;Agricultural;PM25;23.80952380952381;23.897840229847095
2017-09-29;2017;9;Autumn;2017;Agricultural;PM25;19.952380952380956;20.104207258677057
2017-09-30;2017;9;Autumn;2017;Agricultural;PM25;18.952380952380956;18.9466332023381
2017-10-01;2017;10;Autumn;2017;Agricultural;PM25;17.666666666666668;17.735329084244245
2017-10-02;2017;10;Autumn;2017;Agricultural;PM25;22.904761904761905;22.975595257752385
2017-10-03;2017;10;Autumn;2017;Agricultural;PM25;31.142857142857142;31.2847660249001
2017-10-04;2017;10;Autumn;2017;Agricultural;PM25;48.80952380952381;48.75177504045441
2017-10-05;2017;10;Autumn;2017;Agricultural;PM25;43.57142857142857;43.40239754301377
2017-10-06;2017;10;Autumn;2017;Agricultural;PM25;19.857142857142858;19.89021168389419
2017-10-07;2017;10;Autumn;2017;Agricultural;PM25;13.61904761904762;13.77259667778475
2017-10-08;2017;10;Autumn;2017;Agricultural;PM25;15.142857142857142;15.173442092401176
2017-10-09;2017;10;Autumn;2017;Agricultural;PM25;21.52380952380953;21.555893134308644
2017-10-10;2017;10;Autumn;2017;Agricultural;PM25;31.38095238095238;31.616921501931905
2017-10-11;2017;10;Autumn;2017;Agricultural;PM25;43.142857142857146;43.42257521217925
2017-10-12;2017;10;Autumn;2017;Agricultural;PM25;44.23809523809524;44.24650771110598
2017-10-13;2017;10;Autumn;2017;Agricultural;PM25;44.19047619047619;44.53517056900367
2017-10-14;2017;10;Autumn;2017;Agricultural;PM25;52.80952380952381;53.24967801591757
2017-10-15;2017;10;Autumn;2017;Agricultural;PM25;64.47619047619048;64.69489118589215
2017-10-16;2017;10;Autumn;2017;Agricultural;PM25;58.523809523809526;58.356097883161056
2017-10-17;2017;10;Autumn;2017;Agricultural;PM25;56.61904761904762;56.32211617846174
2017-10-18;2017;10;Autumn;2017;Agricultural;PM25;48.47619047619048;48.50873485023613
2017-10-19;2017;10;Autumn;2017;Agricultural;PM25;40.57142857142857;40.98031769096133
2017-10-20;2017;10;Autumn;2017;Agricultural;PM25;48.85714285714285;48.91560714639543
2017-10-21;2017;10;Autumn;2017;Agricultural;PM25;47.90476190476191;48.24477395066213
2017-10-22;2017;10;Autumn;2017;Agricultural;PM25;55.66666666666666;55.65590634391202
2017-10-23;2017;10;Autumn;2017;Agricultural;PM25;16.571428571428573;16.51393613156765
2017-10-24;2017;10;Autumn;2017;Agricultural;PM25;12.904761904761903;13.010303490637694
2017-10-25;2017;10;Autumn;2017;Agricultural;PM25;20.571428571428573;20.526947590898583
2017-10-26;2017;10;Autumn;2017;Agricultural;PM25;33.76190476190476;33.80870843102936
2017-10-27;2017;10;Autumn;2017;Agricultural;PM25;36.04761904761905;36.16538423433836
2017-10-28;2017;10;Autumn;2017;Agricultural;PM25;37.38095238095238;37.588884118754336
2017-10-29;2017;10;Autumn;2017;Agricultural;PM25;24.19047619047619;24.190895280869192
2017-10-30;2017;10;Autumn;2017;Agricultural;PM25;24.09523809523809;23.98000396288101
2017-10-31;2017;10;Autumn;2017;Agricultural;PM25;18.857142857142858;19.049106700571315
2017-11-01;2017;11;Autumn;2017;Agricultural;PM25;18.666666666666668;19.224266041412108
2017-11-02;2017;11;Autumn;2017;Agricultural;PM25;31.285714285714285;32.11913411049833
2017-11-03;2017;11;Autumn;2017;Agricultural;PM25;49.90476190476191;50.29429345133912
2017-11-04;2017;11;Autumn;2017;Agricultural;PM25;52.0;52.25042105610779
2017-11-05;2017;11;Autumn;2017;Agricultural;PM25;29.142857142857142;29.275304646477988
2017-11-06;2017;11;Autumn;2017;Agricultural;PM25;16.0;15.856642779300552
2017-11-07;2017;11;Autumn;2017;Agricultural;PM25;11.047619047619047;11.271556421518444
2017-11-08;2017;11;Autumn;2017;Agricultural;PM25;11.38095238095238;11.776609094811928
2017-11-09;2017;11;Autumn;2017;Agricultural;PM25;14.047619047619047;14.398186981935869
2017-11-10;2017;11;Autumn;2017;Agricultural;PM25;18.571428571428573;18.87906608104092
2017-11-11;2017;11;Autumn;2017;Agricultural;PM25;15.61904761904762;16.08693570225554
2017-11-12;2017;11;Autumn;2017;Agricultural;PM25;21.19047619047619;21.626614048413195
2017-11-13;2017;11;Autumn;2017;Agricultural;PM25;15.095238095238097;15.863396189029425
2017-11-14;2017;11;Autumn;2017;Agricultural;PM25;14.761904761904765;15.128463392886628
2017-11-15;2017;11;Autumn;2017;Agricultural;PM25;14.095238095238097;14.67245137214755
2017-11-16;2017;11;Autumn;2017;Agricultural;PM25;20.19047619047619;20.602407450216308
2017-11-17;2017;11;Autumn;2017;Agricultural;PM25;29.23809523809524;29.37766256068161
2017-11-18;2017;11;Autumn;2017;Agricultural;PM25;32.23809523809524;32.70410488425085
2017-11-19;2017;11;Autumn;2017;Agricultural;PM25;36.61904761904762;37.23749215679799
2017-11-20;2017;11;Autumn;2017;Agricultural;PM25;23.047619047619047;23.58540008586242
2017-11-21;2017;11;Autumn;2017;Agricultural;PM25;30.904761904761905;31.407896040421388
2017-11-22;2017;11;Autumn;2017;Agricultural;PM25;26.19047619047619;26.65199299891021
2017-11-23;2017;11;Autumn;2017;Agricultural;PM25;30.80952380952381;31.286268617284765
2017-11-24;2017;11;Autumn;2017;Agricultural;PM25;34.76190476190476;35.10291932234735
2017-11-25;2017;11;Autumn;2017;Agricultural;PM25;38.285714285714285;38.516066180112944
2017-11-26;2017;11;Autumn;2017;Agricultural;PM25;28.428571428571427;28.809633103266076
2017-11-27;2017;11;Autumn;2017;Agricultural;PM25;14.0;14.495673854892509
2017-11-28;2017;11;Autumn;2017;Agricultural;PM25;20.19047619047619;20.73707935669232
2017-11-29;2017;11;Autumn;2017;Agricultural;PM25;21.61904761904762;21.870611934876656
2017-11-30;2017;11;Autumn;2017;Agricultural;PM25;25.476190476190474;25.76790726858426
2017-12-01;2017;12;Winter;2018;Agricultural;PM25;19.19047619047619;19.606502427264623
2017-12-02;2017;12;Winter;2018;Agricultural;PM25;11.523809523809524;11.96124632607906
2017-12-03;2017;12;Winter;2018;Agricultural;PM25;18.761904761904763;19.627472672633004
2017-12-04;2017;12;Winter;2018;Agricultural;PM25;27.952380952380956;28.67497770879429
2017-12-05;2017;12;Winter;2018;Agricultural;PM25;35.42857142857143;36.05442356593243
2017-12-06;2017;12;Winter;2018;Agricultural;PM25;36.76190476190476;37.22573560978832
2017-12-07;2017;12;Winter;2018;Agricultural;PM25;31.23809523809524;32.180558766223044
2017-12-08;2017;12;Winter;2018;Agricultural;PM25;32.38095238095238;33.49285030216968
2017-12-09;2017;12;Winter;2018;Agricultural;PM25;22.61904761904762;23.36742511806083
2017-12-10;2017;12;Winter;2018;Agricultural;PM25;16.428571428571427;17.271985733628348
2017-12-11;2017;12;Winter;2018;Agricultural;PM25;19.23809523809524;19.96785112776989
2017-12-12;2017;12;Winter;2018;Agricultural;PM25;19.38095238095238;19.791073610514843
2017-12-13;2017;12;Winter;2018;Agricultural;PM25;18.857142857142858;19.638188963376376
2017-12-14;2017;12;Winter;2018;Agricultural;PM25;20.38095238095238;20.983223803705293
2017-12-15;2017;12;Winter;2018;Agricultural;PM25;29.52380952380953;29.823734354875995
2017-12-16;2017;12;Winter;2018;Agricultural;PM25;26.142857142857142;26.79437601136026
2017-12-17;2017;12;Winter;2018;Agricultural;PM25;27.714285714285715;28.169594795416263
2017-12-18;2017;12;Winter;2018;Agricultural;PM25;18.19047619047619;19.17704170932268
2017-12-19;2017;12;Winter;2018;Agricultural;PM25;25.714285714285715;26.28034080776725
2017-12-20;2017;12;Winter;2018;Agricultural;PM25;36.23809523809524;36.7415210858294
2017-12-21;2017;12;Winter;2018;Agricultural;PM25;52.333333333333336;53.27495789438922
2017-12-22;2017;12;Winter;2018;Agricultural;PM25;44.61904761904762;45.52438823024339
2017-12-23;2017;12;Winter;2018;Agricultural;PM25;47.71428571428572;48.617598494105216
2017-12-24;2017;12;Winter;2018;Agricultural;PM25;40.76190476190476;41.25210528053895
2017-12-25;2017;12;Winter;2018;Agricultural;PM25;33.904761904761905;34.4737128892705
2017-12-26;2017;12;Winter;2018;Agricultural;PM25;25.714285714285715;26.320019153924903
2017-12-27;2017;12;Winter;2018;Agricultural;PM25;26.666666666666668;27.096331032660743
2017-12-28;2017;12;Winter;2018;Agricultural;PM25;14.571428571428571;14.735675836333014
2017-12-29;2017;12;Winter;2018;Agricultural;PM25;17.333333333333332;17.528730887355106
2017-12-30;2017;12;Winter;2018;Agricultural;PM25;17.428571428571427;18.14329117268254
2017-12-31;2017;12;Winter;2018;Agricultural;PM25;28.80952380952381;29.944354545754763
2018-01-01;2018;1;Winter;2018;Agricultural;PM25;24.666666666666668;25.346107863974492
2018-01-02;2018;1;Winter;2018;Agricultural;PM25;20.952380952380956;20.96665781083953
2018-01-03;2018;1;Winter;2018;Agricultural;PM25;18.904761904761905;19.256060706695006
2018-01-04;2018;1;Winter;2018;Agricultural;PM25;20.09523809523809;20.81188562699256
2018-01-05;2018;1;Winter;2018;Agricultural;PM25;22.904761904761905;23.950717321997875
2018-01-06;2018;1;Winter;2018;Agricultural;PM25;25.285714285714285;25.89899375664187
2018-01-07;2018;1;Winter;2018;Agricultural;PM25;24.714285714285715;25.39263416578108
2018-01-08;2018;1;Winter;2018;Agricultural;PM25;14.238095238095235;14.480456296493092
2018-01-09;2018;1;Winter;2018;Agricultural;PM25;30.571428571428573;30.987679330499468
2018-01-10;2018;1;Winter;2018;Agricultural;PM25;28.904761904761905;28.919102019128587
2018-01-11;2018;1;Winter;2018;Agricultural;PM25;21.476190476190474;22.060640276301807
2018-01-12;2018;1;Winter;2018;Agricultural;PM25;24.33333333333333;25.132638150903293
2018-01-13;2018;1;Winter;2018;Agricultural;PM25;28.571428571428573;29.246645855472902
2018-01-14;2018;1;Winter;2018;Agricultural;PM25;31.33333333333333;31.766405419766205
2018-01-15;2018;1;Winter;2018;Agricultural;PM25;26.23809523809524;26.774010361317742
2018-01-16;2018;1;Winter;2018;Agricultural;PM25;32.333333333333336;32.967554463336874
2018-01-17;2018;1;Winter;2018;Agricultural;PM25;22.047619047619047;22.29748937300744
2018-01-18;2018;1;Winter;2018;Agricultural;PM25;26.857142857142858;27.29189359723698
2018-01-19;2018;1;Winter;2018;Agricultural;PM25;23.38095238095238;23.752474096705637
2018-01-20;2018;1;Winter;2018;Agricultural;PM25;28.80952380952381;29.546459883103083
2018-01-21;2018;1;Winter;2018;Agricultural;PM25;22.761904761904763;22.79559643995749
2018-01-22;2018;1;Winter;2018;Agricultural;PM25;16.285714285714285;16.65538655685441
2018-01-23;2018;1;Winter;2018;Agricultural;PM25;19.714285714285715;20.45006973963868
2018-01-24;2018;1;Winter;2018;Agricultural;PM25;27.19047619047619;27.954021652497342
2018-01-25;2018;1;Winter;2018;Agricultural;PM25;40.47619047619048;40.883152895855474
2018-01-26;2018;1;Winter;2018;Agricultural;PM25;41.04761904761905;41.52228347502657
2018-01-27;2018;1;Winter;2018;Agricultural;PM25;29.0;29.664685175345376
2018-01-28;2018;1;Winter;2018;Agricultural;PM25;23.428571428571427;23.89726687035069
2018-01-29;2018;1;Winter;2018;Agricultural;PM25;19.571428571428573;19.929313894792774
2018-01-30;2018;1;Winter;2018;Agricultural;PM25;17.285714285714285;17.89553998405951
2018-01-31;2018;1;Winter;2018;Agricultural;PM25;20.571428571428573;20.8665814293305
2018-02-01;2018;2;Winter;2018;Agricultural;PM25;19.23809523809524;19.418138947927737
2018-02-02;2018;2;Winter;2018;Agricultural;PM25;16.19047619047619;16.75684112646121
2018-02-03;2018;2;Winter;2018;Agricultural;PM25;18.904761904761905;19.362895191285865
2018-02-04;2018;2;Winter;2018;Agricultural;PM25;22.476190476190474;22.660467587672688
2018-02-05;2018;2;Winter;2018;Agricultural;PM25;21.33333333333333;21.40224827311371
2018-02-06;2018;2;Winter;2018;Agricultural;PM25;23.142857142857142;23.328490302869287
2018-02-07;2018;2;Winter;2018;Agricultural;PM25;28.33333333333333;28.64545696068013
2018-02-08;2018;2;Winter;2018;Agricultural;PM25;32.42857142857143;32.87174548352816
2018-02-09;2018;2;Winter;2018;Agricultural;PM25;37.90476190476191;38.28040316153029
2018-02-10;2018;2;Winter;2018;Agricultural;PM25;37.23809523809524;37.595908607863976
2018-02-11;2018;2;Winter;2018;Agricultural;PM25;40.42857142857143;40.931439293305
2018-02-12;2018;2;Winter;2018;Agricultural;PM25;33.04761904761905;33.20121546227418
2018-02-13;2018;2;Winter;2018;Agricultural;PM25;18.285714285714285;18.56832824123273
2018-02-14;2018;2;Winter;2018;Agricultural;PM25;20.857142857142858;21.067763682252924
2018-02-15;2018;2;Winter;2018;Agricultural;PM25;29.33333333333333;29.785583820403826
2018-02-16;2018;2;Winter;2018;Agricultural;PM25;39.23809523809524;39.79586211477152
2018-02-17;2018;2;Winter;2018;Agricultural;PM25;48.0;48.15062101487779
2018-02-18;2018;2;Winter;2018;Agricultural;PM25;33.714285714285715;34.15779423485654
2018-02-19;2018;2;Winter;2018;Agricultural;PM25;15.333333333333334;15.835895988310307
2018-02-20;2018;2;Winter;2018;Agricultural;PM25;21.61904761904762;22.19510494155154
2018-02-21;2018;2;Winter;2018;Agricultural;PM25;26.23809523809524;26.60633634431456
2018-02-22;2018;2;Winter;2018;Agricultural;PM25;22.428571428571427;23.005330100956428
2018-02-23;2018;2;Winter;2018;Agricultural;PM25;25.428571428571427;26.17914784803401
2018-02-24;2018;2;Winter;2018;Agricultural;PM25;26.23809523809524;26.590727948990438
2018-02-25;2018;2;Winter;2018;Agricultural;PM25;15.0;15.105506110520723
2018-02-26;2018;2;Winter;2018;Agricultural;PM25;14.714285714285714;14.909820005313495
2018-02-27;2018;2;Winter;2018;Agricultural;PM25;20.80952380952381;20.981402763018068
2018-02-28;2018;2;Winter;2018;Agricultural;PM25;25.666666666666668;25.958388682252924
2018-03-01;2018;3;Spring;2018;Agricultural;PM25;37.76190476190476;37.85912592986185
2018-03-02;2018;3;Spring;2018;Agricultural;PM25;42.42857142857143;42.68673618490967
2018-03-03;2018;3;Spring;2018;Agricultural;PM25;48.0;47.89734989373007
2018-03-04;2018;3;Spring;2018;Agricultural;PM25;36.23809523809524;36.69500531349628
2018-03-05;2018;3;Spring;2018;Agricultural;PM25;41.90476190476191;42.0105605738576
2018-03-06;2018;3;Spring;2018;Agricultural;PM25;39.95238095238095;39.88076182252922
2018-03-07;2018;3;Spring;2018;Agricultural;PM25;39.80952380952381;39.89955831562168
2018-03-08;2018;3;Spring;2018;Agricultural;PM25;35.04761904761905;35.07601620616366
2018-03-09;2018;3;Spring;2018;Agricultural;PM25;31.857142857142858;31.947163921360254
2018-03-10;2018;3;Spring;2018;Agricultural;PM25;27.761904761904763;27.96909869819341
2018-03-11;2018;3;Spring;2018;Agricultural;PM25;22.80952380952381;22.901567481402765
2018-03-12;2018;3;Spring;2018;Agricultural;PM25;24.571428571428573;24.62420297555792
2018-03-13;2018;3;Spring;2018;Agricultural;PM25;31.904761904761905;32.111832492029755
2018-03-14;2018;3;Spring;2018;Agricultural;PM25;27.285714285714285;27.79139545696068
2018-03-15;2018;3;Spring;2018;Agricultural;PM25;23.857142857142858;24.036563496280557
2018-03-16;2018;3;Spring;2018;Agricultural;PM25;20.23809523809524;20.41197861317747
2018-03-17;2018;3;Spring;2018;Agricultural;PM25;21.857142857142858;21.963502922422958
2018-03-18;2018;3;Spring;2018;Agricultural;PM25;14.714285714285714;14.724960148777896
2018-03-19;2018;3;Spring;2018;Agricultural;PM25;16.0;16.170828905419768
2018-03-20;2018;3;Spring;2018;Agricultural;PM25;21.80952380952381;21.988858262486715
2018-03-21;2018;3;Spring;2018;Agricultural;PM25;23.52380952380953;23.71378520191286
2018-03-22;2018;3;Spring;2018;Agricultural;PM25;22.33333333333333;22.46102882571732
2018-03-23;2018;3;Spring;2018;Agricultural;PM25;29.285714285714285;29.25122874601488
2018-03-24;2018;3;Spring;2018;Agricultural;PM25;21.952380952380956;22.09326846439957
2018-03-25;2018;3;Spring;2018;Agricultural;PM25;25.33333333333333;25.42061304463337
2018-03-26;2018;3;Spring;2018;Agricultural;PM25;38.61904761904762;38.96536264612115
2018-03-27;2018;3;Spring;2018;Agricultural;PM25;45.285714285714285;45.559843251859725
2018-03-28;2018;3;Spring;2018;Agricultural;PM25;38.38095238095238;38.36226421360255
2018-03-29;2018;3;Spring;2018;Agricultural;PM25;31.23809523809524;31.48093783209352
2018-03-30;2018;3;Spring;2018;Agricultural;PM25;24.047619047619047;24.08730738575983
2018-03-31;2018;3;Spring;2018;Agricultural;PM25;16.0;16.086062035069077
2018-04-01;2018;4;Spring;2018;Agricultural;PM25;17.0;17.03475358660999
2018-04-02;2018;4;Spring;2018;Agricultural;PM25;11.19047619047619;11.228629782146651
2018-04-03;2018;4;Spring;2018;Agricultural;PM25;21.047619047619047;21.063595908607866
2018-04-04;2018;4;Spring;2018;Agricultural;PM25;23.0;23.03875531349628
2018-04-05;2018;4;Spring;2018;Agricultural;PM25;30.33333333333333;30.46767069606801
2018-04-06;2018;4;Spring;2018;Agricultural;PM25;31.0;30.9990037194474
2018-04-07;2018;4;Spring;2018;Agricultural;PM25;32.76190476190476;32.82777630180659
2018-04-08;2018;4;Spring;2018;Agricultural;PM25;19.428571428571427;19.430974362380447
2018-04-09;2018;4;Spring;2018;Agricultural;PM25;20.19047619047619;20.47095842189161
2018-04-10;2018;4;Spring;2018;Agricultural;PM25;23.571428571428573;23.702759697130716
2018-04-11;2018;4;Spring;2018;Agricultural;PM25;19.285714285714285;19.23022383103082
2018-04-12;2018;4;Spring;2018;Agricultural;PM25;25.19047619047619;25.232780951115835
2018-04-13;2018;4;Spring;2018;Agricultural;PM25;20.19047619047619;20.342305393198725
2018-04-14;2018;4;Spring;2018;Agricultural;PM25;16.0;16.122077577045697
2018-04-15;2018;4;Spring;2018;Agricultural;PM25;21.666666666666668;21.74169766206164
2018-04-16;2018;4;Spring;2018;Agricultural;PM25;20.38095238095238;20.6288522848034
2018-04-17;2018;4;Spring;2018;Agricultural;PM25;22.142857142857142;22.144460680127523
2018-04-18;2018;4;Spring;2018;Agricultural;PM25;25.61904761904762;25.66352284803401
2018-04-19;2018;4;Spring;2018;Agricultural;PM25;28.80952380952381;28.76300146121148
2018-04-20;2018;4;Spring;2018;Agricultural;PM25;18.571428571428573;18.74259431455898
2018-04-21;2018;4;Spring;2018;Agricultural;PM25;20.714285714285715;20.932402364505844
2018-04-22;2018;4;Spring;2018;Agricultural;PM25;17.38095238095238;17.4908674282678
2018-04-23;2018;4;Spring;2018;Agricultural;PM25;23.476190476190474;23.58928334218916
2018-04-24;2018;4;Spring;2018;Agricultural;PM25;26.904761904761905;26.98296360255048
2018-04-25;2018;4;Spring;2018;Agricultural;PM25;32.42857142857143;32.52500664187035
2018-04-26;2018;4;Spring;2018;Agricultural;PM25;25.904761904761905;26.0209052869288
2018-04-27;2018;4;Spring;2018;Agricultural;PM25;19.714285714285715;19.877092189160468
2018-04-28;2018;4;Spring;2018;Agricultural;PM25;22.714285714285715;22.77552138682253
2018-04-29;2018;4;Spring;2018;Agricultural;PM25;31.09523809523809;31.052288124335814
2018-04-30;2018;4;Spring;2018;Agricultural;PM25;16.714285714285715;16.907428931987248
2018-05-01;2018;5;Spring;2018;Agricultural;PM25;7.523809523809524;7.589499202975558
2018-05-02;2018;5;Spring;2018;Agricultural;PM25;17.095238095238095;17.15644925611052
2018-05-03;2018;5;Spring;2018;Agricultural;PM25;34.19047619047619;34.277065621679064
2018-05-04;2018;5;Spring;2018;Agricultural;PM25;29.428571428571427;29.41123140276302
2018-05-05;2018;5;Spring;2018;Agricultural;PM25;33.57142857142857;33.5642102816153
2018-05-06;2018;5;Spring;2018;Agricultural;PM25;30.761904761904763;30.71219115302869
2018-05-07;2018;5;Spring;2018;Agricultural;PM25;21.142857142857142;21.205267003188094
2018-05-08;2018;5;Spring;2018;Agricultural;PM25;19.047619047619047;19.09966126461212
2018-05-09;2018;5;Spring;2018;Agricultural;PM25;14.523809523809524;14.523146918172158
2018-05-10;2018;5;Spring;2018;Agricultural;PM25;13.285714285714286;13.39630379914984
2018-05-11;2018;5;Spring;2018;Agricultural;PM25;19.23809523809524;19.31450916578108
2018-05-12;2018;5;Spring;2018;Agricultural;PM25;17.714285714285715;17.63514545696068
2018-05-13;2018;5;Spring;2018;Agricultural;PM25;15.333333333333334;15.51313429861849
2018-05-14;2018;5;Spring;2018;Agricultural;PM25;10.0;10.0
2018-05-15;2018;5;Spring;2018;Agricultural;PM25;8.238095238095237;8.266554861849096
2018-05-16;2018;5;Spring;2018;Agricultural;PM25;13.523809523809524;13.636839133900107
2018-05-17;2018;5;Spring;2018;Agricultural;PM25;13.523809523809524;13.786978613177473
2018-05-18;2018;5;Spring;2018;Agricultural;PM25;13.857142857142858;13.8442481402763
2018-05-19;2018;5;Spring;2018;Agricultural;PM25;13.761904761904765;13.795214532412327
2018-05-20;2018;5;Spring;2018;Agricultural;PM25;10.952380952380953;10.93789851222104
2018-05-21;2018;5;Spring;2018;Agricultural;PM25;12.095238095238097;12.0884697130712
2018-05-22;2018;5;Spring;2018;Agricultural;PM25;15.952380952380953;16.101022848034006
2018-05-23;2018;5;Spring;2018;Agricultural;PM25;25.714285714285715;25.78413921360255
2018-05-24;2018;5;Spring;2018;Agricultural;PM25;27.33333333333333;27.43519195005313
2018-05-25;2018;5;Spring;2018;Agricultural;PM25;24.571428571428573;24.718583953241232
2018-05-26;2018;5;Spring;2018;Agricultural;PM25;34.61904761904762;34.81083953241233
2018-05-27;2018;5;Spring;2018;Agricultural;PM25;31.428571428571427;31.29981402763018
2018-05-28;2018;5;Spring;2018;Agricultural;PM25;23.428571428571427;23.36724561636557
2018-05-29;2018;5;Spring;2018;Agricultural;PM25;33.523809523809526;33.59267069606801
2018-05-30;2018;5;Spring;2018;Agricultural;PM25;41.095238095238095;41.155253719447394
2018-05-31;2018;5;Spring;2018;Agricultural;PM25;39.61904761904762;39.60283275770457
2018-06-01;2018;6;Summer;2018;Agricultural;PM25;22.904761904761905;22.943710148777896
2018-06-02;2018;6;Summer;2018;Agricultural;PM25;17.047619047619047;17.1360587141339
2018-06-03;2018;6;Summer;2018;Agricultural;PM25;19.52380952380953;19.662493358129648
2018-06-04;2018;6;Summer;2018;Agricultural;PM25;25.33333333333333;25.421327045696067
2018-06-05;2018;6;Summer;2018;Agricultural;PM25;23.571428571428573;23.74609790116897
2018-06-06;2018;6;Summer;2018;Agricultural;PM25;20.666666666666668;20.572529224229545
2018-06-07;2018;6;Summer;2018;Agricultural;PM25;21.476190476190474;21.57329303931987
2018-06-08;2018;6;Summer;2018;Agricultural;PM25;14.047619047619047;14.4766704303932
2018-06-09;2018;6;Summer;2018;Agricultural;PM25;27.09523809523809;27.14910998937301
2018-06-10;2018;6;Summer;2018;Agricultural;PM25;23.142857142857142;23.268447794899043
2018-06-11;2018;6;Summer;2018;Agricultural;PM25;27.61904761904762;27.529606137088205
2018-06-12;2018;6;Summer;2018;Agricultural;PM25;40.19047619047619;40.19190023910733
2018-06-13;2018;6;Summer;2018;Agricultural;PM25;27.904761904761905;27.960348034006376
2018-06-14;2018;6;Summer;2018;Agricultural;PM25;12.095238095238097;12.330067747077576
2018-06-15;2018;6;Summer;2018;Agricultural;PM25;10.38095238095238;10.495599760892668
2018-06-16;2018;6;Summer;2018;Agricultural;PM25;11.714285714285714;11.6771552869288
2018-06-17;2018;6;Summer;2018;Agricultural;PM25;11.285714285714286;11.416976620616364
2018-06-18;2018;6;Summer;2018;Agricultural;PM25;9.238095238095235;9.251793304994688
2018-06-19;2018;6;Summer;2018;Agricultural;PM25;10.142857142857142;10.149740967056324
2018-06-20;2018;6;Summer;2018;Agricultural;PM25;9.19047619047619;9.169102019128587
2018-06-21;2018;6;Summer;2018;Agricultural;PM25;12.142857142857142;12.39240170031881
2018-06-22;2018;6;Summer;2018;Agricultural;PM25;8.142857142857142;8.240900637619553
2018-06-23;2018;6;Summer;2018;Agricultural;PM25;3.952380952380953;3.9782644792773647
2018-06-24;2018;6;Summer;2018;Agricultural;PM25;6.0;6.0
2018-06-25;2018;6;Summer;2018;Agricultural;PM25;5.619047619047619;5.718899442082891
2018-06-26;2018;6;Summer;2018;Agricultural;PM25;5.238095238095238;5.35841192879915
2018-06-27;2018;6;Summer;2018;Agricultural;PM25;7.666666666666667;7.763665648246546
2018-06-28;2018;6;Summer;2018;Agricultural;PM25;7.285714285714286;7.414170430393199
2018-06-29;2018;6;Summer;2018;Agricultural;PM25;10.523809523809524;10.640458953241232
2018-06-30;2018;6;Summer;2018;Agricultural;PM25;12.0;12.039934245483527
2018-07-01;2018;7;Summer;2018;Agricultural;PM25;10.0;10.055874734325188
2018-07-02;2018;7;Summer;2018;Agricultural;PM25;10.047619047619047;10.116913522848034
2018-07-03;2018;7;Summer;2018;Agricultural;PM25;15.952380952380953;16.044517136025505
2018-07-04;2018;7;Summer;2018;Agricultural;PM25;16.333333333333332;16.489638682252924
2018-07-05;2018;7;Summer;2018;Agricultural;PM25;14.571428571428571;14.65965395855473
2018-07-06;2018;7;Summer;2018;Agricultural;PM25;13.904761904761903;13.998090462274176
2018-07-07;2018;7;Summer;2018;Agricultural;PM25;9.523809523809524;9.543205366631245
2018-07-08;2018;7;Summer;2018;Agricultural;PM25;9.0;8.997907810839532
2018-07-09;2018;7;Summer;2018;Agricultural;PM25;6.0;6.0
2018-07-10;2018;7;Summer;2018;Agricultural;PM25;8.285714285714286;8.233494952178534
2018-07-11;2018;7;Summer;2018;Agricultural;PM25;10.095238095238097;10.19571931455898
2018-07-12;2018;7;Summer;2018;Agricultural;PM25;11.857142857142858;11.892933049946866
2018-07-13;2018;7;Summer;2018;Agricultural;PM25;12.904761904761903;12.959766870350691
2018-07-14;2018;7;Summer;2018;Agricultural;PM25;16.952380952380953;16.925046493092456
2018-07-15;2018;7;Summer;2018;Agricultural;PM25;13.904761904761903;13.93207027098831
2018-07-16;2018;7;Summer;2018;Agricultural;PM25;12.61904761904762;12.57096838469713
2018-07-17;2018;7;Summer;2018;Agricultural;PM25;14.19047619047619;14.22052670031881
2018-07-18;2018;7;Summer;2018;Agricultural;PM25;14.238095238095235;14.340179994686505
2018-07-19;2018;7;Summer;2018;Agricultural;PM25;14.61904761904762;14.515957093517535
2018-07-20;2018;7;Summer;2018;Agricultural;PM25;18.285714285714285;18.30549282678002
2018-07-21;2018;7;Summer;2018;Agricultural;PM25;13.904761904761903;13.840561902231668
2018-07-22;2018;7;Summer;2018;Agricultural;PM25;11.238095238095235;11.206861052072265
2018-07-23;2018;7;Summer;2018;Agricultural;PM25;7.904761904761905;7.883285733262487
2018-07-24;2018;7;Summer;2018;Agricultural;PM25;9.523809523809524;9.551109192348566
2018-07-25;2018;7;Summer;2018;Agricultural;PM25;14.047619047619047;14.099926939426142
2018-07-26;2018;7;Summer;2018;Agricultural;PM25;19.047619047619047;18.95398844314559
2018-07-27;2018;7;Summer;2018;Agricultural;PM25;13.38095238095238;13.321466524973433
2018-07-28;2018;7;Summer;2018;Agricultural;PM25;14.952380952380953;14.952743092454837
2018-07-29;2018;7;Summer;2018;Agricultural;PM25;12.952380952380953;12.801889612114772
2018-07-30;2018;7;Summer;2018;Agricultural;PM25;13.095238095238097;13.29033275770457
2018-07-31;2018;7;Summer;2018;Agricultural;PM25;14.80952380952381;14.992776965993624
2018-08-01;2018;8;Summer;2018;Agricultural;PM25;18.047619047619047;18.000315488841657
2018-08-02;2018;8;Summer;2018;Agricultural;PM25;12.0;12.0
2018-08-03;2018;8;Summer;2018;Agricultural;PM25;14.142857142857142;14.146884962805526
2018-08-04;2018;8;Summer;2018;Agricultural;PM25;13.857142857142858;13.87631176939426
2018-08-05;2018;8;Summer;2018;Agricultural;PM25;14.333333333333334;14.367561105207226
2018-08-06;2018;8;Summer;2018;Agricultural;PM25;18.571428571428573;18.518929330499468
2018-08-07;2018;8;Summer;2018;Agricultural;PM25;18.09523809523809;18.185706695005315
2018-08-08;2018;8;Summer;2018;Agricultural;PM25;16.80952380952381;16.73664984059511
2018-08-09;2018;8;Summer;2018;Agricultural;PM25;13.666666666666666;13.71341989904357
2018-08-10;2018;8;Summer;2018;Agricultural;PM25;18.52380952380953;18.5829071466525
2018-08-11;2018;8;Summer;2018;Agricultural;PM25;22.80952380952381;22.74128254516472
2018-08-12;2018;8;Summer;2018;Agricultural;PM25;15.428571428571429;15.448293039319871
2018-08-13;2018;8;Summer;2018;Agricultural;PM25;10.857142857142858;10.906847768331565
2018-08-14;2018;8;Summer;2018;Agricultural;PM25;9.61904761904762;9.74908674282678
2018-08-15;2018;8;Summer;2018;Agricultural;PM25;7.428571428571429;7.473548751328374
2018-08-16;2018;8;Summer;2018;Agricultural;PM25;6.380952380952381;6.38403294367694
2018-08-17;2018;8;Summer;2018;Agricultural;PM25;13.857142857142858;13.858179463336876
2018-08-18;2018;8;Summer;2018;Agricultural;PM25;12.761904761904765;12.750581163655683
2018-08-19;2018;8;Summer;2018;Agricultural;PM25;10.285714285714286;10.379948193411265
2018-08-20;2018;8;Summer;2018;Agricultural;PM25;8.619047619047619;8.545878719447396
2018-08-21;2018;8;Summer;2018;Agricultural;PM25;8.952380952380953;8.978347502656748
2018-08-22;2018;8;Summer;2018;Agricultural;PM25;11.285714285714286;11.213453108395324
2018-08-23;2018;8;Summer;2018;Agricultural;PM25;12.476190476190476;12.53804131243358
2018-08-24;2018;8;Summer;2018;Agricultural;PM25;15.0;14.95956761424017
2018-08-25;2018;8;Summer;2018;Agricultural;PM25;11.952380952380953;11.988908076514347
2018-08-26;2018;8;Summer;2018;Agricultural;PM25;5.857142857142857;5.826730207226355
2018-08-27;2018;8;Summer;2018;Agricultural;PM25;4.142857142857143;4.173269792773645
2018-08-28;2018;8;Summer;2018;Agricultural;PM25;10.666666666666666;10.775305526036131
2018-08-29;2018;8;Summer;2018;Agricultural;PM25;12.142857142857142;12.195470244420829
2018-08-30;2018;8;Summer;2018;Agricultural;PM25;17.38095238095238;17.41785666843783
2018-08-31;2018;8;Summer;2018;Agricultural;PM25;14.047619047619047;13.996463204038257
2018-09-01;2018;9;Autumn;2018;Agricultural;PM25;10.142857142857142;10.235620350690754
2018-09-02;2018;9;Autumn;2018;Agricultural;PM25;9.714285714285714;9.756326381509034
2018-09-03;2018;9;Autumn;2018;Agricultural;PM25;11.523809523809524;11.723532146652497
2018-09-04;2018;9;Autumn;2018;Agricultural;PM25;16.476190476190474;16.64482598299681
2018-09-05;2018;9;Autumn;2018;Agricultural;PM25;22.09523809523809;22.325966392136024
2018-09-06;2018;9;Autumn;2018;Agricultural;PM25;28.714285714285715;28.87123073857598
2018-09-07;2018;9;Autumn;2018;Agricultural;PM25;28.61904761904762;28.86819208289054
2018-09-08;2018;9;Autumn;2018;Agricultural;PM25;26.80952380952381;26.82689625398512
2018-09-09;2018;9;Autumn;2018;Agricultural;PM25;26.285714285714285;26.216408740701382
2018-09-10;2018;9;Autumn;2018;Agricultural;PM25;39.71428571428572;39.81567149309245
2018-09-11;2018;9;Autumn;2018;Agricultural;PM25;45.19047619047619;45.40000664187035
2018-09-12;2018;9;Autumn;2018;Agricultural;PM25;47.47619047619048;47.64932585015941
2018-09-13;2018;9;Autumn;2018;Agricultural;PM25;46.095238095238095;46.19801075982997
2018-09-14;2018;9;Autumn;2018;Agricultural;PM25;39.095238095238095;39.146453241232734
2018-09-15;2018;9;Autumn;2018;Agricultural;PM25;43.85714285714285;43.894244819341125
2018-09-16;2018;9;Autumn;2018;Agricultural;PM25;30.428571428571427;30.45154755579171
2018-09-17;2018;9;Autumn;2018;Agricultural;PM25;29.571428571428573;29.560125531349627
2018-09-18;2018;9;Autumn;2018;Agricultural;PM25;29.714285714285715;29.86912194473964
2018-09-19;2018;9;Autumn;2018;Agricultural;PM25;33.61904761904762;33.89701780021254
2018-09-20;2018;9;Autumn;2018;Agricultural;PM25;29.952380952380956;30.00184311902232
2018-09-21;2018;9;Autumn;2018;Agricultural;PM25;29.714285714285715;29.71185905951116
2018-09-22;2018;9;Autumn;2018;Agricultural;PM25;32.23809523809524;32.210879383634435
2018-09-23;2018;9;Autumn;2018;Agricultural;PM25;20.80952380952381;20.864771519659936
2018-09-24;2018;9;Autumn;2018;Agricultural;PM25;12.333333333333334;12.46053068544102
2018-09-25;2018;9;Autumn;2018;Agricultural;PM25;5.714285714285714;5.846356934112646
2018-09-26;2018;9;Autumn;2018;Agricultural;PM25;9.285714285714286;9.336311105207226
2018-09-27;2018;9;Autumn;2018;Agricultural;PM25;21.904761904761905;22.018148910733263
2018-09-28;2018;9;Autumn;2018;Agricultural;PM25;44.142857142857146;43.9235188629118
2018-09-29;2018;9;Autumn;2018;Agricultural;PM25;20.52380952380953;20.48734723698193
2018-09-30;2018;9;Autumn;2018;Agricultural;PM25;11.714285714285714;11.749983395324124
2018-10-01;2018;10;Autumn;2018;Agricultural;PM25;14.571428571428571;14.657395722635494
2018-10-02;2018;10;Autumn;2018;Agricultural;PM25;11.666666666666666;11.75735587141339
2018-10-03;2018;10;Autumn;2018;Agricultural;PM25;13.285714285714286;13.593965860786398
2018-10-04;2018;10;Autumn;2018;Agricultural;PM25;16.047619047619047;16.062516604675878
2018-10-05;2018;10;Autumn;2018;Agricultural;PM25;13.523809523809524;13.627457492029755
2018-10-06;2018;10;Autumn;2018;Agricultural;PM25;21.33333333333333;21.49830632306057
2018-10-07;2018;10;Autumn;2018;Agricultural;PM25;28.142857142857142;28.249435441020196
2018-10-08;2018;10;Autumn;2018;Agricultural;PM25;26.666666666666668;26.831910866099893
2018-10-09;2018;10;Autumn;2018;Agricultural;PM25;26.80952380952381;26.926873007438896
2018-10-10;2018;10;Autumn;2018;Agricultural;PM25;25.047619047619047;25.14153825717322
2018-10-11;2018;10;Autumn;2018;Agricultural;PM25;22.857142857142858;22.856020855472902
2018-10-12;2018;10;Autumn;2018;Agricultural;PM25;29.761904761904763;29.90148445802338
2018-10-13;2018;10;Autumn;2018;Agricultural;PM25;31.61904761904762;31.667889877789584
2018-10-14;2018;10;Autumn;2018;Agricultural;PM25;25.047619047619047;25.0834052869288
2018-10-15;2018;10;Autumn;2018;Agricultural;PM25;24.952380952380956;24.9773844314559
2018-10-16;2018;10;Autumn;2018;Agricultural;PM25;25.09523809523809;25.01763416578108
2018-10-17;2018;10;Autumn;2018;Agricultural;PM25;25.761904761904763;25.726388150903293
2018-10-18;2018;10;Autumn;2018;Agricultural;PM25;28.571428571428573;28.72753387353879
2018-10-19;2018;10;Autumn;2018;Agricultural;PM25;24.80952380952381;24.841093251859725
2018-10-20;2018;10;Autumn;2018;Agricultural;PM25;29.0;29.158707492029755
2018-10-21;2018;10;Autumn;2018;Agricultural;PM25;29.714285714285715;29.860902630180657
2018-10-22;2018;10;Autumn;2018;Agricultural;PM25;9.666666666666666;9.678483660998936
2018-10-23;2018;10;Autumn;2018;Agricultural;PM25;14.80952380952381;15.070951780021254
2018-10-24;2018;10;Autumn;2018;Agricultural;PM25;13.61904761904762;13.740336078639745
2018-10-25;2018;10;Autumn;2018;Agricultural;PM25;18.23809523809524;18.376344978746012
2018-10-26;2018;10;Autumn;2018;Agricultural;PM25;13.142857142857142;13.262403692879914
2018-10-27;2018;10;Autumn;2018;Agricultural;PM25;16.61904761904762;16.754284006376196
2018-10-28;2018;10;Autumn;2018;Agricultural;PM25;11.952380952380953;11.99096705632306
2018-10-29;2018;10;Autumn;2018;Agricultural;PM25;42.095238095238095;42.04843583953241
2018-10-30;2018;10;Autumn;2018;Agricultural;PM25;21.09523809523809;20.92410002656748
2018-10-31;2018;10;Autumn;2018;Agricultural;PM25;10.047619047619047;10.144875797024442
2018-11-01;2018;11;Autumn;2018;Agricultural;PM25;17.476190476190474;17.946499734325187
2018-11-02;2018;11;Autumn;2018;Agricultural;PM25;27.047619047619047;27.522997476089262
2018-11-03;2018;11;Autumn;2018;Agricultural;PM25;32.095238095238095;32.61455565887354
2018-11-04;2018;11;Autumn;2018;Agricultural;PM25;29.857142857142858;30.344065488841657
2018-11-05;2018;11;Autumn;2018;Agricultural;PM25;20.714285714285715;20.86546891604676
2018-11-06;2018;11;Autumn;2018;Agricultural;PM25;17.142857142857142;17.282628188097767
2018-11-07;2018;11;Autumn;2018;Agricultural;PM25;16.238095238095237;16.71556190223167
2018-11-08;2018;11;Autumn;2018;Agricultural;PM25;14.904761904761903;15.438894792773644
2018-11-09;2018;11;Autumn;2018;Agricultural;PM25;25.571428571428573;26.01452909139213
2018-11-10;2018;11;Autumn;2018;Agricultural;PM25;27.952380952380956;28.434145855472902
2018-11-11;2018;11;Autumn;2018;Agricultural;PM25;20.09523809523809;20.59600823591924
2018-11-12;2018;11;Autumn;2018;Agricultural;PM25;19.761904761904763;19.984922954303933
2018-11-13;2018;11;Autumn;2018;Agricultural;PM25;20.33333333333333;20.669118623804465
2018-11-14;2018;11;Autumn;2018;Agricultural;PM25;24.904761904761905;25.21657478746015
2018-11-15;2018;11;Autumn;2018;Agricultural;PM25;30.09523809523809;30.630712008501597
2018-11-16;2018;11;Autumn;2018;Agricultural;PM25;19.80952380952381;20.03613177470776
2018-11-17;2018;11;Autumn;2018;Agricultural;PM25;15.952380952380953;16.389678533475028
2018-11-18;2018;11;Autumn;2018;Agricultural;PM25;15.952380952380953;16.603148246546226
2018-11-19;2018;11;Autumn;2018;Agricultural;PM25;22.857142857142858;23.139877789585547
2018-11-20;2018;11;Autumn;2018;Agricultural;PM25;17.857142857142858;18.3699355738576
2018-11-21;2018;11;Autumn;2018;Agricultural;PM25;23.61904761904762;23.7910965727949
2018-11-22;2018;11;Autumn;2018;Agricultural;PM25;30.0;30.640658209351752
2018-11-23;2018;11;Autumn;2018;Agricultural;PM25;41.285714285714285;41.60260029224229
2018-11-24;2018;11;Autumn;2018;Agricultural;PM25;17.761904761904763;18.166976620616367
2018-11-25;2018;11;Autumn;2018;Agricultural;PM25;29.142857142857142;29.5170530021254
2018-11-26;2018;11;Autumn;2018;Agricultural;PM25;21.38095238095238;21.695038522848037
2018-11-27;2018;11;Autumn;2018;Agricultural;PM25;35.857142857142854;36.103447130712006
2018-11-28;2018;11;Autumn;2018;Agricultural;PM25;25.714285714285715;26.246363575983
2018-11-29;2018;11;Autumn;2018;Agricultural;PM25;26.0;26.66006907545165
2018-11-30;2018;11;Autumn;2018;Agricultural;PM25;27.61904761904762;28.18446134431456
2018-12-01;2018;12;Winter;2019;Agricultural;PM25;44.66666666666666;45.96041445270989
2018-12-02;2018;12;Winter;2019;Agricultural;PM25;49.47619047619048;50.39791445270989
2018-12-03;2018;12;Winter;2019;Agricultural;PM25;50.333333333333336;51.17592654091392
2018-12-04;2018;12;Winter;2019;Agricultural;PM25;45.38095238095238;46.18932651434644
2018-12-05;2018;12;Winter;2019;Agricultural;PM25;30.857142857142858;31.66843783209352
2018-12-06;2018;12;Winter;2019;Agricultural;PM25;33.42857142857143;34.26730207226355
2018-12-07;2018;12;Winter;2019;Agricultural;PM25;39.61904761904762;40.563695536663126
2018-12-08;2018;12;Winter;2019;Agricultural;PM25;25.476190476190474;26.183714133900107
2018-12-09;2018;12;Winter;2019;Agricultural;PM25;20.23809523809524;20.856884298618493
2018-12-10;2018;12;Winter;2019;Agricultural;PM25;9.285714285714286;9.668554064824654
2018-12-11;2018;12;Winter;2019;Agricultural;PM25;11.714285714285714;12.369005712008502
2018-12-12;2018;12;Winter;2019;Agricultural;PM25;18.476190476190474;19.161513682252924
2018-12-13;2018;12;Winter;2019;Agricultural;PM25;22.09523809523809;22.82501992561105
2018-12-14;2018;12;Winter;2019;Agricultural;PM25;27.38095238095238;28.108843650371945
2018-12-15;2018;12;Winter;2019;Agricultural;PM25;36.85714285714285;38.07269527098831
2018-12-16;2018;12;Winter;2019;Agricultural;PM25;36.80952380952381;38.39869487247609
2018-12-17;2018;12;Winter;2019;Agricultural;PM25;40.85714285714285;41.38062898512221
2018-12-18;2018;12;Winter;2019;Agricultural;PM25;33.23809523809524;34.10829569606801
2018-12-19;2018;12;Winter;2019;Agricultural;PM25;41.0;41.98920696068013
2018-12-20;2018;12;Winter;2019;Agricultural;PM25;33.904761904761905;34.35291578108395
2018-12-21;2018;12;Winter;2019;Agricultural;PM25;31.0;31.58564691817216
2018-12-22;2018;12;Winter;2019;Agricultural;PM25;28.0;28.99048552072264
2018-12-23;2018;12;Winter;2019;Agricultural;PM25;30.666666666666668;32.32375797024442
2018-12-24;2018;12;Winter;2019;Agricultural;PM25;25.23809523809524;25.869188363443147
2018-12-25;2018;12;Winter;2019;Agricultural;PM25;24.666666666666668;25.7843882837407
2018-12-26;2018;12;Winter;2019;Agricultural;PM25;26.285714285714285;26.84106004250797
2018-12-27;2018;12;Winter;2019;Agricultural;PM25;28.428571428571427;29.12322329968119
2018-12-28;2018;12;Winter;2019;Agricultural;PM25;31.904761904761905;32.743573990435706
2018-12-29;2018;12;Winter;2019;Agricultural;PM25;50.523809523809526;51.39102351222104
2018-12-30;2018;12;Winter;2019;Agricultural;PM25;45.04761904761905;45.13786862380447
2018-12-31;2018;12;Winter;2019;Agricultural;PM25;32.095238095238095;32.878619819341125
2019-01-01;2019;1;Winter;2019;Agricultural;PM25;38.90476190476191;39.54340049581552
2019-01-02;2019;1;Winter;2019;Agricultural;PM25;19.857142857142858;20.27697452706188
2019-01-03;2019;1;Winter;2019;Agricultural;PM25;12.238095238095235;12.493036953230288
2019-01-04;2019;1;Winter;2019;Agricultural;PM25;22.857142857142858;23.48300417616425
2019-01-05;2019;1;Winter;2019;Agricultural;PM25;31.904761904761905;32.53419962397884
2019-01-06;2019;1;Winter;2019;Agricultural;PM25;28.761904761904763;29.07648536678701
2019-01-07;2019;1;Winter;2019;Agricultural;PM25;48.76190476190476;48.98635675423856
2019-01-08;2019;1;Winter;2019;Agricultural;PM25;37.23809523809524;37.81857810758199
2019-01-09;2019;1;Winter;2019;Agricultural;PM25;23.0;23.254013942731643
2019-01-10;2019;1;Winter;2019;Agricultural;PM25;12.666666666666666;12.95474435552302
2019-01-11;2019;1;Winter;2019;Agricultural;PM25;17.761904761904763;18.46117498294594
2019-01-12;2019;1;Winter;2019;Agricultural;PM25;33.57142857142857;34.56366570720264
2019-01-13;2019;1;Winter;2019;Agricultural;PM25;35.333333333333336;35.99800342744955
2019-01-14;2019;1;Winter;2019;Agricultural;PM25;16.761904761904763;17.000565695555963
2019-01-15;2019;1;Winter;2019;Agricultural;PM25;14.095238095238097;14.596376220820924
2019-01-16;2019;1;Winter;2019;Agricultural;PM25;22.80952380952381;23.36518975758281
2019-01-17;2019;1;Winter;2019;Agricultural;PM25;22.761904761904763;23.65722176929604
2019-01-18;2019;1;Winter;2019;Agricultural;PM25;30.428571428571427;30.78726519474901
2019-01-19;2019;1;Winter;2019;Agricultural;PM25;12.285714285714286;13.235296075071128
2019-01-20;2019;1;Winter;2019;Agricultural;PM25;30.33333333333333;31.21850822754272
2019-01-21;2019;1;Winter;2019;Agricultural;PM25;40.95238095238095;41.23860705788397
2019-01-22;2019;1;Winter;2019;Agricultural;PM25;47.80952380952381;48.01061511072658
2019-01-23;2019;1;Winter;2019;Agricultural;PM25;29.952380952380956;30.28369632131508
2019-01-24;2019;1;Winter;2019;Agricultural;PM25;28.476190476190474;29.020065554132074
2019-01-25;2019;1;Winter;2019;Agricultural;PM25;28.761904761904763;29.506780027619254
2019-01-26;2019;1;Winter;2019;Agricultural;PM25;42.95238095238095;43.55780909438797
2019-01-27;2019;1;Winter;2019;Agricultural;PM25;38.85714285714285;39.4980616608156
2019-01-28;2019;1;Winter;2019;Agricultural;PM25;28.09523809523809;28.27933713791325
2019-01-29;2019;1;Winter;2019;Agricultural;PM25;23.38095238095238;23.86361745669933
2019-01-30;2019;1;Winter;2019;Agricultural;PM25;23.047619047619047;23.19245295575928
2019-01-31;2019;1;Winter;2019;Agricultural;PM25;25.19047619047619;25.672129511006105
2019-02-01;2019;2;Winter;2019;Agricultural;PM25;23.904761904761905;24.37083007503785
2019-02-02;2019;2;Winter;2019;Agricultural;PM25;19.571428571428573;19.85050663028468
2019-02-03;2019;2;Winter;2019;Agricultural;PM25;21.904761904761905;22.496248107415603
2019-02-04;2019;2;Winter;2019;Agricultural;PM25;16.666666666666668;16.958970434088148
2019-02-05;2019;2;Winter;2019;Agricultural;PM25;30.571428571428573;30.87434903415803
2019-02-06;2019;2;Winter;2019;Agricultural;PM25;41.90476190476191;42.10906277556861
2019-02-07;2019;2;Winter;2019;Agricultural;PM25;40.57142857142857;40.82777897941867
2019-02-08;2019;2;Winter;2019;Agricultural;PM25;43.47619047619048;43.83045771425719
2019-02-09;2019;2;Winter;2019;Agricultural;PM25;44.04761904761905;44.12516846080894
2019-02-10;2019;2;Winter;2019;Agricultural;PM25;49.61904761904762;49.95184932532486
2019-02-11;2019;2;Winter;2019;Agricultural;PM25;20.142857142857142;20.37084671314244
2019-02-12;2019;2;Winter;2019;Agricultural;PM25;11.80952380952381;12.1433206329135
2019-02-13;2019;2;Winter;2019;Agricultural;PM25;19.0;19.23968853468213
2019-02-14;2019;2;Winter;2019;Agricultural;PM25;33.23809523809524;33.56842420511455
2019-02-15;2019;2;Winter;2019;Agricultural;PM25;46.66666666666666;46.71833352744456
2019-02-16;2019;2;Winter;2019;Agricultural;PM25;51.57142857142857;51.95199906826614
2019-02-17;2019;2;Winter;2019;Agricultural;PM25;64.47619047619048;64.85819343460393
2019-02-18;2019;2;Winter;2019;Agricultural;PM25;34.61904761904762;35.02063124968804
2019-02-19;2019;2;Winter;2019;Agricultural;PM25;31.952380952380956;32.24694274828212
2019-02-20;2019;2;Winter;2019;Agricultural;PM25;34.38095238095238;35.004375821506414
2019-02-21;2019;2;Winter;2019;Agricultural;PM25;49.95238095238095;50.55859108530356
2019-02-22;2019;2;Winter;2019;Agricultural;PM25;36.095238095238095;36.45247325424688
2019-02-23;2019;2;Winter;2019;Agricultural;PM25;23.19047619047619;23.517029100044923
2019-02-24;2019;2;Winter;2019;Agricultural;PM25;19.476190476190474;19.798262981881106
2019-02-25;2019;2;Winter;2019;Agricultural;PM25;27.09523809523809;27.45887892451292
2019-02-26;2019;2;Winter;2019;Agricultural;PM25;36.333333333333336;36.8207576992829
2019-02-27;2019;2;Winter;2019;Agricultural;PM25;38.47619047619048;38.54291799078249
2019-02-28;2019;2;Winter;2019;Agricultural;PM25;36.333333333333336;36.70527261534366
2019-03-01;2019;3;Spring;2019;Agricultural;PM25;34.19047619047619;34.59900504134569
2019-03-02;2019;3;Spring;2019;Agricultural;PM25;39.47619047619048;39.74986273563716
2019-03-03;2019;3;Spring;2019;Agricultural;PM25;42.85714285714285;42.79932782057468
2019-03-04;2019;3;Spring;2019;Agricultural;PM25;31.23809523809524;31.28164983445086
2019-03-05;2019;3;Spring;2019;Agricultural;PM25;16.666666666666668;16.81205597058383
2019-03-06;2019;3;Spring;2019;Agricultural;PM25;23.571428571428573;23.67309452107216
2019-03-07;2019;3;Spring;2019;Agricultural;PM25;21.80952380952381;21.95579255611201
2019-03-08;2019;3;Spring;2019;Agricultural;PM25;19.714285714285715;19.783055754288476
2019-03-09;2019;3;Spring;2019;Agricultural;PM25;18.09523809523809;18.151639685207066
2019-03-10;2019;3;Spring;2019;Agricultural;PM25;16.761904761904763;16.949104038067983
2019-03-11;2019;3;Spring;2019;Agricultural;PM25;10.571428571428571;10.5819343460393
2019-03-12;2019;3;Spring;2019;Agricultural;PM25;9.523809523809524;9.628421210255729
2019-03-13;2019;3;Spring;2019;Agricultural;PM25;16.38095238095238;16.572750112307205
2019-03-14;2019;3;Spring;2019;Agricultural;PM25;21.476190476190474;21.47333743739913
2019-03-15;2019;3;Spring;2019;Agricultural;PM25;15.285714285714286;15.383841072824984
2019-03-16;2019;3;Spring;2019;Agricultural;PM25;20.80952380952381;20.90524599437632
2019-03-17;2019;3;Spring;2019;Agricultural;PM25;28.047619047619047;28.191787431575797
2019-03-18;2019;3;Spring;2019;Agricultural;PM25;12.761904761904765;12.890571186130476
2019-03-19;2019;3;Spring;2019;Agricultural;PM25;14.80952380952381;14.94657504617074
2019-03-20;2019;3;Spring;2019;Agricultural;PM25;15.952380952380953;16.013110826414653
2019-03-21;2019;3;Spring;2019;Agricultural;PM25;19.571428571428573;19.685922499708838
2019-03-22;2019;3;Spring;2019;Agricultural;PM25;30.952380952380956;31.07958005424022
2019-03-23;2019;3;Spring;2019;Agricultural;PM25;31.33333333333333;31.388233532435983
2019-03-24;2019;3;Spring;2019;Agricultural;PM25;37.71428571428572;37.79214015939304
2019-03-25;2019;3;Spring;2019;Agricultural;PM25;31.571428571428573;31.55885729497696
2019-03-26;2019;3;Spring;2019;Agricultural;PM25;9.142857142857142;9.279104204449029
2019-03-27;2019;3;Spring;2019;Agricultural;PM25;13.523809523809524;13.612465267956674
2019-03-28;2019;3;Spring;2019;Agricultural;PM25;16.952380952380953;17.089463088364973
2019-03-29;2019;3;Spring;2019;Agricultural;PM25;22.38095238095238;22.48844483636424
2019-03-30;2019;3;Spring;2019;Agricultural;PM25;24.23809523809524;24.320466532452624
2019-03-31;2019;3;Spring;2019;Agricultural;PM25;35.142857142857146;35.20070545563449
2019-04-01;2019;4;Spring;2019;Agricultural;PM25;30.904761904761905;30.953712793038616
2019-04-02;2019;4;Spring;2019;Agricultural;PM25;21.52380952380953;21.61068499076585
2019-04-03;2019;4;Spring;2019;Agricultural;PM25;17.428571428571427;17.607240903116317
2019-04-04;2019;4;Spring;2019;Agricultural;PM25;14.238095238095235;14.35128030214798
2019-04-05;2019;4;Spring;2019;Agricultural;PM25;10.714285714285714;10.928772274262515
2019-04-06;2019;4;Spring;2019;Agricultural;PM25;23.38095238095238;23.372260952032345
2019-04-07;2019;4;Spring;2019;Agricultural;PM25;19.33333333333333;19.45320533084871
2019-04-08;2019;4;Spring;2019;Agricultural;PM25;18.952380952380956;19.124053707801608
2019-04-09;2019;4;Spring;2019;Agricultural;PM25;24.047619047619047;24.170407467181334
2019-04-10;2019;4;Spring;2019;Agricultural;PM25;20.571428571428573;20.688684425070296
2019-04-11;2019;4;Spring;2019;Agricultural;PM25;21.52380952380953;21.695905362461108
2019-04-12;2019;4;Spring;2019;Agricultural;PM25;21.761904761904763;21.85899206362411
2019-04-13;2019;4;Spring;2019;Agricultural;PM25;22.0;22.081094121757648
2019-04-14;2019;4;Spring;2019;Agricultural;PM25;22.047619047619047;22.11784769479061
2019-04-15;2019;4;Spring;2019;Agricultural;PM25;18.52380952380953;18.620900786982347
2019-04-16;2019;4;Spring;2019;Agricultural;PM25;21.52380952380953;21.65963429446117
2019-04-17;2019;4;Spring;2019;Agricultural;PM25;31.23809523809524;31.276408831505915
2019-04-18;2019;4;Spring;2019;Agricultural;PM25;24.142857142857142;24.16495016887676
2019-04-19;2019;4;Spring;2019;Agricultural;PM25;17.047619047619047;17.199257940535414
2019-04-20;2019;4;Spring;2019;Agricultural;PM25;19.23809523809524;19.25930485999035
2019-04-21;2019;4;Spring;2019;Agricultural;PM25;12.666666666666666;12.703525614362013
2019-04-22;2019;4;Spring;2019;Agricultural;PM25;16.904761904761905;16.93083539923132
2019-04-23;2019;4;Spring;2019;Agricultural;PM25;17.333333333333332;17.298670615443488
2019-04-24;2019;4;Spring;2019;Agricultural;PM25;10.333333333333334;10.57463021812555
2019-04-25;2019;4;Spring;2019;Agricultural;PM25;10.904761904761903;11.087533068232869
2019-04-26;2019;4;Spring;2019;Agricultural;PM25;10.142857142857142;10.279104204449029
2019-04-27;2019;4;Spring;2019;Agricultural;PM25;11.047619047619047;11.121042210871336
2019-04-28;2019;4;Spring;2019;Agricultural;PM25;8.761904761904763;8.788496414488462
2019-04-29;2019;4;Spring;2019;Agricultural;PM25;11.666666666666666;11.73166064921884
2019-04-30;2019;4;Spring;2019;Agricultural;PM25;15.80952380952381;15.818877593464553
2019-05-01;2019;5;Spring;2019;Agricultural;PM25;14.285714285714286;14.266875197577493
2019-05-02;2019;5;Spring;2019;Agricultural;PM25;13.666666666666666;13.702660432923482
2019-05-03;2019;5;Spring;2019;Agricultural;PM25;12.38095238095238;12.570653711129228
2019-05-04;2019;5;Spring;2019;Agricultural;PM25;13.571428571428571;13.47212285576427
2019-05-05;2019;5;Spring;2019;Agricultural;PM25;9.666666666666666;9.687370014807913
2019-05-06;2019;5;Spring;2019;Agricultural;PM25;9.80952380952381;9.788729347952682
2019-05-07;2019;5;Spring;2019;Agricultural;PM25;12.857142857142858;12.801840174367335
2019-05-08;2019;5;Spring;2019;Agricultural;PM25;11.285714285714286;11.445701545679915
2019-05-09;2019;5;Spring;2019;Agricultural;PM25;11.19047619047619;11.413989318336856
2019-05-10;2019;5;Spring;2019;Agricultural;PM25;13.333333333333334;13.41575295742309
2019-05-11;2019;5;Spring;2019;Agricultural;PM25;15.38095238095238;15.415337004808412
2019-05-12;2019;5;Spring;2019;Agricultural;PM25;12.333333333333334;12.383757882302048
2019-05-13;2019;5;Spring;2019;Agricultural;PM25;7.333333333333333;7.566211337204465
2019-05-14;2019;5;Spring;2019;Agricultural;PM25;10.19047619047619;10.278022727650866
2019-05-15;2019;5;Spring;2019;Agricultural;PM25;9.904761904761903;9.915195580919422
2019-05-16;2019;5;Spring;2019;Agricultural;PM25;13.904761904761903;14.030747217277009
2019-05-17;2019;5;Spring;2019;Agricultural;PM25;14.523809523809524;14.613446916127314
2019-05-18;2019;5;Spring;2019;Agricultural;PM25;10.428571428571429;10.551386786017336
2019-05-19;2019;5;Spring;2019;Agricultural;PM25;9.285714285714286;9.376087716087383
2019-05-20;2019;5;Spring;2019;Agricultural;PM25;12.095238095238097;12.315574929704008
2019-05-21;2019;5;Spring;2019;Agricultural;PM25;13.428571428571429;13.534282814501772
2019-05-22;2019;5;Spring;2019;Agricultural;PM25;17.0;17.16629785534832
2019-05-23;2019;5;Spring;2019;Agricultural;PM25;18.38095238095238;18.318553150425103
2019-05-24;2019;5;Spring;2019;Agricultural;PM25;22.142857142857142;22.035106400678835
2019-05-25;2019;5;Spring;2019;Agricultural;PM25;24.857142857142858;24.820258556145284
2019-05-26;2019;5;Spring;2019;Agricultural;PM25;16.857142857142858;16.86847578323877
2019-05-27;2019;5;Spring;2019;Agricultural;PM25;22.714285714285715;22.672695206562068
2019-05-28;2019;5;Spring;2019;Agricultural;PM25;16.714285714285715;16.747100810275693
2019-05-29;2019;5;Spring;2019;Agricultural;PM25;12.666666666666666;12.721561319734455
2019-05-30;2019;5;Spring;2019;Agricultural;PM25;13.857142857142858;13.987804269337635
2019-05-31;2019;5;Spring;2019;Agricultural;PM25;9.761904761904765;9.858326539440627
2019-06-01;2019;6;Summer;2019;Agricultural;PM25;12.047619047619047;12.130592482904348
2019-06-02;2019;6;Summer;2019;Agricultural;PM25;12.476190476190476;12.4819060612615
2019-06-03;2019;6;Summer;2019;Agricultural;PM25;17.428571428571427;17.448213899472574
2019-06-04;2019;6;Summer;2019;Agricultural;PM25;16.952380952380953;17.039731793754054
2019-06-05;2019;6;Summer;2019;Agricultural;PM25;19.476190476190474;19.627572666921782
2019-06-06;2019;6;Summer;2019;Agricultural;PM25;9.904761904761903;10.139077916243782
2019-06-07;2019;6;Summer;2019;Agricultural;PM25;9.0;9.085919172087916
2019-06-08;2019;6;Summer;2019;Agricultural;PM25;16.285714285714285;16.415436833435933
2019-06-09;2019;6;Summer;2019;Agricultural;PM25;20.09523809523809;20.180157396469397
2019-06-10;2019;6;Summer;2019;Agricultural;PM25;14.952380952380953;15.112440310799794
2019-06-11;2019;6;Summer;2019;Agricultural;PM25;11.047619047619047;11.234031579122506
2019-06-12;2019;6;Summer;2019;Agricultural;PM25;10.476190476190476;10.555379931118248
2019-06-13;2019;6;Summer;2019;Agricultural;PM25;5.857142857142857;5.983029133321132
2019-06-14;2019;6;Summer;2019;Agricultural;PM25;7.047619047619048;7.130592482904348
2019-06-15;2019;6;Summer;2019;Agricultural;PM25;12.142857142857142;12.178027719082245
2019-06-16;2019;6;Summer;2019;Agricultural;PM25;7.0;7.0
2019-06-17;2019;6;Summer;2019;Agricultural;PM25;8.095238095238095;8.16935926659235
2019-06-18;2019;6;Summer;2019;Agricultural;PM25;10.142857142857142;10.239771725205063
2019-06-19;2019;6;Summer;2019;Agricultural;PM25;11.333333333333334;11.552019033991648
2019-06-20;2019;6;Summer;2019;Agricultural;PM25;8.095238095238095;8.316539939770061
2019-06-21;2019;6;Summer;2019;Agricultural;PM25;9.238095238095235;9.440943047767998
2019-06-22;2019;6;Summer;2019;Agricultural;PM25;9.80952380952381;9.85072292564431
2019-06-23;2019;6;Summer;2019;Agricultural;PM25;11.666666666666666;11.707568673776684
2019-06-24;2019;6;Summer;2019;Agricultural;PM25;14.333333333333334;14.47305458962115
2019-06-25;2019;6;Summer;2019;Agricultural;PM25;10.333333333333334;10.308337354208607
2019-06-26;2019;6;Summer;2019;Agricultural;PM25;15.857142857142858;15.882002562268106
2019-06-27;2019;6;Summer;2019;Agricultural;PM25;15.19047619047619;15.121441525381428
2019-06-28;2019;6;Summer;2019;Agricultural;PM25;14.095238095238097;14.177145899539124
2019-06-29;2019;6;Summer;2019;Agricultural;PM25;6.190476190476191;6.135883400163054
2019-06-30;2019;6;Summer;2019;Agricultural;PM25;5.714285714285714;5.715604878292265
2019-07-01;2019;7;Summer;2019;Agricultural;PM25;8.047619047619047;8.14122423173552
2019-07-02;2019;7;Summer;2019;Agricultural;PM25;9.761904761904765;9.887409946258922
2019-07-03;2019;7;Summer;2019;Agricultural;PM25;8.904761904761905;9.058965442656772
2019-07-04;2019;7;Summer;2019;Agricultural;PM25;8.619047619047619;8.62366271234381
2019-07-05;2019;7;Summer;2019;Agricultural;PM25;10.666666666666666;10.775136016505
2019-07-06;2019;7;Summer;2019;Agricultural;PM25;11.238095238095235;11.396086717801108
2019-07-07;2019;7;Summer;2019;Agricultural;PM25;9.571428571428571;9.665540821589603
2019-07-08;2019;7;Summer;2019;Agricultural;PM25;8.619047619047619;8.68096434454187
2019-07-09;2019;7;Summer;2019;Agricultural;PM25;8.333333333333334;8.560437914912733
2019-07-10;2019;7;Summer;2019;Agricultural;PM25;7.285714285714286;7.442590220122124
2019-07-11;2019;7;Summer;2019;Agricultural;PM25;6.190476190476191;6.372410694973628
2019-07-12;2019;7;Summer;2019;Agricultural;PM25;11.476190476190476;11.63529274745021
2019-07-13;2019;7;Summer;2019;Agricultural;PM25;11.904761904761903;11.783022478079298
2019-07-14;2019;7;Summer;2019;Agricultural;PM25;11.523809523809524;11.63715621516397
2019-07-15;2019;7;Summer;2019;Agricultural;PM25;12.0;12.0
2019-07-16;2019;7;Summer;2019;Agricultural;PM25;11.523809523809524;11.626075237508942
2019-07-17;2019;7;Summer;2019;Agricultural;PM25;12.047619047619047;12.05597058383109
2019-07-18;2019;7;Summer;2019;Agricultural;PM25;14.285714285714286;14.339999667237908
2019-07-19;2019;7;Summer;2019;Agricultural;PM25;16.238095238095237;16.257607773322462
2019-07-20;2019;7;Summer;2019;Agricultural;PM25;17.142857142857142;17.095419529807163
2019-07-21;2019;7;Summer;2019;Agricultural;PM25;14.095238095238097;14.177162537643712
2019-07-22;2019;7;Summer;2019;Agricultural;PM25;17.761904761904763;17.78214065853618
2019-07-23;2019;7;Summer;2019;Agricultural;PM25;12.238095238095235;12.395870422441476
2019-07-24;2019;7;Summer;2019;Agricultural;PM25;15.19047619047619;15.184732875230852
2019-07-25;2019;7;Summer;2019;Agricultural;PM25;14.714285714285714;14.909671730196496
2019-07-26;2019;7;Summer;2019;Agricultural;PM25;11.761904761904765;11.899821972280918
2019-07-27;2019;7;Summer;2019;Agricultural;PM25;10.047619047619047;10.09932948438514
2019-07-28;2019;7;Summer;2019;Agricultural;PM25;12.333333333333334;12.545879573399
2019-07-29;2019;7;Summer;2019;Agricultural;PM25;9.857142857142858;9.89488045521854
2019-07-30;2019;7;Summer;2019;Agricultural;PM25;10.19047619047619;10.339384057368184
2019-07-31;2019;7;Summer;2019;Agricultural;PM25;12.095238095238097;12.185248656473057
2019-08-01;2019;8;Summer;2019;Agricultural;PM25;14.523809523809524;14.540522103721944
2019-08-02;2019;8;Summer;2019;Agricultural;PM25;13.666666666666666;13.7217609769895
2019-08-03;2019;8;Summer;2019;Agricultural;PM25;11.0;11.041944661664145
2019-08-04;2019;8;Summer;2019;Agricultural;PM25;7.952380952380952;7.899272914829543
2019-08-05;2019;8;Summer;2019;Agricultural;PM25;8.80952380952381;8.88754305109562
2019-08-06;2019;8;Summer;2019;Agricultural;PM25;10.238095238095235;10.206478877926228
2019-08-07;2019;8;Summer;2019;Agricultural;PM25;10.333333333333334;10.560437914912733
2019-08-08;2019;8;Summer;2019;Agricultural;PM25;9.428571428571429;9.567009966224647
2019-08-09;2019;8;Summer;2019;Agricultural;PM25;13.047619047619047;13.044922882385238
2019-08-10;2019;8;Summer;2019;Agricultural;PM25;11.857142857142858;11.85471607074522
2019-08-11;2019;8;Summer;2019;Agricultural;PM25;8.714285714285714;8.811157512936127
2019-08-12;2019;8;Summer;2019;Agricultural;PM25;12.19047619047619;12.260419612997689
2019-08-13;2019;8;Summer;2019;Agricultural;PM25;6.238095238095238;6.395870422441475
2019-08-14;2019;8;Summer;2019;Agricultural;PM25;6.666666666666667;6.570870006488861
2019-08-15;2019;8;Summer;2019;Agricultural;PM25;6.523809523809524;6.540522103721944
2019-08-16;2019;8;Summer;2019;Agricultural;PM25;5.238095238095238;5.517578157496298
2019-08-17;2019;8;Summer;2019;Agricultural;PM25;5.0;5.0
2019-08-18;2019;8;Summer;2019;Agricultural;PM25;5.333333333333333;5.560437914912733
2019-08-19;2019;8;Summer;2019;Agricultural;PM25;6.523809523809524;6.612465267956674
2019-08-20;2019;8;Summer;2019;Agricultural;PM25;7.761904761904762;7.813902800193002
2019-08-21;2019;8;Summer;2019;Agricultural;PM25;7.571428571428571;7.620484834367667
2019-08-22;2019;8;Summer;2019;Agricultural;PM25;7.476190476190476;7.531304593780677
2019-08-23;2019;8;Summer;2019;Agricultural;PM25;12.142857142857142;12.09457098647322
2019-08-24;2019;8;Summer;2019;Agricultural;PM25;13.666666666666666;13.682195564281315
2019-08-25;2019;8;Summer;2019;Agricultural;PM25;12.333333333333334;12.279719814318751
2019-08-26;2019;8;Summer;2019;Agricultural;PM25;12.38095238095238;12.295409546944413
2019-08-27;2019;8;Summer;2019;Agricultural;PM25;12.238095238095235;12.32059963728932
2019-08-28;2019;8;Summer;2019;Agricultural;PM25;16.904761904761905;16.870721927358037
2019-08-29;2019;8;Summer;2019;Agricultural;PM25;17.523809523809526;17.623329950252067
2019-08-30;2019;8;Summer;2019;Agricultural;PM25;18.80952380952381;18.752258622697703
2019-08-31;2019;8;Summer;2019;Agricultural;PM25;15.142857142857142;15.043625110227444
2019-09-01;2019;9;Autumn;2019;Agricultural;PM25;17.952380952380953;17.871054689449778
2019-09-02;2019;9;Autumn;2019;Agricultural;PM25;12.761904761904765;12.711312247308786
2019-09-03;2019;9;Autumn;2019;Agricultural;PM25;13.095238095238097;13.096218158827346
2019-09-04;2019;9;Autumn;2019;Agricultural;PM25;7.952380952380952;8.00833569039815
2019-09-05;2019;9;Autumn;2019;Agricultural;PM25;11.714285714285714;11.827712427000316
2019-09-06;2019;9;Autumn;2019;Agricultural;PM25;7.0;7.029050130609121
2019-09-07;2019;9;Autumn;2019;Agricultural;PM25;10.666666666666666;10.744139227659184
2019-09-08;2019;9;Autumn;2019;Agricultural;PM25;14.714285714285714;15.030896960218293
2019-09-09;2019;9;Autumn;2019;Agricultural;PM25;9.047619047619047;9.11784769479061
2019-09-10;2019;9;Autumn;2019;Agricultural;PM25;11.476190476190476;11.566410994459511
2019-09-11;2019;9;Autumn;2019;Agricultural;PM25;12.571428571428571;12.676871370813435
2019-09-12;2019;9;Autumn;2019;Agricultural;PM25;17.0;17.07032926808978
2019-09-13;2019;9;Autumn;2019;Agricultural;PM25;18.857142857142858;18.83363559223333
2019-09-14;2019;9;Autumn;2019;Agricultural;PM25;20.571428571428573;20.512270602133004
2019-09-15;2019;9;Autumn;2019;Agricultural;PM25;13.714285714285714;13.700281183967522
2019-09-16;2019;9;Autumn;2019;Agricultural;PM25;16.523809523809526;16.81355339999667
2019-09-17;2019;9;Autumn;2019;Agricultural;PM25;22.285714285714285;22.33530772174434
2019-09-18;2019;9;Autumn;2019;Agricultural;PM25;16.952380952380953;17.16421809227493
2019-09-19;2019;9;Autumn;2019;Agricultural;PM25;9.333333333333334;9.366953396669052
2019-09-20;2019;9;Autumn;2019;Agricultural;PM25;8.047619047619047;8.069963229788863
2019-09-21;2019;9;Autumn;2019;Agricultural;PM25;11.80952380952381;11.946741427216612
2019-09-22;2019;9;Autumn;2019;Agricultural;PM25;12.476190476190476;12.475683410145916
2019-09-23;2019;9;Autumn;2019;Agricultural;PM25;16.666666666666668;16.7217609769895
2019-09-24;2019;9;Autumn;2019;Agricultural;PM25;15.571428571428571;15.549273746734771
2019-09-25;2019;9;Autumn;2019;Agricultural;PM25;20.142857142857142;20.183168893399664
2019-09-26;2019;9;Autumn;2019;Agricultural;PM25;26.33333333333333;26.291882268771943
2019-09-27;2019;9;Autumn;2019;Agricultural;PM25;21.571428571428573;21.702776899655596
2019-09-28;2019;9;Autumn;2019;Agricultural;PM25;18.761904761904763;18.93567708766617
2019-09-29;2019;9;Autumn;2019;Agricultural;PM25;13.61904761904762;13.805567109794852
2019-09-30;2019;9;Autumn;2019;Agricultural;PM25;9.857142857142858;9.94328070146249
2019-10-01;2019;10;Autumn;2019;Agricultural;PM25;13.952380952380953;14.212052642962911
2019-10-02;2019;10;Autumn;2019;Agricultural;PM25;15.904761904761903;15.99485882568258
2019-10-03;2019;10;Autumn;2019;Agricultural;PM25;9.952380952380953;10.238241019583048
2019-10-04;2019;10;Autumn;2019;Agricultural;PM25;11.571428571428571;11.700297822072107
2019-10-05;2019;10;Autumn;2019;Agricultural;PM25;20.714285714285715;20.726968703725277
2019-10-06;2019;10;Autumn;2019;Agricultural;PM25;18.09523809523809;18.048766284544865
2019-10-07;2019;10;Autumn;2019;Agricultural;PM25;7.904761904761905;8.101542352295226
2019-10-08;2019;10;Autumn;2019;Agricultural;PM25;11.61904761904762;11.654659501189624
2019-10-09;2019;10;Autumn;2019;Agricultural;PM25;20.476190476190474;20.470808445501888
2019-10-10;2019;10;Autumn;2019;Agricultural;PM25;21.80952380952381;21.78713208991232
2019-10-11;2019;10;Autumn;2019;Agricultural;PM25;27.80952380952381;27.86063923597824
2019-10-12;2019;10;Autumn;2019;Agricultural;PM25;29.285714285714285;29.378150841056183
2019-10-13;2019;10;Autumn;2019;Agricultural;PM25;31.761904761904763;31.889872385737817
2019-10-14;2019;10;Autumn;2019;Agricultural;PM25;29.666666666666668;29.841039548774603
2019-10-15;2019;10;Autumn;2019;Agricultural;PM25;19.09523809523809;19.17875979568408
2019-10-16;2019;10;Autumn;2019;Agricultural;PM25;8.619047619047619;8.684824384806083
2019-10-17;2019;10;Autumn;2019;Agricultural;PM25;22.38095238095238;22.51045704873301
2019-10-18;2019;10;Autumn;2019;Agricultural;PM25;13.047619047619047;13.207177678318883
2019-10-19;2019;10;Autumn;2019;Agricultural;PM25;15.476190476190476;15.375322363276377
2019-10-20;2019;10;Autumn;2019;Agricultural;PM25;9.857142857142858;9.860589321664476
2019-10-21;2019;10;Autumn;2019;Agricultural;PM25;12.952380952380953;12.860705788396588
2019-10-22;2019;10;Autumn;2019;Agricultural;PM25;12.61904761904762;12.723541254180324
2019-10-23;2019;10;Autumn;2019;Agricultural;PM25;24.047619047619047;24.038683593165068
2019-10-24;2019;10;Autumn;2019;Agricultural;PM25;23.19047619047619;23.407051228724026
2019-10-25;2019;10;Autumn;2019;Agricultural;PM25;13.238095238095235;13.319734455850789
2019-10-26;2019;10;Autumn;2019;Agricultural;PM25;21.857142857142858;21.84278654975625
2019-10-27;2019;10;Autumn;2019;Agricultural;PM25;23.52380952380953;23.546694840523767
2019-10-28;2019;10;Autumn;2019;Agricultural;PM25;38.47619047619048;38.259637622082096
2019-10-29;2019;10;Autumn;2019;Agricultural;PM25;41.142857142857146;41.17824401444187
2019-10-30;2019;10;Autumn;2019;Agricultural;PM25;16.19047619047619;16.329733956707653
2019-10-31;2019;10;Autumn;2019;Agricultural;PM25;14.38095238095238;14.543051095619187
2019-11-01;2019;11;Autumn;2019;Agricultural;PM25;17.285714285714285;18.042660100161388
2019-11-02;2019;11;Autumn;2019;Agricultural;PM25;16.904761904761905;17.579338801723708
2019-11-03;2019;11;Autumn;2019;Agricultural;PM25;15.904761904761903;16.206096201520722
2019-11-04;2019;11;Autumn;2019;Agricultural;PM25;14.047619047619047;14.35069796848743
2019-11-05;2019;11;Autumn;2019;Agricultural;PM25;11.476190476190476;11.915411876279054
2019-11-06;2019;11;Autumn;2019;Agricultural;PM25;14.285714285714286;14.617107299136482
2019-11-07;2019;11;Autumn;2019;Agricultural;PM25;18.38095238095238;18.622614511754826
2019-11-08;2019;11;Autumn;2019;Agricultural;PM25;8.523809523809524;8.669434138062991
2019-11-09;2019;11;Autumn;2019;Agricultural;PM25;16.476190476190474;16.97274678468629
2019-11-10;2019;11;Autumn;2019;Agricultural;PM25;21.09523809523809;21.49851088963945
2019-11-11;2019;11;Autumn;2019;Agricultural;PM25;17.666666666666668;18.05164467663844
2019-11-12;2019;11;Autumn;2019;Agricultural;PM25;12.666666666666666;13.02517345224032
2019-11-13;2019;11;Autumn;2019;Agricultural;PM25;13.904761904761903;14.22290068715372
2019-11-14;2019;11;Autumn;2019;Agricultural;PM25;11.666666666666666;11.723092025356472
2019-11-15;2019;11;Autumn;2019;Agricultural;PM25;7.809523809523809;8.120875829825467
2019-11-16;2019;11;Autumn;2019;Agricultural;PM25;13.19047619047619;13.803770194499442
2019-11-17;2019;11;Autumn;2019;Agricultural;PM25;11.428571428571429;11.919405021379964
2019-11-18;2019;11;Autumn;2019;Agricultural;PM25;12.19047619047619;12.598938488927342
2019-11-19;2019;11;Autumn;2019;Agricultural;PM25;10.571428571428571;10.845082608189276
2019-11-20;2019;11;Autumn;2019;Agricultural;PM25;10.285714285714286;10.564414421909056
2019-11-21;2019;11;Autumn;2019;Agricultural;PM25;14.904761904761903;15.46037635392576
2019-11-22;2019;11;Autumn;2019;Agricultural;PM25;21.09523809523809;21.30322945610036
2019-11-23;2019;11;Autumn;2019;Agricultural;PM25;7.047619047619048;7.118746152438314
2019-11-24;2019;11;Autumn;2019;Agricultural;PM25;5.857142857142857;5.960434587291815
2019-11-25;2019;11;Autumn;2019;Agricultural;PM25;7.380952380952381;7.730595810525265
2019-11-26;2019;11;Autumn;2019;Agricultural;PM25;14.714285714285714;15.336222817496632
2019-11-27;2019;11;Autumn;2019;Agricultural;PM25;28.09523809523809;28.371046370397483
2019-11-28;2019;11;Autumn;2019;Agricultural;PM25;19.571428571428573;19.93843901302764
2019-11-29;2019;11;Autumn;2019;Agricultural;PM25;15.571428571428571;16.1682611516896
2019-11-30;2019;11;Autumn;2019;Agricultural;PM25;14.476190476190476;15.169292714174002
2019-12-01;2019;12;Winter;2020;Agricultural;PM25;21.23809523809524;21.8945476931268
2019-12-02;2019;12;Winter;2020;Agricultural;PM25;12.666666666666666;13.404039731793754
2019-12-03;2019;12;Winter;2020;Agricultural;PM25;13.666666666666666;14.204964810408798
2019-12-04;2019;12;Winter;2020;Agricultural;PM25;15.761904761904765;16.452439978037702
2019-12-05;2019;12;Winter;2020;Agricultural;PM25;25.857142857142858;26.84138894897093
2019-12-06;2019;12;Winter;2020;Agricultural;PM25;25.61904761904762;26.277573498827014
2019-12-07;2019;12;Winter;2020;Agricultural;PM25;36.095238095238095;37.02956591185132
2019-12-08;2019;12;Winter;2020;Agricultural;PM25;39.85714285714285;40.81273813287191
2019-12-09;2019;12;Winter;2020;Agricultural;PM25;24.476190476190474;25.548225546145783
2019-12-10;2019;12;Winter;2020;Agricultural;PM25;18.23809523809524;18.72019699515831
2019-12-11;2019;12;Winter;2020;Agricultural;PM25;14.38095238095238;15.176580203983162
2019-12-12;2019;12;Winter;2020;Agricultural;PM25;16.571428571428573;17.304959818977423
2019-12-13;2019;12;Winter;2020;Agricultural;PM25;22.714285714285715;23.054439878209077
2019-12-14;2019;12;Winter;2020;Agricultural;PM25;18.19047619047619;19.199607340731745
2019-12-15;2019;12;Winter;2020;Agricultural;PM25;19.285714285714285;20.14703093023643
2019-12-16;2019;12;Winter;2020;Agricultural;PM25;23.142857142857142;24.15024208442174
2019-12-17;2019;12;Winter;2020;Agricultural;PM25;28.38095238095238;29.20569688701063
2019-12-18;2019;12;Winter;2020;Agricultural;PM25;17.666666666666668;18.553965692228346
2019-12-19;2019;12;Winter;2020;Agricultural;PM25;17.666666666666668;18.48007586975692
2019-12-20;2019;12;Winter;2020;Agricultural;PM25;18.33333333333333;18.670216128978588
2019-12-21;2019;12;Winter;2020;Agricultural;PM25;10.761904761904765;11.199956740928071
2019-12-22;2019;12;Winter;2020;Agricultural;PM25;12.952380952380953;13.179175748298752
2019-12-23;2019;12;Winter;2020;Agricultural;PM25;8.761904761904763;8.949153952381744
2019-12-24;2019;12;Winter;2020;Agricultural;PM25;12.857142857142858;13.494634211270652
2019-12-25;2019;12;Winter;2020;Agricultural;PM25;16.761904761904763;17.59742442140991
2019-12-26;2019;12;Winter;2020;Agricultural;PM25;17.428571428571427;18.371279303861705
2019-12-27;2019;12;Winter;2020;Agricultural;PM25;26.80952380952381;27.26073573698484
2019-12-28;2019;12;Winter;2020;Agricultural;PM25;37.0;37.86681197278006
2019-12-29;2019;12;Winter;2020;Agricultural;PM25;25.476190476190474;26.49847761343028
2019-12-30;2019;12;Winter;2020;Agricultural;PM25;25.857142857142858;26.262815500058235
2019-12-31;2019;12;Winter;2020;Agricultural;PM25;38.04761904761905;39.27135084771143
2023-01-01;2023;1;Winter;2023;Agricultural;PM25;36.19047619047619;36.86883347875696
2023-01-02;2023;1;Winter;2023;Agricultural;PM25;25.142857142857142;25.59527485066112
2023-01-03;2023;1;Winter;2023;Agricultural;PM25;19.476190476190474;19.96108799248272
2023-01-04;2023;1;Winter;2023;Agricultural;PM25;21.428571428571427;21.709946976307133
2023-01-05;2023;1;Winter;2023;Agricultural;PM25;27.666666666666668;27.811681992080004
2023-01-06;2023;1;Winter;2023;Agricultural;PM25;23.047619047619047;23.67742801530304
2023-01-07;2023;1;Winter;2023;Agricultural;PM25;31.904761904761905;32.25365796362172
2023-01-08;2023;1;Winter;2023;Agricultural;PM25;27.571428571428573;27.70831935029197
2023-01-09;2023;1;Winter;2023;Agricultural;PM25;16.61904761904762;16.54948318679106
2023-01-10;2023;1;Winter;2023;Agricultural;PM25;10.38095238095238;10.495519833545876
2023-01-11;2023;1;Winter;2023;Agricultural;PM25;30.33333333333333;30.607171622256526
2023-01-12;2023;1;Winter;2023;Agricultural;PM25;43.095238095238095;43.08282435062756
2023-01-13;2023;1;Winter;2023;Agricultural;PM25;54.42857142857143;54.62997516611853
2023-01-14;2023;1;Winter;2023;Agricultural;PM25;53.142857142857146;53.17920665816498
2023-01-15;2023;1;Winter;2023;Agricultural;PM25;51.71428571428572;51.75711457144775
2023-01-16;2023;1;Winter;2023;Agricultural;PM25;37.76190476190476;37.61437009195248
2023-01-17;2023;1;Winter;2023;Agricultural;PM25;23.047619047619047;23.15776226592389
2023-01-18;2023;1;Winter;2023;Agricultural;PM25;28.33333333333333;28.93326733337808
2023-01-19;2023;1;Winter;2023;Agricultural;PM25;16.666666666666668;16.800288609973823
2023-01-20;2023;1;Winter;2023;Agricultural;PM25;23.52380952380953;23.859738908651583
2023-01-21;2023;1;Winter;2023;Agricultural;PM25;25.428571428571427;25.424407678367675
2023-01-22;2023;1;Winter;2023;Agricultural;PM25;25.09523809523809;25.37099805356064
2023-01-23;2023;1;Winter;2023;Agricultural;PM25;28.571428571428573;28.541277938116654
2023-01-24;2023;1;Winter;2023;Agricultural;PM25;13.904761904761903;14.155765487616618
2023-01-25;2023;1;Winter;2023;Agricultural;PM25;27.09523809523809;26.99323780119471
2023-01-26;2023;1;Winter;2023;Agricultural;PM25;24.0;24.22323645882274
2023-01-27;2023;1;Winter;2023;Agricultural;PM25;25.19047619047619;25.480686623263303
2023-01-28;2023;1;Winter;2023;Agricultural;PM25;34.23809523809524;34.28812336398416
2023-01-29;2023;1;Winter;2023;Agricultural;PM25;39.04761904761905;39.146335324518425
2023-01-30;2023;1;Winter;2023;Agricultural;PM25;49.85714285714285;49.92135378213303
2023-01-31;2023;1;Winter;2023;Agricultural;PM25;58.142857142857146;58.36468890529566
2023-02-01;2023;2;Winter;2023;Agricultural;PM25;42.142857142857146;42.35742331700114
2023-02-02;2023;2;Winter;2023;Agricultural;PM25;17.0;17.14660379891268
2023-02-03;2023;2;Winter;2023;Agricultural;PM25;54.523809523809526;54.6869252969998
2023-02-04;2023;2;Winter;2023;Agricultural;PM25;37.23809523809524;37.47449493254581
2023-02-05;2023;2;Winter;2023;Agricultural;PM25;8.047619047619047;8.093412309550976
2023-02-06;2023;2;Winter;2023;Agricultural;PM25;15.333333333333334;15.558393180750386
2023-02-07;2023;2;Winter;2023;Agricultural;PM25;24.38095238095238;24.533374723135783
2023-02-08;2023;2;Winter;2023;Agricultural;PM25;33.142857142857146;33.03270353715014
2023-02-09;2023;2;Winter;2023;Agricultural;PM25;20.0;20.26427948184442
2023-02-10;2023;2;Winter;2023;Agricultural;PM25;43.04761904761905;43.32862943821733
2023-02-11;2023;2;Winter;2023;Agricultural;PM25;49.80952380952381;49.818779783878114
2023-02-12;2023;2;Winter;2023;Agricultural;PM25;52.142857142857146;52.01302100812135
2023-02-13;2023;2;Winter;2023;Agricultural;PM25;53.61904761904762;53.76662863279415
2023-02-14;2023;2;Winter;2023;Agricultural;PM25;67.71428571428571;67.80644674139204
2023-02-15;2023;2;Winter;2023;Agricultural;PM25;70.47619047619048;70.9146587019263
2023-02-16;2023;2;Winter;2023;Agricultural;PM25;66.47619047619048;66.91799785220485
2023-02-17;2023;2;Winter;2023;Agricultural;PM25;42.333333333333336;42.90412108195181
2023-02-18;2023;2;Winter;2023;Agricultural;PM25;34.666666666666664;35.33717027988455
2023-02-19;2023;2;Winter;2023;Agricultural;PM25;45.85714285714285;46.33997248137459
2023-02-20;2023;2;Winter;2023;Agricultural;PM25;62.142857142857146;62.34218739512719
2023-02-21;2023;2;Winter;2023;Agricultural;PM25;39.0;39.68997919323444
2023-02-22;2023;2;Winter;2023;Agricultural;PM25;76.57142857142857;76.91764547956238
2023-02-23;2023;2;Winter;2023;Agricultural;PM25;67.0;67.53183099536882
2023-02-24;2023;2;Winter;2023;Agricultural;PM25;55.61904761904762;55.76490032888113
2023-02-25;2023;2;Winter;2023;Agricultural;PM25;39.90476190476191;39.74176119202631
2023-02-26;2023;2;Winter;2023;Agricultural;PM25;13.095238095238097;13.257936774280154
2023-02-27;2023;2;Winter;2023;Agricultural;PM25;8.428571428571429;8.516796429290556
2023-02-28;2023;2;Winter;2023;Agricultural;PM25;20.09523809523809;20.19264715752735
2023-03-01;2023;3;Spring;2023;Agricultural;PM25;29.61904761904762;29.711020873884152
2023-03-02;2023;3;Spring;2023;Agricultural;PM25;31.61904761904762;31.70749714745956
2023-03-03;2023;3;Spring;2023;Agricultural;PM25;33.57142857142857;33.62693804953353
2023-03-04;2023;3;Spring;2023;Agricultural;PM25;38.61904761904762;38.51162829720116
2023-03-05;2023;3;Spring;2023;Agricultural;PM25;46.0;46.15308074367408
2023-03-06;2023;3;Spring;2023;Agricultural;PM25;39.523809523809526;39.468722733069335
2023-03-07;2023;3;Spring;2023;Agricultural;PM25;31.38095238095238;31.52634404993624
2023-03-08;2023;3;Spring;2023;Agricultural;PM25;26.285714285714285;26.484881535673534
2023-03-09;2023;3;Spring;2023;Agricultural;PM25;22.714285714285715;22.7584066044701
2023-03-10;2023;3;Spring;2023;Agricultural;PM25;27.047619047619047;26.86586348077052
2023-03-11;2023;3;Spring;2023;Agricultural;PM25;8.761904761904763;8.699476474931203
2023-03-12;2023;3;Spring;2023;Agricultural;PM25;13.952380952380953;13.93549902678032
2023-03-13;2023;3;Spring;2023;Agricultural;PM25;17.61904761904762;17.631099402644473
2023-03-14;2023;3;Spring;2023;Agricultural;PM25;19.09523809523809;19.175145982951875
2023-03-15;2023;3;Spring;2023;Agricultural;PM25;10.952380952380953;10.96003087455534
2023-03-16;2023;3;Spring;2023;Agricultural;PM25;12.0;12.039197261561178
2023-03-17;2023;3;Spring;2023;Agricultural;PM25;18.047619047619047;18.097120612121618
2023-03-18;2023;3;Spring;2023;Agricultural;PM25;33.76190476190476;33.678921404121084
2023-03-19;2023;3;Spring;2023;Agricultural;PM25;34.19047619047619;34.13120008054232
2023-03-20;2023;3;Spring;2023;Agricultural;PM25;38.38095238095238;38.48530102691456
2023-03-21;2023;3;Spring;2023;Agricultural;PM25;47.19047619047619;47.12854889589905
2023-03-22;2023;3;Spring;2023;Agricultural;PM25;48.523809523809526;48.42061547754883
2023-03-23;2023;3;Spring;2023;Agricultural;PM25;25.142857142857142;25.21868917377005
2023-03-24;2023;3;Spring;2023;Agricultural;PM25;13.095238095238097;13.151067185717162
2023-03-25;2023;3;Spring;2023;Agricultural;PM25;7.761904761904762;7.775387609906705
2023-03-26;2023;3;Spring;2023;Agricultural;PM25;15.476190476190476;15.617155513792872
2023-03-27;2023;3;Spring;2023;Agricultural;PM25;9.476190476190476;9.50382576011813
2023-03-28;2023;3;Spring;2023;Agricultural;PM25;10.142857142857142;10.321766561514195
2023-03-29;2023;3;Spring;2023;Agricultural;PM25;13.523809523809524;13.60173501577287
2023-03-30;2023;3;Spring;2023;Agricultural;PM25;20.904761904761905;20.974260017450835
2023-03-31;2023;3;Spring;2023;Agricultural;PM25;19.0;19.1198738170347
2023-04-01;2023;4;Spring;2023;Agricultural;PM25;14.38095238095238;14.344805020471172
2023-04-02;2023;4;Spring;2023;Agricultural;PM25;19.33333333333333;19.351936371568563
2023-04-03;2023;4;Spring;2023;Agricultural;PM25;12.428571428571429;12.288324719779853
2023-04-04;2023;4;Spring;2023;Agricultural;PM25;9.857142857142858;9.89917108530774
2023-04-05;2023;4;Spring;2023;Agricultural;PM25;14.0;14.000100677897846
2023-04-06;2023;4;Spring;2023;Agricultural;PM25;17.333333333333332;17.364403651251763
2023-04-07;2023;4;Spring;2023;Agricultural;PM25;31.61904761904762;31.74793610309417
2023-04-08;2023;4;Spring;2023;Agricultural;PM25;28.857142857142858;28.96276595744681
2023-04-09;2023;4;Spring;2023;Agricultural;PM25;13.571428571428571;13.448973085441976
2023-04-10;2023;4;Spring;2023;Agricultural;PM25;8.952380952380953;9.080743674072083
2023-04-11;2023;4;Spring;2023;Agricultural;PM25;14.428571428571429;14.551765219142224
2023-04-12;2023;4;Spring;2023;Agricultural;PM25;17.61904761904762;17.512937109873146
2023-04-13;2023;4;Spring;2023;Agricultural;PM25;13.0;13.011208805960132
2023-04-14;2023;4;Spring;2023;Agricultural;PM25;7.857142857142857;7.909977179676488
2023-04-15;2023;4;Spring;2023;Agricultural;PM25;12.428571428571429;12.50622525001678
2023-04-16;2023;4;Spring;2023;Agricultural;PM25;10.476190476190476;10.582555876233304
2023-04-17;2023;4;Spring;2023;Agricultural;PM25;11.19047619047619;11.119789918786497
2023-04-18;2023;4;Spring;2023;Agricultural;PM25;14.523809523809524;14.319031478622726
2023-04-19;2023;4;Spring;2023;Agricultural;PM25;13.857142857142858;13.860124840593327
2023-04-20;2023;4;Spring;2023;Agricultural;PM25;10.666666666666666;10.649087187059534
2023-04-21;2023;4;Spring;2023;Agricultural;PM25;13.0;12.93712665279549
2023-04-22;2023;4;Spring;2023;Agricultural;PM25;15.857142857142858;15.784700315457414
2023-04-23;2023;4;Spring;2023;Agricultural;PM25;20.761904761904763;20.757232028995237
2023-04-24;2023;4;Spring;2023;Agricultural;PM25;8.142857142857142;8.144506342707563
2023-04-25;2023;4;Spring;2023;Agricultural;PM25;4.285714285714286;4.247164239210686
2023-04-26;2023;4;Spring;2023;Agricultural;PM25;11.857142857142858;11.945080206725285
2023-04-27;2023;4;Spring;2023;Agricultural;PM25;12.61904761904762;12.467665615141955
2023-04-28;2023;4;Spring;2023;Agricultural;PM25;13.333333333333334;13.329401302100813
2023-04-29;2023;4;Spring;2023;Agricultural;PM25;19.0;18.905681589368413
2023-04-30;2023;4;Spring;2023;Agricultural;PM25;16.80952380952381;16.784045909121417
2023-05-01;2023;5;Spring;2023;Agricultural;PM25;10.333333333333334;10.365595006376267
2023-05-02;2023;5;Spring;2023;Agricultural;PM25;8.285714285714286;8.15397006510504
2023-05-03;2023;5;Spring;2023;Agricultural;PM25;7.619047619047619;7.798275052016914
2023-05-04;2023;5;Spring;2023;Agricultural;PM25;13.714285714285714;13.632441774615746
2023-05-05;2023;5;Spring;2023;Agricultural;PM25;20.904761904761905;20.75714813074703
2023-05-06;2023;5;Spring;2023;Agricultural;PM25;29.61904761904762;29.51122558560977
2023-05-07;2023;5;Spring;2023;Agricultural;PM25;13.0;12.903332438418683
2023-05-08;2023;5;Spring;2023;Agricultural;PM25;10.238095238095235;10.219276461507484
2023-05-09;2023;5;Spring;2023;Agricultural;PM25;12.38095238095238;12.452681388012618
2023-05-10;2023;5;Spring;2023;Agricultural;PM25;9.333333333333334;9.307604537217262
2023-05-11;2023;5;Spring;2023;Agricultural;PM25;7.904761904761905;7.985804416403785
2023-05-12;2023;5;Spring;2023;Agricultural;PM25;6.761904761904762;6.743657292435734
2023-05-13;2023;5;Spring;2023;Agricultural;PM25;7.0;7.0
2023-05-14;2023;5;Spring;2023;Agricultural;PM25;6.142857142857143;6.139606685012417
2023-05-15;2023;5;Spring;2023;Agricultural;PM25;7.238095238095238;7.227263574736559
2023-05-16;2023;5;Spring;2023;Agricultural;PM25;9.142857142857142;9.11401771931002
2023-05-17;2023;5;Spring;2023;Agricultural;PM25;7.619047619047619;7.708688502584066
2023-05-18;2023;5;Spring;2023;Agricultural;PM25;5.714285714285714;5.719645613799584
2023-05-19;2023;5;Spring;2023;Agricultural;PM25;8.619047619047619;8.674558695214444
2023-05-20;2023;5;Spring;2023;Agricultural;PM25;14.61904761904762;14.467934089536213
2023-05-21;2023;5;Spring;2023;Agricultural;PM25;14.666666666666666;14.683854621115511
2023-05-22;2023;5;Spring;2023;Agricultural;PM25;13.333333333333334;13.32035707094436
2023-05-23;2023;5;Spring;2023;Agricultural;PM25;19.0;18.87663601583999
2023-05-24;2023;5;Spring;2023;Agricultural;PM25;13.38095238095238;13.39885227196456
2023-05-25;2023;5;Spring;2023;Agricultural;PM25;11.285714285714286;11.28225048660984
2023-05-26;2023;5;Spring;2023;Agricultural;PM25;14.285714285714286;14.13015974226458
2023-05-27;2023;5;Spring;2023;Agricultural;PM25;11.571428571428571;11.528877777032015
2023-05-28;2023;5;Spring;2023;Agricultural;PM25;14.714285714285714;14.583596214511042
2023-05-29;2023;5;Spring;2023;Agricultural;PM25;17.0;17.017836767568294
2023-05-30;2023;5;Spring;2023;Agricultural;PM25;15.714285714285714;15.714393583461977
2023-05-31;2023;5;Spring;2023;Agricultural;PM25;11.333333333333334;11.27164574803678
2023-06-01;2023;6;Summer;2023;Agricultural;PM25;19.61904761904762;19.7404020404054
2023-06-02;2023;6;Summer;2023;Agricultural;PM25;18.761904761904763;18.670951070541648
2023-06-03;2023;6;Summer;2023;Agricultural;PM25;11.095238095238097;11.052805557419962
2023-06-04;2023;6;Summer;2023;Agricultural;PM25;11.80952380952381;11.778558963688836
2023-06-05;2023;6;Summer;2023;Agricultural;PM25;6.380952380952381;6.357171622256527
2023-06-06;2023;6;Summer;2023;Agricultural;PM25;11.904761904761903;11.830223504933215
2023-06-07;2023;6;Summer;2023;Agricultural;PM25;13.904761904761903;13.783223706289013
2023-06-08;2023;6;Summer;2023;Agricultural;PM25;20.61904761904762;20.69590240955769
2023-06-09;2023;6;Summer;2023;Agricultural;PM25;16.142857142857142;16.227683065977583
2023-06-10;2023;6;Summer;2023;Agricultural;PM25;7.714285714285714;7.909188536143366
2023-06-11;2023;6;Summer;2023;Agricultural;PM25;9.523809523809524;9.53463319685885
2023-06-12;2023;6;Summer;2023;Agricultural;PM25;9.285714285714286;9.27053829116048
2023-06-13;2023;6;Summer;2023;Agricultural;PM25;5.809523809523809;5.864453990200684
2023-06-14;2023;6;Summer;2023;Agricultural;PM25;10.19047619047619;10.190381904825829
2023-06-15;2023;6;Summer;2023;Agricultural;PM25;11.333333333333334;11.42319954359353
2023-06-16;2023;6;Summer;2023;Agricultural;PM25;13.095238095238097;13.01300422847171
2023-06-17;2023;6;Summer;2023;Agricultural;PM25;10.904761904761903;10.924072085374858
2023-06-18;2023;6;Summer;2023;Agricultural;PM25;17.904761904761905;17.81597758238808
2023-06-19;2023;6;Summer;2023;Agricultural;PM25;15.0;15.0
2023-06-20;2023;6;Summer;2023;Agricultural;PM25;15.904761904761903;16.140630243640512
2023-06-21;2023;6;Summer;2023;Agricultural;PM25;14.61904761904762;14.63287804550641
2023-06-22;2023;6;Summer;2023;Agricultural;PM25;30.142857142857142;30.113732465266125
2023-06-23;2023;6;Summer;2023;Agricultural;PM25;18.61904761904762;18.5846868917377
2023-06-24;2023;6;Summer;2023;Agricultural;PM25;9.61904761904762;9.551077253506946
2023-06-25;2023;6;Summer;2023;Agricultural;PM25;9.0;9.005923216323243
2023-06-26;2023;6;Summer;2023;Agricultural;PM25;17.285714285714285;17.174055305725215
2023-06-27;2023;6;Summer;2023;Agricultural;PM25;22.38095238095238;22.20838646889053
2023-06-28;2023;6;Summer;2023;Agricultural;PM25;11.761904761904765;11.761577958252232
2023-06-29;2023;6;Summer;2023;Agricultural;PM25;10.285714285714286;10.238522719645614
2023-06-30;2023;6;Summer;2023;Agricultural;PM25;17.666666666666668;17.55535606416538
2023-07-01;2023;7;Summer;2023;Agricultural;PM25;23.19047619047619;23.05280555741996
2023-07-02;2023;7;Summer;2023;Agricultural;PM25;23.952380952380956;23.920246325256727
2023-07-03;2023;7;Summer;2023;Agricultural;PM25;14.571428571428571;14.558577756896437
2023-07-04;2023;7;Summer;2023;Agricultural;PM25;9.142857142857142;9.189073092153835
2023-07-05;2023;7;Summer;2023;Agricultural;PM25;13.142857142857142;13.052352506879656
2023-07-06;2023;7;Summer;2023;Agricultural;PM25;10.238095238095235;10.094117054835896
2023-07-07;2023;7;Summer;2023;Agricultural;PM25;11.142857142857142;11.07606215182227
2023-07-08;2023;7;Summer;2023;Agricultural;PM25;10.571428571428571;10.74563729109336
2023-07-09;2023;7;Summer;2023;Agricultural;PM25;21.0;20.91668903953285
2023-07-10;2023;7;Summer;2023;Agricultural;PM25;25.23809523809524;25.2093596885697
2023-07-11;2023;7;Summer;2023;Agricultural;PM25;26.52380952380953;26.51719914088194
2023-07-12;2023;7;Summer;2023;Agricultural;PM25;19.666666666666668;19.71680985301027
2023-07-13;2023;7;Summer;2023;Agricultural;PM25;9.19047619047619;9.245905765487615
2023-07-14;2023;7;Summer;2023;Agricultural;PM25;9.476190476190476;9.530270487952212
2023-07-15;2023;7;Summer;2023;Agricultural;PM25;17.238095238095237;17.234008993892207
2023-07-16;2023;7;Summer;2023;Agricultural;PM25;22.285714285714285;22.203570709443586
2023-07-17;2023;7;Summer;2023;Agricultural;PM25;17.142857142857142;16.983388146855493
2023-07-18;2023;7;Summer;2023;Agricultural;PM25;21.285714285714285;21.306480300691323
2023-07-19;2023;7;Summer;2023;Agricultural;PM25;21.285714285714285;21.238925431237
2023-07-20;2023;7;Summer;2023;Agricultural;PM25;15.0;15.017836767568292
2023-07-21;2023;7;Summer;2023;Agricultural;PM25;9.666666666666666;9.803812336398416
2023-07-22;2023;7;Summer;2023;Agricultural;PM25;10.80952380952381;10.805758775756765
2023-07-23;2023;7;Summer;2023;Agricultural;PM25;16.19047619047619;16.142123632458553
2023-07-24;2023;7;Summer;2023;Agricultural;PM25;20.33333333333333;20.33906638029398
2023-07-25;2023;7;Summer;2023;Agricultural;PM25;8.047619047619047;8.043224377475
2023-07-26;2023;7;Summer;2023;Agricultural;PM25;6.380952380952381;6.322924357339419
2023-07-27;2023;7;Summer;2023;Agricultural;PM25;5.142857142857143;5.143449224780187
2023-07-28;2023;7;Summer;2023;Agricultural;PM25;14.285714285714286;14.23845560104705
2023-07-29;2023;7;Summer;2023;Agricultural;PM25;13.761904761904765;13.78664675481576
2023-07-30;2023;7;Summer;2023;Agricultural;PM25;9.857142857142858;9.885613128397878
2023-07-31;2023;7;Summer;2023;Agricultural;PM25;13.095238095238097;12.903030404725149
2023-08-01;2023;8;Summer;2023;Agricultural;PM25;15.19047619047619;15.19447613933821
2023-08-02;2023;8;Summer;2023;Agricultural;PM25;9.571428571428571;9.553594200953084
2023-08-03;2023;8;Summer;2023;Agricultural;PM25;12.0;12.0
2023-08-04;2023;8;Summer;2023;Agricultural;PM25;4.857142857142857;4.83577756896436
2023-08-05;2023;8;Summer;2023;Agricultural;PM25;6.761904761904762;6.784331163165313
2023-08-06;2023;8;Summer;2023;Agricultural;PM25;6.761904761904762;6.708638163635143
2023-08-07;2023;8;Summer;2023;Agricultural;PM25;3.238095238095238;3.310624874152628
2023-08-08;2023;8;Summer;2023;Agricultural;PM25;6.190476190476191;6.061010806094369
2023-08-09;2023;8;Summer;2023;Agricultural;PM25;13.19047619047619;13.340945701053762
2023-08-10;2023;8;Summer;2023;Agricultural;PM25;10.904761904761903;10.860611450432916
2023-08-11;2023;8;Summer;2023;Agricultural;PM25;13.333333333333334;13.390932277334048
2023-08-12;2023;8;Summer;2023;Agricultural;PM25;14.857142857142858;14.859889925498356
2023-08-13;2023;8;Summer;2023;Agricultural;PM25;14.047619047619047;14.03391167192429
2023-08-14;2023;8;Summer;2023;Agricultural;PM25;16.571428571428573;16.567521310155044
2023-08-15;2023;8;Summer;2023;Agricultural;PM25;18.23809523809524;18.23325390965837
2023-08-16;2023;8;Summer;2023;Agricultural;PM25;16.095238095238095;16.11202094100275
2023-08-17;2023;8;Summer;2023;Agricultural;PM25;18.285714285714285;18.35757433384791
2023-08-18;2023;8;Summer;2023;Agricultural;PM25;16.666666666666668;16.688485804416406
2023-08-19;2023;8;Summer;2023;Agricultural;PM25;23.761904761904763;23.65029532183368
2023-08-20;2023;8;Summer;2023;Agricultural;PM25;20.80952380952381;20.837371635680245
2023-08-21;2023;8;Summer;2023;Agricultural;PM25;24.714285714285715;24.542402174642596
2023-08-22;2023;8;Summer;2023;Agricultural;PM25;25.09523809523809;25.16279616081616
2023-08-23;2023;8;Summer;2023;Agricultural;PM25;26.09523809523809;26.03899590576549
2023-08-24;2023;8;Summer;2023;Agricultural;PM25;23.428571428571427;23.39750989999329
2023-08-25;2023;8;Summer;2023;Agricultural;PM25;23.761904761904763;23.702580710114773
2023-08-26;2023;8;Summer;2023;Agricultural;PM25;21.761904761904763;21.747533391502785
2023-08-27;2023;8;Summer;2023;Agricultural;PM25;18.952380952380956;18.90044633868045
2023-08-28;2023;8;Summer;2023;Agricultural;PM25;10.476190476190476;10.540287938787838
2023-08-29;2023;8;Summer;2023;Agricultural;PM25;4.380952380952381;4.32532384723807
2023-08-30;2023;8;Summer;2023;Agricultural;PM25;6.714285714285714;6.722296798442849
2023-08-31;2023;8;Summer;2023;Agricultural;PM25;15.333333333333334;15.24800322169273
2023-09-01;2023;9;Autumn;2023;Agricultural;PM25;16.0;15.79891267870327
2023-09-02;2023;9;Autumn;2023;Agricultural;PM25;17.761904761904763;17.84329485200349
2023-09-03;2023;9;Autumn;2023;Agricultural;PM25;20.761904761904763;20.75256728639506
2023-09-04;2023;9;Autumn;2023;Agricultural;PM25;19.52380952380953;19.55738640177193
2023-09-05;2023;9;Autumn;2023;Agricultural;PM25;10.285714285714286;10.261141687361569
2023-09-06;2023;9;Autumn;2023;Agricultural;PM25;17.952380952380953;17.801899456339353
2023-09-07;2023;9;Autumn;2023;Agricultural;PM25;20.80952380952381;20.82461910195315
2023-09-08;2023;9;Autumn;2023;Agricultural;PM25;21.714285714285715;21.73929458352909
2023-09-09;2023;9;Autumn;2023;Agricultural;PM25;25.80952380952381;25.626568897241427
2023-09-10;2023;9;Autumn;2023;Agricultural;PM25;30.904761904761905;30.63180414792939
2023-09-11;2023;9;Autumn;2023;Agricultural;PM25;34.857142857142854;34.68419021410833
2023-09-12;2023;9;Autumn;2023;Agricultural;PM25;32.333333333333336;32.25917846835358
2023-09-13;2023;9;Autumn;2023;Agricultural;PM25;32.333333333333336;32.199291898785155
2023-09-14;2023;9;Autumn;2023;Agricultural;PM25;19.0;19.04265386938721
2023-09-15;2023;9;Autumn;2023;Agricultural;PM25;14.476190476190476;14.481743741190684
2023-09-16;2023;9;Autumn;2023;Agricultural;PM25;24.38095238095238;24.25588965702396
2023-09-17;2023;9;Autumn;2023;Agricultural;PM25;22.571428571428573;22.591969259681857
2023-09-18;2023;9;Autumn;2023;Agricultural;PM25;24.61904761904762;24.472531713537823
2023-09-19;2023;9;Autumn;2023;Agricultural;PM25;18.666666666666668;18.46211155111081
2023-09-20;2023;9;Autumn;2023;Agricultural;PM25;13.61904761904762;13.679424793610307
2023-09-21;2023;9;Autumn;2023;Agricultural;PM25;11.80952380952381;11.763440499362371
2023-09-22;2023;9;Autumn;2023;Agricultural;PM25;12.0;11.88875092288073
2023-09-23;2023;9;Autumn;2023;Agricultural;PM25;6.666666666666667;6.6101416202429695
2023-09-24;2023;9;Autumn;2023;Agricultural;PM25;9.0;9.0
2023-09-25;2023;9;Autumn;2023;Agricultural;PM25;11.666666666666666;11.528508624739915
2023-09-26;2023;9;Autumn;2023;Agricultural;PM25;19.666666666666668;19.385512450500038
2023-09-27;2023;9;Autumn;2023;Agricultural;PM25;22.19047619047619;22.04981877978388
2023-09-28;2023;9;Autumn;2023;Agricultural;PM25;24.142857142857142;24.04394590240956
2023-09-29;2023;9;Autumn;2023;Agricultural;PM25;29.952380952380956;29.806127928048863
2023-09-30;2023;9;Autumn;2023;Agricultural;PM25;35.857142857142854;35.600476542049805
2023-10-01;2023;10;Autumn;2023;Agricultural;PM25;38.0;37.8127055507081
2023-10-02;2023;10;Autumn;2023;Agricultural;PM25;43.0;42.80418148869052
2023-10-03;2023;10;Autumn;2023;Agricultural;PM25;48.42857142857143;48.44403986844755
2023-10-04;2023;10;Autumn;2023;Agricultural;PM25;38.285714285714285;38.09421773273374
2023-10-05;2023;10;Autumn;2023;Agricultural;PM25;19.285714285714285;19.08745553392845
2023-10-06;2023;10;Autumn;2023;Agricultural;PM25;29.19047619047619;29.179189878515334
2023-10-07;2023;10;Autumn;2023;Agricultural;PM25;43.76190476190476;43.61391704141217
2023-10-08;2023;10;Autumn;2023;Agricultural;PM25;30.952380952380956;30.78414658701926
2023-10-09;2023;10;Autumn;2023;Agricultural;PM25;19.0;18.94601986710517
2023-10-10;2023;10;Autumn;2023;Agricultural;PM25;29.714285714285715;29.640848379085845
2023-10-11;2023;10;Autumn;2023;Agricultural;PM25;47.0;46.73812000805423
2023-10-12;2023;10;Autumn;2023;Agricultural;PM25;37.38095238095238;37.63401906168199
2023-10-13;2023;10;Autumn;2023;Agricultural;PM25;24.904761904761905;25.25389287871669
2023-10-14;2023;10;Autumn;2023;Agricultural;PM25;20.0;19.97535069467749
2023-10-15;2023;10;Autumn;2023;Agricultural;PM25;15.80952380952381;15.834166722598832
2023-10-16;2023;10;Autumn;2023;Agricultural;PM25;8.523809523809524;8.383868044835223
2023-10-17;2023;10;Autumn;2023;Agricultural;PM25;12.857142857142858;12.814803006913216
2023-10-18;2023;10;Autumn;2023;Agricultural;PM25;19.571428571428573;19.491308141486005
2023-10-19;2023;10;Autumn;2023;Agricultural;PM25;20.428571428571427;20.39529498624069
2023-10-20;2023;10;Autumn;2023;Agricultural;PM25;12.285714285714286;12.315944023088798
2023-10-21;2023;10;Autumn;2023;Agricultural;PM25;11.142857142857142;11.034297603866031
2023-10-22;2023;10;Autumn;2023;Agricultural;PM25;13.857142857142858;13.818595207732065
2023-10-23;2023;10;Autumn;2023;Agricultural;PM25;13.476190476190476;13.661034297603866
2023-10-24;2023;10;Autumn;2023;Agricultural;PM25;11.857142857142858;11.926035304382845
2023-10-25;2023;10;Autumn;2023;Agricultural;PM25;19.0;18.82735418484462
2023-10-26;2023;10;Autumn;2023;Agricultural;PM25;28.428571428571427;28.467095107054163
2023-10-27;2023;10;Autumn;2023;Agricultural;PM25;12.523809523809524;12.391251090677226
2023-10-28;2023;10;Autumn;2023;Agricultural;PM25;16.095238095238095;16.028307268944225
2023-10-29;2023;10;Autumn;2023;Agricultural;PM25;10.428571428571429;10.563997583730451
2023-10-30;2023;10;Autumn;2023;Agricultural;PM25;11.476190476190476;11.540237599838916
2023-10-31;2023;10;Autumn;2023;Agricultural;PM25;6.666666666666667;6.635361433653265
2023-11-01;2023;11;Autumn;2023;Agricultural;PM25;9.952380952380953;10.218722733069333
2023-11-02;2023;11;Autumn;2023;Agricultural;PM25;8.333333333333334;8.36675280220149
2023-11-03;2023;11;Autumn;2023;Agricultural;PM25;7.714285714285714;7.661739042888785
2023-11-04;2023;11;Autumn;2023;Agricultural;PM25;8.238095238095237;8.382307537418619
2023-11-05;2023;11;Autumn;2023;Agricultural;PM25;7.047619047619048;7.204309014027787
2023-11-06;2023;11;Autumn;2023;Agricultural;PM25;17.095238095238095;17.064467413920397
2023-11-07;2023;11;Autumn;2023;Agricultural;PM25;25.285714285714285;25.129018726089
2023-11-08;2023;11;Autumn;2023;Agricultural;PM25;25.142857142857142;25.36681992080005
2023-11-09;2023;11;Autumn;2023;Agricultural;PM25;20.52380952380953;20.69538224041882
2023-11-10;2023;11;Autumn;2023;Agricultural;PM25;17.047619047619047;17.152879387878382
2023-11-11;2023;11;Autumn;2023;Agricultural;PM25;21.761904761904763;22.074501644405665
2023-11-12;2023;11;Autumn;2023;Agricultural;PM25;32.666666666666664;32.59569434190214
2023-11-13;2023;11;Autumn;2023;Agricultural;PM25;33.857142857142854;33.76407812604873
2023-11-14;2023;11;Autumn;2023;Agricultural;PM25;42.38095238095238;42.37671991408819
2023-11-15;2023;11;Autumn;2023;Agricultural;PM25;30.23809523809524;30.191371904154643
2023-11-16;2023;11;Autumn;2023;Agricultural;PM25;31.142857142857142;31.262182025639305
2023-11-17;2023;11;Autumn;2023;Agricultural;PM25;16.571428571428573;16.65485938653601
2023-11-18;2023;11;Autumn;2023;Agricultural;PM25;15.238095238095235;15.48644204309014
2023-11-19;2023;11;Autumn;2023;Agricultural;PM25;32.19047619047619;32.27438083092825
2023-11-20;2023;11;Autumn;2023;Agricultural;PM25;51.66666666666666;51.71590375192966
2023-11-21;2023;11;Autumn;2023;Agricultural;PM25;46.57142857142857;46.59208671722934
2023-11-22;2023;11;Autumn;2023;Agricultural;PM25;28.61904761904762;28.581985368145517
2023-11-23;2023;11;Autumn;2023;Agricultural;PM25;29.19047619047619;29.155463453923083
2023-11-24;2023;11;Autumn;2023;Agricultural;PM25;32.19047619047619;32.347372306866234
2023-11-25;2023;11;Autumn;2023;Agricultural;PM25;10.238095238095235;10.312453855963488
2023-11-26;2023;11;Autumn;2023;Agricultural;PM25;11.666666666666666;11.717279683200214
2023-11-27;2023;11;Autumn;2023;Agricultural;PM25;25.0;25.0293643868716
2023-11-28;2023;11;Autumn;2023;Agricultural;PM25;25.952380952380956;26.32755554064031
2023-11-29;2023;11;Autumn;2023;Agricultural;PM25;34.523809523809526;34.36822941136989
2023-11-30;2023;11;Autumn;2023;Agricultural;PM25;16.761904761904763;16.88579770454393
2023-12-01;2023;12;Winter;2024;Agricultural;PM25;29.23809523809524;29.280555741996107
2023-12-02;2023;12;Winter;2024;Agricultural;PM25;13.571428571428571;13.854352641116854
2023-12-03;2023;12;Winter;2024;Agricultural;PM25;14.428571428571429;14.640663802939796
2023-12-04;2023;12;Winter;2024;Agricultural;PM25;23.857142857142858;23.94234512383381
2023-12-05;2023;12;Winter;2024;Agricultural;PM25;28.09523809523809;28.409121417544803
2023-12-06;2023;12;Winter;2024;Agricultural;PM25;36.523809523809526;36.45174172763273
2023-12-07;2023;12;Winter;2024;Agricultural;PM25;37.47619047619048;37.8002382710249
2023-12-08;2023;12;Winter;2024;Agricultural;PM25;37.095238095238095;37.48285119806698
2023-12-09;2023;12;Winter;2024;Agricultural;PM25;29.857142857142858;30.07112893482784
2023-12-10;2023;12;Winter;2024;Agricultural;PM25;26.38095238095238;26.64044566749446
2023-12-11;2023;12;Winter;2024;Agricultural;PM25;36.0;36.1363178736828
2023-12-12;2023;12;Winter;2024;Agricultural;PM25;36.142857142857146;36.305406403114304
2023-12-13;2023;12;Winter;2024;Agricultural;PM25;27.952380952380956;28.17167259547621
2023-12-14;2023;12;Winter;2024;Agricultural;PM25;35.76190476190476;35.922863950600714
2023-12-15;2023;12;Winter;2024;Agricultural;PM25;36.23809523809524;36.16695751392711
2023-12-16;2023;12;Winter;2024;Agricultural;PM25;28.142857142857142;28.300926236660175
2023-12-17;2023;12;Winter;2024;Agricultural;PM25;38.57142857142857;38.60817840123498
2023-12-18;2023;12;Winter;2024;Agricultural;PM25;50.95238095238095;51.02068930800725
2023-12-19;2023;12;Winter;2024;Agricultural;PM25;50.76190476190476;50.77218269682529
2023-12-20;2023;12;Winter;2024;Agricultural;PM25;53.42857142857143;53.90225854084167
2023-12-21;2023;12;Winter;2024;Agricultural;PM25;45.85714285714285;46.08738841532989
2023-12-22;2023;12;Winter;2024;Agricultural;PM25;9.61904761904762;9.553761997449492
2023-12-23;2023;12;Winter;2024;Agricultural;PM25;9.523809523809524;9.480535606416538
2023-12-24;2023;12;Winter;2024;Agricultural;PM25;19.666666666666668;20.280320826901136
2023-12-25;2023;12;Winter;2024;Agricultural;PM25;35.523809523809526;35.93769716088328
2023-12-26;2023;12;Winter;2024;Agricultural;PM25;41.47619047619048;41.839603329082486
2023-12-27;2023;12;Winter;2024;Agricultural;PM25;41.42857142857143;41.858933485468825
2023-12-28;2023;12;Winter;2024;Agricultural;PM25;43.0;43.11997449493255
2023-12-29;2023;12;Winter;2024;Agricultural;PM25;39.285714285714285;39.84596281629639
2023-12-30;2023;12;Winter;2024;Agricultural;PM25;44.42857142857143;45.02884421773273
2023-12-31;2023;12;Winter;2024;Agricultural;PM25;50.04761904761905;50.01570575206389
2016-01-01;2016;1;Winter;2016;Industrial;PM25;63.8125;62.466356170374986
2016-01-02;2016;1;Winter;2016;Industrial;PM25;59.9375;60.15317258845746
2016-01-03;2016;1;Winter;2016;Industrial;PM25;34.75;34.62333509662128
2016-01-04;2016;1;Winter;2016;Industrial;PM25;36.0;36.27119565699223
2016-01-05;2016;1;Winter;2016;Industrial;PM25;41.25;40.397966209886434
2016-01-06;2016;1;Winter;2016;Industrial;PM25;32.5;30.412044931335203
2016-01-07;2016;1;Winter;2016;Industrial;PM25;39.1875;38.173587325604416
2016-01-08;2016;1;Winter;2016;Industrial;PM25;44.25;42.74489853213666
2016-01-09;2016;1;Winter;2016;Industrial;PM25;54.75;54.54379504880564
2016-01-10;2016;1;Winter;2016;Industrial;PM25;39.9375;39.65465759213672
2016-01-11;2016;1;Winter;2016;Industrial;PM25;33.875;33.81800504162443
2016-01-12;2016;1;Winter;2016;Industrial;PM25;27.0;27.25451337685404
2016-01-13;2016;1;Winter;2016;Industrial;PM25;18.0625;17.765209836191534
2016-01-14;2016;1;Winter;2016;Industrial;PM25;28.9375;27.15532990723529
2016-01-15;2016;1;Winter;2016;Industrial;PM25;26.9375;26.64377643084907
2016-01-16;2016;1;Winter;2016;Industrial;PM25;21.625;21.08329023621163
2016-01-17;2016;1;Winter;2016;Industrial;PM25;11.4375;10.527177783753912
2016-01-18;2016;1;Winter;2016;Industrial;PM25;56.0625;50.68854227310474
2016-01-19;2016;1;Winter;2016;Industrial;PM25;26.4375;25.129297275572355
2016-01-20;2016;1;Winter;2016;Industrial;PM25;42.1875;41.315772364450936
2016-01-21;2016;1;Winter;2016;Industrial;PM25;50.0625;49.21723609046554
2016-01-22;2016;1;Winter;2016;Industrial;PM25;54.4375;53.8230230242063
2016-01-23;2016;1;Winter;2016;Industrial;PM25;68.75;68.83418197722699
2016-01-24;2016;1;Winter;2016;Industrial;PM25;65.25;64.64620563089753
2016-01-25;2016;1;Winter;2016;Industrial;PM25;65.8125;65.86543945765597
2016-01-26;2016;1;Winter;2016;Industrial;PM25;45.0625;44.16495805049309
2016-01-27;2016;1;Winter;2016;Industrial;PM25;56.4375;55.197323742623006
2016-01-28;2016;1;Winter;2016;Industrial;PM25;77.375;76.0467901756294
2016-01-29;2016;1;Winter;2016;Industrial;PM25;72.6875;71.74326133405047
2016-01-30;2016;1;Winter;2016;Industrial;PM25;89.3125;95.08092900648082
2016-01-31;2016;1;Winter;2016;Industrial;PM25;68.75;72.1875507930363
2016-02-01;2016;2;Winter;2016;Industrial;PM25;46.8125;48.60568645587988
2016-02-02;2016;2;Winter;2016;Industrial;PM25;74.6875;78.16291598573214
2016-02-03;2016;2;Winter;2016;Industrial;PM25;32.75;33.958283956345326
2016-02-04;2016;2;Winter;2016;Industrial;PM25;19.9375;19.15229192955911
2016-02-05;2016;2;Winter;2016;Industrial;PM25;23.9375;22.70893927886448
2016-02-06;2016;2;Winter;2016;Industrial;PM25;40.0;37.766223480494
2016-02-07;2016;2;Winter;2016;Industrial;PM25;15.3125;14.08216133789227
2016-02-08;2016;2;Winter;2016;Industrial;PM25;27.6875;27.638321074049227
2016-02-09;2016;2;Winter;2016;Industrial;PM25;26.125;24.88794649849431
2016-02-10;2016;2;Winter;2016;Industrial;PM25;10.5;10.08782947133869
2016-02-11;2016;2;Winter;2016;Industrial;PM25;16.125;14.860589923252643
2016-02-12;2016;2;Winter;2016;Industrial;PM25;23.375;21.57226279097945
2016-02-13;2016;2;Winter;2016;Industrial;PM25;36.4375;37.009648829876205
2016-02-14;2016;2;Winter;2016;Industrial;PM25;34.75;34.24022778922109
2016-02-15;2016;2;Winter;2016;Industrial;PM25;21.8125;20.717406016259684
2016-02-16;2016;2;Winter;2016;Industrial;PM25;26.75;26.09496044423036
2016-02-17;2016;2;Winter;2016;Industrial;PM25;18.9375;17.825605896277295
2016-02-18;2016;2;Winter;2016;Industrial;PM25;23.3125;23.067846197947297
2016-02-19;2016;2;Winter;2016;Industrial;PM25;25.125;24.48305618190039
2016-02-20;2016;2;Winter;2016;Industrial;PM25;23.875;22.742324525759276
2016-02-21;2016;2;Winter;2016;Industrial;PM25;29.4375;28.551017633864586
2016-02-22;2016;2;Winter;2016;Industrial;PM25;52.4375;53.450850072255406
2016-02-23;2016;2;Winter;2016;Industrial;PM25;49.125;50.288445341521296
2016-02-24;2016;2;Winter;2016;Industrial;PM25;15.5;15.149499236072732
2016-02-25;2016;2;Winter;2016;Industrial;PM25;18.1875;17.525135718992974
2016-02-26;2016;2;Winter;2016;Industrial;PM25;27.0625;26.403061028479563
2016-02-27;2016;2;Winter;2016;Industrial;PM25;14.125;12.918751828549306
2016-02-28;2016;2;Winter;2016;Industrial;PM25;6.6875;5.716947955423293
2016-02-29;2016;2;Winter;2016;Industrial;PM25;5.8125;5.349630448338126
2016-03-01;2016;3;Spring;2016;Industrial;PM25;17.8125;17.166763696757815
2016-03-02;2016;3;Spring;2016;Industrial;PM25;25.75;24.780077604371375
2016-03-03;2016;3;Spring;2016;Industrial;PM25;11.0;10.851685811639474
2016-03-04;2016;3;Spring;2016;Industrial;PM25;17.75;17.725417648049696
2016-03-05;2016;3;Spring;2016;Industrial;PM25;11.0625;10.527408291787708
2016-03-06;2016;3;Spring;2016;Industrial;PM25;25.6875;25.702615084091104
2016-03-07;2016;3;Spring;2016;Industrial;PM25;60.4375;57.10563769456503
2016-03-08;2016;3;Spring;2016;Industrial;PM25;21.25;21.59940363434333
2016-03-09;2016;3;Spring;2016;Industrial;PM25;26.125;26.289730867094388
2016-03-10;2016;3;Spring;2016;Industrial;PM25;29.8125;29.69241658121123
2016-03-11;2016;3;Spring;2016;Industrial;PM25;26.5625;26.122958304642964
2016-03-12;2016;3;Spring;2016;Industrial;PM25;27.25;27.019596138103864
2016-03-13;2016;3;Spring;2016;Industrial;PM25;23.0;22.8560654642816
2016-03-14;2016;3;Spring;2016;Industrial;PM25;25.375;25.59738816666322
2016-03-15;2016;3;Spring;2016;Industrial;PM25;26.875;26.259933270879447
2016-03-16;2016;3;Spring;2016;Industrial;PM25;11.75;11.772491525874528
2016-03-17;2016;3;Spring;2016;Industrial;PM25;25.5625;25.07360003309859
2016-03-18;2016;3;Spring;2016;Industrial;PM25;29.1875;28.822239887937634
2016-03-19;2016;3;Spring;2016;Industrial;PM25;28.1875;28.030019238555127
2016-03-20;2016;3;Spring;2016;Industrial;PM25;42.375;39.63694984677126
2016-03-21;2016;3;Spring;2016;Industrial;PM25;29.3125;27.97615128419572
2016-03-22;2016;3;Spring;2016;Industrial;PM25;33.875;33.7273060407881
2016-03-23;2016;3;Spring;2016;Industrial;PM25;18.5;18.13974697310444
2016-03-24;2016;3;Spring;2016;Industrial;PM25;16.6875;16.31284077509804
2016-03-25;2016;3;Spring;2016;Industrial;PM25;23.1875;21.9673092324378
2016-03-26;2016;3;Spring;2016;Industrial;PM25;36.0;36.452372016324695
2016-03-27;2016;3;Spring;2016;Industrial;PM25;40.4375;39.4958848405505
2016-03-28;2016;3;Spring;2016;Industrial;PM25;31.5;31.12000307344045
2016-03-29;2016;3;Spring;2016;Industrial;PM25;23.75;22.842432982744405
2016-03-30;2016;3;Spring;2016;Industrial;PM25;23.8125;22.82072089909954
2016-03-31;2016;3;Spring;2016;Industrial;PM25;28.6875;27.704769447637737
2016-04-01;2016;4;Spring;2016;Industrial;PM25;30.6875;30.119737102632225
2016-04-02;2016;4;Spring;2016;Industrial;PM25;32.875;32.7541188534885
2016-04-03;2016;4;Spring;2016;Industrial;PM25;22.3125;21.53424965202153
2016-04-04;2016;4;Spring;2016;Industrial;PM25;34.9375;34.36313585493361
2016-04-05;2016;4;Spring;2016;Industrial;PM25;45.0625;45.36181782181729
2016-04-06;2016;4;Spring;2016;Industrial;PM25;49.3125;49.428520345289215
2016-04-07;2016;4;Spring;2016;Industrial;PM25;47.5625;46.65672329874728
2016-04-08;2016;4;Spring;2016;Industrial;PM25;33.625;33.07214310411575
2016-04-09;2016;4;Spring;2016;Industrial;PM25;16.8125;15.77543493615223
2016-04-10;2016;4;Spring;2016;Industrial;PM25;16.3125;15.60429158675229
2016-04-11;2016;4;Spring;2016;Industrial;PM25;17.8125;16.861104133481884
2016-04-12;2016;4;Spring;2016;Industrial;PM25;18.0625;17.443503367485956
2016-04-13;2016;4;Spring;2016;Industrial;PM25;17.625;16.71935646885334
2016-04-14;2016;4;Spring;2016;Industrial;PM25;14.3125;13.501768705874705
2016-04-15;2016;4;Spring;2016;Industrial;PM25;13.25;12.040726041201834
2016-04-16;2016;4;Spring;2016;Industrial;PM25;11.0625;9.993244341471057
2016-04-17;2016;4;Spring;2016;Industrial;PM25;14.25;13.570557622575604
2016-04-18;2016;4;Spring;2016;Industrial;PM25;10.625;10.3064426995446
2016-04-19;2016;4;Spring;2016;Industrial;PM25;9.875;9.89143958177568
2016-04-20;2016;4;Spring;2016;Industrial;PM25;17.8125;16.837435686780957
2016-04-21;2016;4;Spring;2016;Industrial;PM25;17.5;16.670033660083398
2016-04-22;2016;4;Spring;2016;Industrial;PM25;38.875;37.61517570327115
2016-04-23;2016;4;Spring;2016;Industrial;PM25;19.9375;19.37880153553813
2016-04-24;2016;4;Spring;2016;Industrial;PM25;13.625;13.164219242692452
2016-04-25;2016;4;Spring;2016;Industrial;PM25;5.125;4.494770718387153
2016-04-26;2016;4;Spring;2016;Industrial;PM25;32.75;31.396651132001317
2016-04-27;2016;4;Spring;2016;Industrial;PM25;8.8125;8.439720671546738
2016-04-28;2016;4;Spring;2016;Industrial;PM25;10.6875;10.258721626086416
2016-04-29;2016;4;Spring;2016;Industrial;PM25;17.1875;16.553774864576532
2016-04-30;2016;4;Spring;2016;Industrial;PM25;17.9375;17.410339762931354
2016-05-01;2016;5;Spring;2016;Industrial;PM25;11.75;11.768572889299994
2016-05-02;2016;5;Spring;2016;Industrial;PM25;32.125;36.56642029889208
2016-05-03;2016;5;Spring;2016;Industrial;PM25;9.0;8.339461497770278
2016-05-04;2016;5;Spring;2016;Industrial;PM25;7.1875;6.9797862185748105
2016-05-05;2016;5;Spring;2016;Industrial;PM25;6.6875;5.712325973822562
2016-05-06;2016;5;Spring;2016;Industrial;PM25;12.8125;11.713280513500974
2016-05-07;2016;5;Spring;2016;Industrial;PM25;15.875;14.282800849924492
2016-05-08;2016;5;Spring;2016;Industrial;PM25;11.9375;11.441068256975084
2016-05-09;2016;5;Spring;2016;Industrial;PM25;13.4375;12.100238487158045
2016-05-10;2016;5;Spring;2016;Industrial;PM25;22.1875;20.849377776070316
2016-05-11;2016;5;Spring;2016;Industrial;PM25;16.4375;16.776404251986655
2016-05-12;2016;5;Spring;2016;Industrial;PM25;8.9375;8.888906948635126
2016-05-13;2016;5;Spring;2016;Industrial;PM25;15.9375;15.354240609014049
2016-05-14;2016;5;Spring;2016;Industrial;PM25;17.0625;16.915220327262304
2016-05-15;2016;5;Spring;2016;Industrial;PM25;7.75;6.6993761506931495
2016-05-16;2016;5;Spring;2016;Industrial;PM25;9.375;9.136292307828702
2016-05-17;2016;5;Spring;2016;Industrial;PM25;12.375;10.568087049290302
2016-05-18;2016;5;Spring;2016;Industrial;PM25;18.4375;16.627383763368726
2016-05-19;2016;5;Spring;2016;Industrial;PM25;7.3125;6.678497442247394
2016-05-20;2016;5;Spring;2016;Industrial;PM25;6.75;6.2802209330847
2016-05-21;2016;5;Spring;2016;Industrial;PM25;12.9375;11.922584763418966
2016-05-22;2016;5;Spring;2016;Industrial;PM25;10.4375;9.665325976777794
2016-05-23;2016;5;Spring;2016;Industrial;PM25;10.25;9.517653073588212
2016-05-24;2016;5;Spring;2016;Industrial;PM25;9.0625;8.387374661256624
2016-05-25;2016;5;Spring;2016;Industrial;PM25;13.125;12.508657349807764
2016-05-26;2016;5;Spring;2016;Industrial;PM25;17.625;16.24061492450862
2016-05-27;2016;5;Spring;2016;Industrial;PM25;23.375;21.53800870611112
2016-05-28;2016;5;Spring;2016;Industrial;PM25;17.625;16.193088896309803
2016-05-29;2016;5;Spring;2016;Industrial;PM25;46.875;41.913736801198645
2016-05-30;2016;5;Spring;2016;Industrial;PM25;43.3125;39.221855116835066
2016-05-31;2016;5;Spring;2016;Industrial;PM25;8.0;6.94878879849165
2016-06-01;2016;6;Summer;2016;Industrial;PM25;13.625;12.707656708522592
2016-06-02;2016;6;Summer;2016;Industrial;PM25;16.25;15.51614590567493
2016-06-03;2016;6;Summer;2016;Industrial;PM25;10.1875;9.602335223696226
2016-06-04;2016;6;Summer;2016;Industrial;PM25;9.3125;8.557264992626697
2016-06-05;2016;6;Summer;2016;Industrial;PM25;6.875;6.36705153627694
2016-06-06;2016;6;Summer;2016;Industrial;PM25;5.9375;4.8169382031603245
2016-06-07;2016;6;Summer;2016;Industrial;PM25;8.75;7.784649347041666
2016-06-08;2016;6;Summer;2016;Industrial;PM25;10.25;8.520442811843385
2016-06-09;2016;6;Summer;2016;Industrial;PM25;24.625;25.567292092096825
2016-06-10;2016;6;Summer;2016;Industrial;PM25;13.375;12.553322714202546
2016-06-11;2016;6;Summer;2016;Industrial;PM25;15.875;15.813291447856423
2016-06-12;2016;6;Summer;2016;Industrial;PM25;11.4375;9.899250257843924
2016-06-13;2016;6;Summer;2016;Industrial;PM25;25.6875;27.878250384918864
2016-06-14;2016;6;Summer;2016;Industrial;PM25;7.125;6.5211638882567975
2016-06-15;2016;6;Summer;2016;Industrial;PM25;8.5;7.65849052700638
2016-06-16;2016;6;Summer;2016;Industrial;PM25;12.8125;11.75308156733642
2016-06-17;2016;6;Summer;2016;Industrial;PM25;12.25;11.998974534772728
2016-06-18;2016;6;Summer;2016;Industrial;PM25;9.6875;9.27482468090891
2016-06-19;2016;6;Summer;2016;Industrial;PM25;11.75;10.673978893738752
2016-06-20;2016;6;Summer;2016;Industrial;PM25;7.5625;7.701861500134463
2016-06-21;2016;6;Summer;2016;Industrial;PM25;12.125;11.019383361457283
2016-06-22;2016;6;Summer;2016;Industrial;PM25;15.125;15.003300993253209
2016-06-23;2016;6;Summer;2016;Industrial;PM25;16.875;17.301785255169438
2016-06-24;2016;6;Summer;2016;Industrial;PM25;23.6875;23.700144510805803
2016-06-25;2016;6;Summer;2016;Industrial;PM25;20.875;20.825136014516097
2016-06-26;2016;6;Summer;2016;Industrial;PM25;16.1875;15.452694136525771
2016-06-27;2016;6;Summer;2016;Industrial;PM25;6.25;6.112071232892905
2016-06-28;2016;6;Summer;2016;Industrial;PM25;9.625;9.244208485650876
2016-06-29;2016;6;Summer;2016;Industrial;PM25;9.8125;9.337389880697316
2016-06-30;2016;6;Summer;2016;Industrial;PM25;13.625;13.237435095734714
2016-07-01;2016;7;Summer;2016;Industrial;PM25;20.0;19.43634875274467
2016-07-02;2016;7;Summer;2016;Industrial;PM25;16.375;16.086345945275028
2016-07-03;2016;7;Summer;2016;Industrial;PM25;12.5625;12.698344775003472
2016-07-04;2016;7;Summer;2016;Industrial;PM25;9.0625;8.38891138148193
2016-07-05;2016;7;Summer;2016;Industrial;PM25;11.375;11.09244849770822
2016-07-06;2016;7;Summer;2016;Industrial;PM25;12.25;12.54908195742694
2016-07-07;2016;7;Summer;2016;Industrial;PM25;13.125;12.95738556605976
2016-07-08;2016;7;Summer;2016;Industrial;PM25;13.5;13.212590467015186
2016-07-09;2016;7;Summer;2016;Industrial;PM25;16.125;16.51052505592775
2016-07-10;2016;7;Summer;2016;Industrial;PM25;21.0;21.376895411412512
2016-07-11;2016;7;Summer;2016;Industrial;PM25;17.75;17.309731871872994
2016-07-12;2016;7;Summer;2016;Industrial;PM25;16.0625;14.896374817883878
2016-07-13;2016;7;Summer;2016;Industrial;PM25;10.125;9.418889246800225
2016-07-14;2016;7;Summer;2016;Industrial;PM25;3.3125;3.1021327903588536
2016-07-15;2016;7;Summer;2016;Industrial;PM25;5.3125;5.094466920619535
2016-07-16;2016;7;Summer;2016;Industrial;PM25;9.625;9.72361200178496
2016-07-17;2016;7;Summer;2016;Industrial;PM25;7.9375;7.911139152971633
2016-07-18;2016;7;Summer;2016;Industrial;PM25;14.9375;14.218294063236035
2016-07-19;2016;7;Summer;2016;Industrial;PM25;17.0625;16.84370668739269
2016-07-20;2016;7;Summer;2016;Industrial;PM25;19.625;19.19204569969532
2016-07-21;2016;7;Summer;2016;Industrial;PM25;22.25;21.454567753108165
2016-07-22;2016;7;Summer;2016;Industrial;PM25;16.875;15.213412021289486
2016-07-23;2016;7;Summer;2016;Industrial;PM25;17.0;17.34592163317897
2016-07-24;2016;7;Summer;2016;Industrial;PM25;10.0625;9.38939308416794
2016-07-25;2016;7;Summer;2016;Industrial;PM25;6.625;5.138363924901665
2016-07-26;2016;7;Summer;2016;Industrial;PM25;8.375;8.132769672235307
2016-07-27;2016;7;Summer;2016;Industrial;PM25;13.375;13.014566334597188
2016-07-28;2016;7;Summer;2016;Industrial;PM25;7.0;6.366646669602196
2016-07-29;2016;7;Summer;2016;Industrial;PM25;12.125;11.48574839752588
2016-07-30;2016;7;Summer;2016;Industrial;PM25;15.9375;15.407440681121688
2016-07-31;2016;7;Summer;2016;Industrial;PM25;8.9375;8.44935177003573
2016-08-01;2016;8;Summer;2016;Industrial;PM25;7.0625;6.985256351530662
2016-08-02;2016;8;Summer;2016;Industrial;PM25;6.375;6.1620235059089845
2016-08-03;2016;8;Summer;2016;Industrial;PM25;10.3125;10.157773883439772
2016-08-04;2016;8;Summer;2016;Industrial;PM25;12.8125;12.357370198857508
2016-08-05;2016;8;Summer;2016;Industrial;PM25;6.0625;5.4642520457588
2016-08-06;2016;8;Summer;2016;Industrial;PM25;3.375;3.714424187976346
2016-08-07;2016;8;Summer;2016;Industrial;PM25;4.75;4.872094638324029
2016-08-08;2016;8;Summer;2016;Industrial;PM25;9.0625;9.017524521030904
2016-08-09;2016;8;Summer;2016;Industrial;PM25;12.0625;10.929556153825695
2016-08-10;2016;8;Summer;2016;Industrial;PM25;7.1875;6.994701270453894
2016-08-11;2016;8;Summer;2016;Industrial;PM25;9.5;8.518844031762825
2016-08-12;2016;8;Summer;2016;Industrial;PM25;8.25;7.633929600482293
2016-08-13;2016;8;Summer;2016;Industrial;PM25;8.3125;8.13789995360287
2016-08-14;2016;8;Summer;2016;Industrial;PM25;12.125;11.499348371519844
2016-08-15;2016;8;Summer;2016;Industrial;PM25;14.125;13.066078969688194
2016-08-16;2016;8;Summer;2016;Industrial;PM25;11.625;10.096538537692496
2016-08-17;2016;8;Summer;2016;Industrial;PM25;4.375;3.649970595449535
2016-08-18;2016;8;Summer;2016;Industrial;PM25;9.4375;8.572381000227553
2016-08-19;2016;8;Summer;2016;Industrial;PM25;11.0;10.410292479232112
2016-08-20;2016;8;Summer;2016;Industrial;PM25;11.625;10.096538537692496
2016-08-21;2016;8;Summer;2016;Industrial;PM25;10.5;10.10599823277174
2016-08-22;2016;8;Summer;2016;Industrial;PM25;30.375;27.92546020337901
2016-08-23;2016;8;Summer;2016;Industrial;PM25;8.8125;8.256543620690165
2016-08-24;2016;8;Summer;2016;Industrial;PM25;8.625;8.790943989503019
2016-08-25;2016;8;Summer;2016;Industrial;PM25;10.4375;10.16031242704273
2016-08-26;2016;8;Summer;2016;Industrial;PM25;12.5;12.148961383993877
2016-08-27;2016;8;Summer;2016;Industrial;PM25;19.3125;18.409414775564965
2016-08-28;2016;8;Summer;2016;Industrial;PM25;19.8125;18.74079371599637
2016-08-29;2016;8;Summer;2016;Industrial;PM25;15.0;14.355467029963089
2016-08-30;2016;8;Summer;2016;Industrial;PM25;8.375;8.087087708306859
2016-08-31;2016;8;Summer;2016;Industrial;PM25;8.625;8.732589994178195
2016-09-01;2016;9;Autumn;2016;Industrial;PM25;13.5;12.034845131108831
2016-09-02;2016;9;Autumn;2016;Industrial;PM25;14.75;13.239858385320776
2016-09-03;2016;9;Autumn;2016;Industrial;PM25;18.8125;18.299571786998754
2016-09-04;2016;9;Autumn;2016;Industrial;PM25;22.625;22.790344077568907
2016-09-05;2016;9;Autumn;2016;Industrial;PM25;11.375;11.08227954714037
2016-09-06;2016;9;Autumn;2016;Industrial;PM25;7.6875;7.241587195574246
2016-09-07;2016;9;Autumn;2016;Industrial;PM25;10.3125;9.529063221261117
2016-09-08;2016;9;Autumn;2016;Industrial;PM25;17.9375;17.88712198898881
2016-09-09;2016;9;Autumn;2016;Industrial;PM25;18.9375;18.826096464656917
2016-09-10;2016;9;Autumn;2016;Industrial;PM25;13.875;13.849900851993157
2016-09-11;2016;9;Autumn;2016;Industrial;PM25;11.4375;11.132787403622524
2016-09-12;2016;9;Autumn;2016;Industrial;PM25;17.8125;17.19102910016165
2016-09-13;2016;9;Autumn;2016;Industrial;PM25;18.625;17.024312687103077
2016-09-14;2016;9;Autumn;2016;Industrial;PM25;28.9375;26.198957985477996
2016-09-15;2016;9;Autumn;2016;Industrial;PM25;27.8125;26.78207534066428
2016-09-16;2016;9;Autumn;2016;Industrial;PM25;17.875;17.39247539031216
2016-09-17;2016;9;Autumn;2016;Industrial;PM25;13.625;13.155489489720228
2016-09-18;2016;9;Autumn;2016;Industrial;PM25;11.875;11.314776451535684
2016-09-19;2016;9;Autumn;2016;Industrial;PM25;9.0;8.391970045776532
2016-09-20;2016;9;Autumn;2016;Industrial;PM25;10.625;9.631863893871737
2016-09-21;2016;9;Autumn;2016;Industrial;PM25;12.25;11.594323591906212
2016-09-22;2016;9;Autumn;2016;Industrial;PM25;16.0;15.99520365975832
2016-09-23;2016;9;Autumn;2016;Industrial;PM25;17.8125;17.241256209679563
2016-09-24;2016;9;Autumn;2016;Industrial;PM25;14.8125;14.428458285433962
2016-09-25;2016;9;Autumn;2016;Industrial;PM25;15.6875;15.84068644110372
2016-09-26;2016;9;Autumn;2016;Industrial;PM25;22.5625;22.73551271783748
2016-09-27;2016;9;Autumn;2016;Industrial;PM25;21.0;19.90110023257669
2016-09-28;2016;9;Autumn;2016;Industrial;PM25;28.5625;28.664454183573053
2016-09-29;2016;9;Autumn;2016;Industrial;PM25;44.8125;45.21841818294654
2016-09-30;2016;9;Autumn;2016;Industrial;PM25;36.125;35.918929142421455
2016-10-01;2016;10;Autumn;2016;Industrial;PM25;22.4375;21.64497625471729
2016-10-02;2016;10;Autumn;2016;Industrial;PM25;22.5;22.251629071200384
2016-10-03;2016;10;Autumn;2016;Industrial;PM25;16.4375;15.646468646474556
2016-10-04;2016;10;Autumn;2016;Industrial;PM25;11.4375;10.61897908582878
2016-10-05;2016;10;Autumn;2016;Industrial;PM25;11.1875;9.95855879284716
2016-10-06;2016;10;Autumn;2016;Industrial;PM25;8.4375;7.687162180133162
2016-10-07;2016;10;Autumn;2016;Industrial;PM25;23.5;23.146877945996103
2016-10-08;2016;10;Autumn;2016;Industrial;PM25;25.1875;24.55212880079673
2016-10-09;2016;10;Autumn;2016;Industrial;PM25;14.0625;12.917936184737412
2016-10-10;2016;10;Autumn;2016;Industrial;PM25;9.8125;9.376041349594985
2016-10-11;2016;10;Autumn;2016;Industrial;PM25;9.6875;8.762615143195728
2016-10-12;2016;10;Autumn;2016;Industrial;PM25;13.1875;13.05182293436727
2016-10-13;2016;10;Autumn;2016;Industrial;PM25;17.375;17.210507029017414
2016-10-14;2016;10;Autumn;2016;Industrial;PM25;14.625;14.65266872153743
2016-10-15;2016;10;Autumn;2016;Industrial;PM25;17.375;18.146520363020603
2016-10-16;2016;10;Autumn;2016;Industrial;PM25;17.625;17.109074628453556
2016-10-17;2016;10;Autumn;2016;Industrial;PM25;26.25;25.94410771226687
2016-10-18;2016;10;Autumn;2016;Industrial;PM25;30.5;30.03746642118546
2016-10-19;2016;10;Autumn;2016;Industrial;PM25;45.0625;44.38962359220174
2016-10-20;2016;10;Autumn;2016;Industrial;PM25;19.75;17.91100616756752
2016-10-21;2016;10;Autumn;2016;Industrial;PM25;18.25;17.26052431711995
2016-10-22;2016;10;Autumn;2016;Industrial;PM25;31.5;30.137167056264648
2016-10-23;2016;10;Autumn;2016;Industrial;PM25;28.625;27.232461441620885
2016-10-24;2016;10;Autumn;2016;Industrial;PM25;25.375;25.036975852805845
2016-10-25;2016;10;Autumn;2016;Industrial;PM25;30.6875;31.297399692064907
2016-10-26;2016;10;Autumn;2016;Industrial;PM25;21.875;21.79072825762524
2016-10-27;2016;10;Autumn;2016;Industrial;PM25;24.0625;22.12720201664977
2016-10-28;2016;10;Autumn;2016;Industrial;PM25;19.0;18.355487716581507
2016-10-29;2016;10;Autumn;2016;Industrial;PM25;23.1875;23.41242911139153
2016-10-30;2016;10;Autumn;2016;Industrial;PM25;27.375;26.841425248904347
2016-10-31;2016;10;Autumn;2016;Industrial;PM25;36.3125;36.512153388320336
2016-11-01;2016;11;Autumn;2016;Industrial;PM25;50.8125;50.58742017181714
2016-11-02;2016;11;Autumn;2016;Industrial;PM25;56.1875;56.642467263426354
2016-11-03;2016;11;Autumn;2016;Industrial;PM25;25.125;23.797055407629816
2016-11-04;2016;11;Autumn;2016;Industrial;PM25;17.5;15.57574109810481
2016-11-05;2016;11;Autumn;2016;Industrial;PM25;23.75;22.6535700670542
2016-11-06;2016;11;Autumn;2016;Industrial;PM25;19.9375;18.810120484776128
2016-11-07;2016;11;Autumn;2016;Industrial;PM25;15.625;14.108217611404829
2016-11-08;2016;11;Autumn;2016;Industrial;PM25;14.0;13.297234199117568
2016-11-09;2016;11;Autumn;2016;Industrial;PM25;22.1875;22.402224698049253
2016-11-10;2016;11;Autumn;2016;Industrial;PM25;39.0625;39.72097298032112
2016-11-11;2016;11;Autumn;2016;Industrial;PM25;48.25;48.39263201756589
2016-11-12;2016;11;Autumn;2016;Industrial;PM25;20.375;18.456606862637894
2016-11-13;2016;11;Autumn;2016;Industrial;PM25;19.75;17.69770644506373
2016-11-14;2016;11;Autumn;2016;Industrial;PM25;24.5625;22.94352257648877
2016-11-15;2016;11;Autumn;2016;Industrial;PM25;43.6875;46.21415969478373
2016-11-16;2016;11;Autumn;2016;Industrial;PM25;43.25;43.23928507046749
2016-11-17;2016;11;Autumn;2016;Industrial;PM25;67.0625;68.64447091018165
2016-11-18;2016;11;Autumn;2016;Industrial;PM25;77.4375;77.81965406063543
2016-11-19;2016;11;Autumn;2016;Industrial;PM25;61.9375;63.4761320751929
2016-11-20;2016;11;Autumn;2016;Industrial;PM25;35.625;34.554711672867725
2016-11-21;2016;11;Autumn;2016;Industrial;PM25;34.25;33.49535880939645
2016-11-22;2016;11;Autumn;2016;Industrial;PM25;29.125;27.76486702937204
2016-11-23;2016;11;Autumn;2016;Industrial;PM25;25.3125;24.96513418227275
2016-11-24;2016;11;Autumn;2016;Industrial;PM25;13.9375;12.24523690610935
2016-11-25;2016;11;Autumn;2016;Industrial;PM25;13.125;11.87902170026272
2016-11-26;2016;11;Autumn;2016;Industrial;PM25;19.5625;16.99442643395206
2016-11-27;2016;11;Autumn;2016;Industrial;PM25;27.3125;25.39137899953603
2016-11-28;2016;11;Autumn;2016;Industrial;PM25;21.5625;20.5458607554162
2016-11-29;2016;11;Autumn;2016;Industrial;PM25;16.8125;15.782025101733836
2016-11-30;2016;11;Autumn;2016;Industrial;PM25;29.9375;28.10432261667992
2016-12-01;2016;12;Winter;2017;Industrial;PM25;42.4375;40.662896776729326
2016-12-02;2016;12;Winter;2017;Industrial;PM25;40.8125;39.52369652139736
2016-12-03;2016;12;Winter;2017;Industrial;PM25;50.75;48.97814606525741
2016-12-04;2016;12;Winter;2017;Industrial;PM25;56.0;53.44454656410044
2016-12-05;2016;12;Winter;2017;Industrial;PM25;50.875;48.94575082081547
2016-12-06;2016;12;Winter;2017;Industrial;PM25;46.4375;43.55164118764832
2016-12-07;2016;12;Winter;2017;Industrial;PM25;51.9375;46.52970450643206
2016-12-08;2016;12;Winter;2017;Industrial;PM25;61.125;59.07625087548725
2016-12-09;2016;12;Winter;2017;Industrial;PM25;67.625;67.58128511184073
2016-12-10;2016;12;Winter;2017;Industrial;PM25;71.75;70.51904498748459
2016-12-11;2016;12;Winter;2017;Industrial;PM25;60.0;59.29842515729218
2016-12-12;2016;12;Winter;2017;Industrial;PM25;45.25;44.35519219346126
2016-12-13;2016;12;Winter;2017;Industrial;PM25;45.5;45.3792359545249
2016-12-14;2016;12;Winter;2017;Industrial;PM25;46.25;47.388834545470665
2016-12-15;2016;12;Winter;2017;Industrial;PM25;49.5625;49.48613553281341
2016-12-16;2016;12;Winter;2017;Industrial;PM25;45.9375;44.18505953313257
2016-12-17;2016;12;Winter;2017;Industrial;PM25;44.4375;40.77849360044683
2016-12-18;2016;12;Winter;2017;Industrial;PM25;56.9375;54.88008853872682
2016-12-19;2016;12;Winter;2017;Industrial;PM25;52.25;50.97416536882763
2016-12-20;2016;12;Winter;2017;Industrial;PM25;50.25;48.34585070763011
2016-12-21;2016;12;Winter;2017;Industrial;PM25;44.6875;43.39540402443385
2016-12-22;2016;12;Winter;2017;Industrial;PM25;36.25;33.633690226754894
2016-12-23;2016;12;Winter;2017;Industrial;PM25;27.625;23.75297517901313
2016-12-24;2016;12;Winter;2017;Industrial;PM25;59.3125;58.07331042044074
2016-12-25;2016;12;Winter;2017;Industrial;PM25;36.125;31.548946016791625
2016-12-26;2016;12;Winter;2017;Industrial;PM25;42.0;37.423945647387725
2016-12-27;2016;12;Winter;2017;Industrial;PM25;28.125;26.23462762609233
2016-12-28;2016;12;Winter;2017;Industrial;PM25;26.6875;23.968940520061587
2016-12-29;2016;12;Winter;2017;Industrial;PM25;20.0;17.849667388728157
2016-12-30;2016;12;Winter;2017;Industrial;PM25;30.875;28.223681449718217
2016-12-31;2016;12;Winter;2017;Industrial;PM25;43.75;39.75415431626293
2017-01-01;2017;1;Winter;2017;Industrial;PM25;46.0625;40.798347576159486
2017-01-02;2017;1;Winter;2017;Industrial;PM25;47.0;44.63894214153421
2017-01-03;2017;1;Winter;2017;Industrial;PM25;35.5625;31.91591661669616
2017-01-04;2017;1;Winter;2017;Industrial;PM25;30.1875;27.86216114824847
2017-01-05;2017;1;Winter;2017;Industrial;PM25;15.0625;13.889369721711027
2017-01-06;2017;1;Winter;2017;Industrial;PM25;15.0;12.29999438754863
2017-01-07;2017;1;Winter;2017;Industrial;PM25;39.6875;38.92382426528581
2017-01-08;2017;1;Winter;2017;Industrial;PM25;44.3125;42.510171829629606
2017-01-09;2017;1;Winter;2017;Industrial;PM25;49.875;47.97438063645198
2017-01-10;2017;1;Winter;2017;Industrial;PM25;34.5625;33.0169850502019
2017-01-11;2017;1;Winter;2017;Industrial;PM25;30.5;30.07207864521332
2017-01-12;2017;1;Winter;2017;Industrial;PM25;44.5;44.5545574582094
2017-01-13;2017;1;Winter;2017;Industrial;PM25;41.4375;39.943069065645005
2017-01-14;2017;1;Winter;2017;Industrial;PM25;18.0625;15.24921647224938
2017-01-15;2017;1;Winter;2017;Industrial;PM25;22.0625;19.79049014424
2017-01-16;2017;1;Winter;2017;Industrial;PM25;13.875;11.774004306817949
2017-01-17;2017;1;Winter;2017;Industrial;PM25;15.375;12.892276380736885
2017-01-18;2017;1;Winter;2017;Industrial;PM25;24.3125;22.4201894645426
2017-01-19;2017;1;Winter;2017;Industrial;PM25;32.5;30.50260683596577
2017-01-20;2017;1;Winter;2017;Industrial;PM25;36.25;34.30918994603185
2017-01-21;2017;1;Winter;2017;Industrial;PM25;40.0;37.13040087672398
2017-01-22;2017;1;Winter;2017;Industrial;PM25;26.125;23.376698874260413
2017-01-23;2017;1;Winter;2017;Industrial;PM25;22.625;20.10003456088476
2017-01-24;2017;1;Winter;2017;Industrial;PM25;25.75;23.14054464409673
2017-01-25;2017;1;Winter;2017;Industrial;PM25;30.3125;27.86032380890489
2017-01-26;2017;1;Winter;2017;Industrial;PM25;39.25;37.94181069496918
2017-01-27;2017;1;Winter;2017;Industrial;PM25;45.4375;44.94949384550398
2017-01-28;2017;1;Winter;2017;Industrial;PM25;69.1875;68.71648849595165
2017-01-29;2017;1;Winter;2017;Industrial;PM25;78.8125;78.72122363255576
2017-01-30;2017;1;Winter;2017;Industrial;PM25;108.9375;112.6339322902051
2017-01-31;2017;1;Winter;2017;Industrial;PM25;114.625;122.14173212064998
2017-02-01;2017;2;Winter;2017;Industrial;PM25;129.0625;138.7722201380663
2017-02-02;2017;2;Winter;2017;Industrial;PM25;91.4375;92.24013316279358
2017-02-03;2017;2;Winter;2017;Industrial;PM25;39.625;37.94866083956365
2017-02-04;2017;2;Winter;2017;Industrial;PM25;24.5625;22.55385737874889
2017-02-05;2017;2;Winter;2017;Industrial;PM25;19.6875;17.565788268795067
2017-02-06;2017;2;Winter;2017;Industrial;PM25;25.0625;23.59797124652545
2017-02-07;2017;2;Winter;2017;Industrial;PM25;15.5625;12.99084579642162
2017-02-08;2017;2;Winter;2017;Industrial;PM25;27.0625;25.487329152549385
2017-02-09;2017;2;Winter;2017;Industrial;PM25;31.875;29.682444547503493
2017-02-10;2017;2;Winter;2017;Industrial;PM25;32.75;31.049061686748413
2017-02-11;2017;2;Winter;2017;Industrial;PM25;35.0625;33.24018633338552
2017-02-12;2017;2;Winter;2017;Industrial;PM25;44.8125;42.526681298425856
2017-02-13;2017;2;Winter;2017;Industrial;PM25;39.8125;38.16870142644883
2017-02-14;2017;2;Winter;2017;Industrial;PM25;35.875;34.078494563306975
2017-02-15;2017;2;Winter;2017;Industrial;PM25;35.0;33.09676752340245
2017-02-16;2017;2;Winter;2017;Industrial;PM25;29.1875;27.64812588433033
2017-02-17;2017;2;Winter;2017;Industrial;PM25;42.4375;42.07918578100215
2017-02-18;2017;2;Winter;2017;Industrial;PM25;43.8125;44.07915919570618
2017-02-19;2017;2;Winter;2017;Industrial;PM25;48.1875;47.32430811767243
2017-02-20;2017;2;Winter;2017;Industrial;PM25;62.0;63.23957782550003
2017-02-21;2017;2;Winter;2017;Industrial;PM25;66.0625;69.16276699760436
2017-02-22;2017;2;Winter;2017;Industrial;PM25;66.1875;69.4598931271102
2017-02-23;2017;2;Winter;2017;Industrial;PM25;73.6875;75.92747826652055
2017-02-24;2017;2;Winter;2017;Industrial;PM25;57.0;57.58402873575102
2017-02-25;2017;2;Winter;2017;Industrial;PM25;21.875;19.253059524477678
2017-02-26;2017;2;Winter;2017;Industrial;PM25;25.9375;23.80046553807162
2017-02-27;2017;2;Winter;2017;Industrial;PM25;34.75;33.70364779799901
2017-02-28;2017;2;Winter;2017;Industrial;PM25;24.6875;22.778355433591408
2017-03-01;2017;3;Spring;2017;Industrial;PM25;22.125;21.864406128796897
2017-03-02;2017;3;Spring;2017;Industrial;PM25;20.875;20.245408867082386
2017-03-03;2017;3;Spring;2017;Industrial;PM25;35.875;34.79687947703769
2017-03-04;2017;3;Spring;2017;Industrial;PM25;22.4375;21.583367057273588
2017-03-05;2017;3;Spring;2017;Industrial;PM25;9.4375;8.179500964455459
2017-03-06;2017;3;Spring;2017;Industrial;PM25;13.6875;12.147637010276696
2017-03-07;2017;3;Spring;2017;Industrial;PM25;10.0625;9.37231230042566
2017-03-08;2017;3;Spring;2017;Industrial;PM25;11.625;10.62809238685741
2017-03-09;2017;3;Spring;2017;Industrial;PM25;19.625;19.09427736734676
2017-03-10;2017;3;Spring;2017;Industrial;PM25;17.625;17.096912265569383
2017-03-11;2017;3;Spring;2017;Industrial;PM25;12.75;12.369733526716743
2017-03-12;2017;3;Spring;2017;Industrial;PM25;16.5625;15.730239001810752
2017-03-13;2017;3;Spring;2017;Industrial;PM25;21.25;20.562987950953083
2017-03-14;2017;3;Spring;2017;Industrial;PM25;33.375;32.879807876927806
2017-03-15;2017;3;Spring;2017;Industrial;PM25;38.875;38.59629637287945
2017-03-16;2017;3;Spring;2017;Industrial;PM25;61.5625;62.34173330221869
2017-03-17;2017;3;Spring;2017;Industrial;PM25;84.625;86.59818097497143
2017-03-18;2017;3;Spring;2017;Industrial;PM25;50.875;52.89808379094505
2017-03-19;2017;3;Spring;2017;Industrial;PM25;46.5625;46.449191068522126
2017-03-20;2017;3;Spring;2017;Industrial;PM25;51.4375;51.91710113932763
2017-03-21;2017;3;Spring;2017;Industrial;PM25;61.6875;63.24198527174603
2017-03-22;2017;3;Spring;2017;Industrial;PM25;50.9375;50.903016840308034
2017-03-23;2017;3;Spring;2017;Industrial;PM25;26.0625;24.886262196004527
2017-03-24;2017;3;Spring;2017;Industrial;PM25;17.875;16.69746523972552
2017-03-25;2017;3;Spring;2017;Industrial;PM25;23.625;22.579813489379173
2017-03-26;2017;3;Spring;2017;Industrial;PM25;13.25;12.017377921797875
2017-03-27;2017;3;Spring;2017;Industrial;PM25;16.8125;15.735496982568907
2017-03-28;2017;3;Spring;2017;Industrial;PM25;23.4375;23.022895847672164
2017-03-29;2017;3;Spring;2017;Industrial;PM25;16.8125;15.729098788005896
2017-03-30;2017;3;Spring;2017;Industrial;PM25;17.375;15.903338817781428
2017-03-31;2017;3;Spring;2017;Industrial;PM25;25.5;24.032977582687653
2017-04-01;2017;4;Spring;2017;Industrial;PM25;18.75;17.7521275621579
2017-04-02;2017;4;Spring;2017;Industrial;PM25;15.25;15.010876339972764
2017-04-03;2017;4;Spring;2017;Industrial;PM25;14.25;14.014031128427655
2017-04-04;2017;4;Spring;2017;Industrial;PM25;12.9375;12.372288669051466
2017-04-05;2017;4;Spring;2017;Industrial;PM25;13.5625;13.700484147778798
2017-04-06;2017;4;Spring;2017;Industrial;PM25;25.8125;25.662543976510413
2017-04-07;2017;4;Spring;2017;Industrial;PM25;19.125;18.42775445820644
2017-04-08;2017;4;Spring;2017;Industrial;PM25;23.875;24.21905102309081
2017-04-09;2017;4;Spring;2017;Industrial;PM25;24.75;25.1546318970381
2017-04-10;2017;4;Spring;2017;Industrial;PM25;33.0625;35.35136308720273
2017-04-11;2017;4;Spring;2017;Industrial;PM25;20.25;20.45567197289481
2017-04-12;2017;4;Spring;2017;Industrial;PM25;12.125;11.961528122812252
2017-04-13;2017;4;Spring;2017;Industrial;PM25;22.625;22.132991466119996
2017-04-14;2017;4;Spring;2017;Industrial;PM25;27.0;26.89283467195222
2017-04-15;2017;4;Spring;2017;Industrial;PM25;21.9375;20.332106471156436
2017-04-16;2017;4;Spring;2017;Industrial;PM25;30.875;28.366404456877174
2017-04-17;2017;4;Spring;2017;Industrial;PM25;5.3125;4.582572452316318
2017-04-18;2017;4;Spring;2017;Industrial;PM25;6.8125;6.306859301751971
2017-04-19;2017;4;Spring;2017;Industrial;PM25;7.25;7.027574859762564
2017-04-20;2017;4;Spring;2017;Industrial;PM25;6.9375;6.919854194421223
2017-04-21;2017;4;Spring;2017;Industrial;PM25;11.1875;10.987572851095758
2017-04-22;2017;4;Spring;2017;Industrial;PM25;18.9375;18.84869126495792
2017-04-23;2017;4;Spring;2017;Industrial;PM25;20.625;20.746243349983605
2017-04-24;2017;4;Spring;2017;Industrial;PM25;14.9375;14.39498365004298
2017-04-25;2017;4;Spring;2017;Industrial;PM25;18.6875;18.21173120493423
2017-04-26;2017;4;Spring;2017;Industrial;PM25;8.6875;8.262946300656067
2017-04-27;2017;4;Spring;2017;Industrial;PM25;12.3125;12.049543175997613
2017-04-28;2017;4;Spring;2017;Industrial;PM25;8.25;7.572582288875826
2017-04-29;2017;4;Spring;2017;Industrial;PM25;8.8125;8.387649062277532
2017-04-30;2017;4;Spring;2017;Industrial;PM25;12.4375;12.190400935802415
2017-05-01;2017;5;Spring;2017;Industrial;PM25;12.8125;12.333946764421784
2017-05-02;2017;5;Spring;2017;Industrial;PM25;11.0625;10.360280977039166
2017-05-03;2017;5;Spring;2017;Industrial;PM25;8.3125;7.506600538204547
2017-05-04;2017;5;Spring;2017;Industrial;PM25;9.4375;9.130708084588504
2017-05-05;2017;5;Spring;2017;Industrial;PM25;11.3125;11.033993731777995
2017-05-06;2017;5;Spring;2017;Industrial;PM25;12.875;12.33658757048796
2017-05-07;2017;5;Spring;2017;Industrial;PM25;15.25;15.041762546044255
2017-05-08;2017;5;Spring;2017;Industrial;PM25;9.8125;9.277642061482927
2017-05-09;2017;5;Spring;2017;Industrial;PM25;8.375;7.583943072019567
2017-05-10;2017;5;Spring;2017;Industrial;PM25;10.375;10.13968505286043
2017-05-11;2017;5;Spring;2017;Industrial;PM25;13.1875;12.433981325306544
2017-05-12;2017;5;Spring;2017;Industrial;PM25;10.5;10.157745330588156
2017-05-13;2017;5;Spring;2017;Industrial;PM25;9.5625;9.740022390727049
2017-05-14;2017;5;Spring;2017;Industrial;PM25;10.5;10.664765325684645
2017-05-15;2017;5;Spring;2017;Industrial;PM25;7.6875;7.784874738947163
2017-05-16;2017;5;Spring;2017;Industrial;PM25;21.625;19.815935226403333
2017-05-17;2017;5;Spring;2017;Industrial;PM25;13.75;13.747767573619116
2017-05-18;2017;5;Spring;2017;Industrial;PM25;11.125;10.986379466698963
2017-05-19;2017;5;Spring;2017;Industrial;PM25;10.9375;10.904239763922572
2017-05-20;2017;5;Spring;2017;Industrial;PM25;11.1875;11.514330951487745
2017-05-21;2017;5;Spring;2017;Industrial;PM25;10.25;10.581503132634042
2017-05-22;2017;5;Spring;2017;Industrial;PM25;12.6875;12.756233513424098
2017-05-23;2017;5;Spring;2017;Industrial;PM25;14.6875;14.7036034891724
2017-05-24;2017;5;Spring;2017;Industrial;PM25;19.625;20.13601037417327
2017-05-25;2017;5;Spring;2017;Industrial;PM25;11.5;11.115421539406793
2017-05-26;2017;5;Spring;2017;Industrial;PM25;8.25;8.048453178862918
2017-05-27;2017;5;Spring;2017;Industrial;PM25;10.1875;10.000067940200807
2017-05-28;2017;5;Spring;2017;Industrial;PM25;9.4375;9.700643659554608
2017-05-29;2017;5;Spring;2017;Industrial;PM25;13.1875;12.968360543876075
2017-05-30;2017;5;Spring;2017;Industrial;PM25;16.4375;16.58437729852038
2017-05-31;2017;5;Spring;2017;Industrial;PM25;14.0;14.428448629823386
2017-06-01;2017;6;Summer;2017;Industrial;PM25;13.0;12.895632035872426
2017-06-02;2017;6;Summer;2017;Industrial;PM25;12.75;12.84406246953768
2017-06-03;2017;6;Summer;2017;Industrial;PM25;12.0;11.511173209111076
2017-06-04;2017;6;Summer;2017;Industrial;PM25;12.0;11.483187754221891
2017-06-05;2017;6;Summer;2017;Industrial;PM25;16.8125;15.71510310663953
2017-06-06;2017;6;Summer;2017;Industrial;PM25;13.1875;12.561847737148224
2017-06-07;2017;6;Summer;2017;Industrial;PM25;11.8125;11.302726765189805
2017-06-08;2017;6;Summer;2017;Industrial;PM25;9.5;9.67304516841785
2017-06-09;2017;6;Summer;2017;Industrial;PM25;12.4375;12.610088233643395
2017-06-10;2017;6;Summer;2017;Industrial;PM25;17.4375;18.052887015446057
2017-06-11;2017;6;Summer;2017;Industrial;PM25;9.25;9.56811005130962
2017-06-12;2017;6;Summer;2017;Industrial;PM25;14.1875;14.486522731905014
2017-06-13;2017;6;Summer;2017;Industrial;PM25;18.25;18.51252019744013
2017-06-14;2017;6;Summer;2017;Industrial;PM25;19.875;20.348418027193805
2017-06-15;2017;6;Summer;2017;Industrial;PM25;25.0;25.33794637450411
2017-06-16;2017;6;Summer;2017;Industrial;PM25;19.125;19.407850933291584
2017-06-17;2017;6;Summer;2017;Industrial;PM25;12.0625;12.46214401550218
2017-06-18;2017;6;Summer;2017;Industrial;PM25;7.375;7.678861440391335
2017-06-19;2017;6;Summer;2017;Industrial;PM25;8.25;8.621454924630687
2017-06-20;2017;6;Summer;2017;Industrial;PM25;12.5625;12.759533044045927
2017-06-21;2017;6;Summer;2017;Industrial;PM25;14.75;15.297403798152615
2017-06-22;2017;6;Summer;2017;Industrial;PM25;19.125;19.448024269421296
2017-06-23;2017;6;Summer;2017;Industrial;PM25;16.3125;16.553497000292438
2017-06-24;2017;6;Summer;2017;Industrial;PM25;18.4375;18.624984861150907
2017-06-25;2017;6;Summer;2017;Industrial;PM25;14.125;13.507776199070696
2017-06-26;2017;6;Summer;2017;Industrial;PM25;10.125;9.477982944055675
2017-06-27;2017;6;Summer;2017;Industrial;PM25;9.5625;9.246173932821913
2017-06-28;2017;6;Summer;2017;Industrial;PM25;12.6875;11.888155659861816
2017-06-29;2017;6;Summer;2017;Industrial;PM25;10.5;10.256435857065632
2017-06-30;2017;6;Summer;2017;Industrial;PM25;5.9375;5.949966472987862
2017-07-01;2017;7;Summer;2017;Industrial;PM25;5.0625;5.573557083061327
2017-07-02;2017;7;Summer;2017;Industrial;PM25;5.0;5.0
2017-07-03;2017;7;Summer;2017;Industrial;PM25;6.5;6.768554321144467
2017-07-04;2017;7;Summer;2017;Industrial;PM25;10.8125;10.481456756062189
2017-07-05;2017;7;Summer;2017;Industrial;PM25;9.6875;9.775002732377642
2017-07-06;2017;7;Summer;2017;Industrial;PM25;14.125;14.521562151991091
2017-07-07;2017;7;Summer;2017;Industrial;PM25;16.6875;16.780922391613224
2017-07-08;2017;7;Summer;2017;Industrial;PM25;20.875;20.88870213539005
2017-07-09;2017;7;Summer;2017;Industrial;PM25;15.375;14.782325504455992
2017-07-10;2017;7;Summer;2017;Industrial;PM25;17.25;16.65920604490552
2017-07-11;2017;7;Summer;2017;Industrial;PM25;13.6875;12.894211199499017
2017-07-12;2017;7;Summer;2017;Industrial;PM25;20.1875;20.303394351510786
2017-07-13;2017;7;Summer;2017;Industrial;PM25;13.5;13.66414204819028
2017-07-14;2017;7;Summer;2017;Industrial;PM25;7.5;7.209515763603548
2017-07-15;2017;7;Summer;2017;Industrial;PM25;6.75;6.847899613922424
2017-07-16;2017;7;Summer;2017;Industrial;PM25;5.1875;5.61587496639914
2017-07-17;2017;7;Summer;2017;Industrial;PM25;8.0;8.523827809991936
2017-07-18;2017;7;Summer;2017;Industrial;PM25;7.375;7.719480818708959
2017-07-19;2017;7;Summer;2017;Industrial;PM25;14.5625;14.738604508275412
2017-07-20;2017;7;Summer;2017;Industrial;PM25;16.125;16.043020916720085
2017-07-21;2017;7;Summer;2017;Industrial;PM25;15.875;15.380346967651604
2017-07-22;2017;7;Summer;2017;Industrial;PM25;14.8125;14.90043806659912
2017-07-23;2017;7;Summer;2017;Industrial;PM25;15.5;15.73058461065834
2017-07-24;2017;7;Summer;2017;Industrial;PM25;8.5625;8.27127340613766
2017-07-25;2017;7;Summer;2017;Industrial;PM25;6.375;6.640038046512452
2017-07-26;2017;7;Summer;2017;Industrial;PM25;5.9375;6.462979975364292
2017-07-27;2017;7;Summer;2017;Industrial;PM25;7.3125;7.6180815459644995
2017-07-28;2017;7;Summer;2017;Industrial;PM25;11.75;11.811155780972609
2017-07-29;2017;7;Summer;2017;Industrial;PM25;14.1875;14.533803203823556
2017-07-30;2017;7;Summer;2017;Industrial;PM25;8.5625;8.797774515335284
2017-07-31;2017;7;Summer;2017;Industrial;PM25;13.1875;13.031822599273926
2017-08-01;2017;8;Summer;2017;Industrial;PM25;14.8125;14.861588087424268
2017-08-02;2017;8;Summer;2017;Industrial;PM25;19.4375;19.249148532048576
2017-08-03;2017;8;Summer;2017;Industrial;PM25;25.5625;25.333556846747584
2017-08-04;2017;8;Summer;2017;Industrial;PM25;25.0;24.111693690127694
2017-08-05;2017;8;Summer;2017;Industrial;PM25;25.375;25.268109755917443
2017-08-06;2017;8;Summer;2017;Industrial;PM25;17.4375;17.287038486646797
2017-08-07;2017;8;Summer;2017;Industrial;PM25;7.75;7.391246938998561
2017-08-08;2017;8;Summer;2017;Industrial;PM25;8.25;8.104935117108228
2017-08-09;2017;8;Summer;2017;Industrial;PM25;14.5625;14.261835626068953
2017-08-10;2017;8;Summer;2017;Industrial;PM25;14.5625;14.277730679136155
2017-08-11;2017;8;Summer;2017;Industrial;PM25;6.9375;7.024319637967348
2017-08-12;2017;8;Summer;2017;Industrial;PM25;5.0;5.0
2017-08-13;2017;8;Summer;2017;Industrial;PM25;4.5625;4.7919700590488965
2017-08-14;2017;8;Summer;2017;Industrial;PM25;5.4375;5.740678161360931
2017-08-15;2017;8;Summer;2017;Industrial;PM25;6.625;6.272056195407833
2017-08-16;2017;8;Summer;2017;Industrial;PM25;8.9375;8.974339281547145
2017-08-17;2017;8;Summer;2017;Industrial;PM25;7.4375;7.747356978492496
2017-08-18;2017;8;Summer;2017;Industrial;PM25;8.8125;8.906207075824218
2017-08-19;2017;8;Summer;2017;Industrial;PM25;10.6875;10.799109687977245
2017-08-20;2017;8;Summer;2017;Industrial;PM25;6.125;6.048707216135503
2017-08-21;2017;8;Summer;2017;Industrial;PM25;5.25;5.060546534606671
2017-08-22;2017;8;Summer;2017;Industrial;PM25;6.0625;5.987298136370753
2017-08-23;2017;8;Summer;2017;Industrial;PM25;15.0625;15.940578909589316
2017-08-24;2017;8;Summer;2017;Industrial;PM25;23.6875;23.745253786189235
2017-08-25;2017;8;Summer;2017;Industrial;PM25;13.9375;13.960042300159808
2017-08-26;2017;8;Summer;2017;Industrial;PM25;17.3125;17.660798208741838
2017-08-27;2017;8;Summer;2017;Industrial;PM25;17.6875;17.820646731633254
2017-08-28;2017;8;Summer;2017;Industrial;PM25;17.125;16.9988302469774
2017-08-29;2017;8;Summer;2017;Industrial;PM25;7.9375;7.459367329034393
2017-08-30;2017;8;Summer;2017;Industrial;PM25;10.375;10.157644897247833
2017-08-31;2017;8;Summer;2017;Industrial;PM25;14.3125;14.138518253759605
2017-09-01;2017;9;Autumn;2017;Industrial;PM25;12.8125;11.859532157869396
2017-09-02;2017;9;Autumn;2017;Industrial;PM25;9.3125;8.656258030974824
2017-09-03;2017;9;Autumn;2017;Industrial;PM25;7.375;6.621773948182304
2017-09-04;2017;9;Autumn;2017;Industrial;PM25;6.125;5.510517438477194
2017-09-05;2017;9;Autumn;2017;Industrial;PM25;11.0;10.361211462398051
2017-09-06;2017;9;Autumn;2017;Industrial;PM25;16.1875;16.49325767355029
2017-09-07;2017;9;Autumn;2017;Industrial;PM25;16.4375;16.556037373018288
2017-09-08;2017;9;Autumn;2017;Industrial;PM25;8.1875;7.485651324981612
2017-09-09;2017;9;Autumn;2017;Industrial;PM25;7.5625;7.251996112638945
2017-09-10;2017;9;Autumn;2017;Industrial;PM25;5.5625;5.2515914253558735
2017-09-11;2017;9;Autumn;2017;Industrial;PM25;36.5;33.39471188923975
2017-09-12;2017;9;Autumn;2017;Industrial;PM25;9.1875;9.02558096256495
2017-09-13;2017;9;Autumn;2017;Industrial;PM25;16.0;17.46553216377724
2017-09-14;2017;9;Autumn;2017;Industrial;PM25;12.5625;12.154693929395362
2017-09-15;2017;9;Autumn;2017;Industrial;PM25;8.9375;8.348282146792188
2017-09-16;2017;9;Autumn;2017;Industrial;PM25;9.25;8.511462693444953
2017-09-17;2017;9;Autumn;2017;Industrial;PM25;4.6875;4.358357973964133
2017-09-18;2017;9;Autumn;2017;Industrial;PM25;5.5;5.228367692366771
2017-09-19;2017;9;Autumn;2017;Industrial;PM25;12.4375;12.589168559638203
2017-09-20;2017;9;Autumn;2017;Industrial;PM25;8.4375;8.106849258417938
2017-09-21;2017;9;Autumn;2017;Industrial;PM25;10.25;10.009895637943716
2017-09-22;2017;9;Autumn;2017;Industrial;PM25;12.75;12.753908776987767
2017-09-23;2017;9;Autumn;2017;Industrial;PM25;20.4375;19.947414284574915
2017-09-24;2017;9;Autumn;2017;Industrial;PM25;10.875;10.869223975210687
2017-09-25;2017;9;Autumn;2017;Industrial;PM25;23.3125;21.14190344811289
2017-09-26;2017;9;Autumn;2017;Industrial;PM25;17.6875;17.06880865380923
2017-09-27;2017;9;Autumn;2017;Industrial;PM25;18.0;17.810715646628246
2017-09-28;2017;9;Autumn;2017;Industrial;PM25;21.6875;21.62210478742102
2017-09-29;2017;9;Autumn;2017;Industrial;PM25;18.125;17.33710155287668
2017-09-30;2017;9;Autumn;2017;Industrial;PM25;14.6875;14.182900928417611
2017-10-01;2017;10;Autumn;2017;Industrial;PM25;17.6875;17.726401857426012
2017-10-02;2017;10;Autumn;2017;Industrial;PM25;27.375;27.405546874307674
2017-10-03;2017;10;Autumn;2017;Industrial;PM25;41.8125;43.68472202119143
2017-10-04;2017;10;Autumn;2017;Industrial;PM25;41.6875;42.997760927295126
2017-10-05;2017;10;Autumn;2017;Industrial;PM25;30.625;31.03033973054325
2017-10-06;2017;10;Autumn;2017;Industrial;PM25;15.75;15.652500642477984
2017-10-07;2017;10;Autumn;2017;Industrial;PM25;6.6875;6.234848596739461
2017-10-08;2017;10;Autumn;2017;Industrial;PM25;9.1875;8.987572851095758
2017-10-09;2017;10;Autumn;2017;Industrial;PM25;14.375;14.537782136453462
2017-10-10;2017;10;Autumn;2017;Industrial;PM25;30.1875;29.65857981348938
2017-10-11;2017;10;Autumn;2017;Industrial;PM25;39.3125;39.80102382928696
2017-10-12;2017;10;Autumn;2017;Industrial;PM25;42.0625;43.25212608519701
2017-10-13;2017;10;Autumn;2017;Industrial;PM25;50.125;52.22382751459976
2017-10-14;2017;10;Autumn;2017;Industrial;PM25;43.3125;44.79661953192156
2017-10-15;2017;10;Autumn;2017;Industrial;PM25;36.875;36.62273692668071
2017-10-16;2017;10;Autumn;2017;Industrial;PM25;29.375;28.835634930715766
2017-10-17;2017;10;Autumn;2017;Industrial;PM25;25.625;25.51173740816996
2017-10-18;2017;10;Autumn;2017;Industrial;PM25;36.1875;37.32281934109821
2017-10-19;2017;10;Autumn;2017;Industrial;PM25;54.6875;56.82306599356636
2017-10-20;2017;10;Autumn;2017;Industrial;PM25;76.3125;78.80359964907409
2017-10-21;2017;10;Autumn;2017;Industrial;PM25;75.9375;80.20173808757197
2017-10-22;2017;10;Autumn;2017;Industrial;PM25;49.75;51.41745117905788
2017-10-23;2017;10;Autumn;2017;Industrial;PM25;7.0;6.379708920548366
2017-10-24;2017;10;Autumn;2017;Industrial;PM25;6.8125;6.297389028543746
2017-10-25;2017;10;Autumn;2017;Industrial;PM25;11.4375;11.053923841988816
2017-10-26;2017;10;Autumn;2017;Industrial;PM25;26.8125;27.128572399145725
2017-10-27;2017;10;Autumn;2017;Industrial;PM25;41.75;43.02626627241657
2017-10-28;2017;10;Autumn;2017;Industrial;PM25;26.5;26.983186277261005
2017-10-29;2017;10;Autumn;2017;Industrial;PM25;23.3125;23.36922840609335
2017-10-30;2017;10;Autumn;2017;Industrial;PM25;16.9375;17.356476325793942
2017-10-31;2017;10;Autumn;2017;Industrial;PM25;24.0;22.47696974888711
2017-11-01;2017;11;Autumn;2017;Industrial;PM25;21.75;20.65605716429417
2017-11-02;2017;11;Autumn;2017;Industrial;PM25;55.5625;54.408373777445625
2017-11-03;2017;11;Autumn;2017;Industrial;PM25;47.5;46.63609456094384
2017-11-04;2017;11;Autumn;2017;Industrial;PM25;40.875;39.07902626922634
2017-11-05;2017;11;Autumn;2017;Industrial;PM25;20.5625;18.723814221951773
2017-11-06;2017;11;Autumn;2017;Industrial;PM25;12.4375;11.07835868290536
2017-11-07;2017;11;Autumn;2017;Industrial;PM25;14.375;13.024753864468162
2017-11-08;2017;11;Autumn;2017;Industrial;PM25;17.8125;16.670534334909743
2017-11-09;2017;11;Autumn;2017;Industrial;PM25;15.875;14.21140331961729
2017-11-10;2017;11;Autumn;2017;Industrial;PM25;18.1875;16.87011605958651
2017-11-11;2017;11;Autumn;2017;Industrial;PM25;28.5;26.944646459872448
2017-11-12;2017;11;Autumn;2017;Industrial;PM25;34.625;34.131682878774
2017-11-13;2017;11;Autumn;2017;Industrial;PM25;38.625;35.85603471448869
2017-11-14;2017;11;Autumn;2017;Industrial;PM25;14.3125;13.491266730274448
2017-11-15;2017;11;Autumn;2017;Industrial;PM25;17.5;16.54652279098345
2017-11-16;2017;11;Autumn;2017;Industrial;PM25;19.8125;18.177255983907035
2017-11-17;2017;11;Autumn;2017;Industrial;PM25;19.0625;16.75666773992491
2017-11-18;2017;11;Autumn;2017;Industrial;PM25;22.25;19.84961584247326
2017-11-19;2017;11;Autumn;2017;Industrial;PM25;32.0;30.52444222572098
2017-11-20;2017;11;Autumn;2017;Industrial;PM25;22.125;21.32416042158372
2017-11-21;2017;11;Autumn;2017;Industrial;PM25;33.125;32.66171392449185
2017-11-22;2017;11;Autumn;2017;Industrial;PM25;49.75;49.91021554767187
2017-11-23;2017;11;Autumn;2017;Industrial;PM25;60.375;61.05810364129937
2017-11-24;2017;11;Autumn;2017;Industrial;PM25;50.0625;50.69556882194646
2017-11-25;2017;11;Autumn;2017;Industrial;PM25;51.375;49.59252421477375
2017-11-26;2017;11;Autumn;2017;Industrial;PM25;25.375;24.507155875498103
2017-11-27;2017;11;Autumn;2017;Industrial;PM25;13.4375;12.026357843991576
2017-11-28;2017;11;Autumn;2017;Industrial;PM25;23.3125;21.815817069532365
2017-11-29;2017;11;Autumn;2017;Industrial;PM25;35.375;35.36644876570379
2017-11-30;2017;11;Autumn;2017;Industrial;PM25;42.125;43.313886681652896
2017-12-01;2017;12;Winter;2018;Industrial;PM25;15.9375;13.29374388907433
2017-12-02;2017;12;Winter;2018;Industrial;PM25;16.0625;12.835953954267383
2017-12-03;2017;12;Winter;2018;Industrial;PM25;17.8125;14.159452697373668
2017-12-04;2017;12;Winter;2018;Industrial;PM25;28.625;25.36079200550611
2017-12-05;2017;12;Winter;2018;Industrial;PM25;37.8125;35.202426351345366
2017-12-06;2017;12;Winter;2018;Industrial;PM25;28.875;24.842532338058625
2017-12-07;2017;12;Winter;2018;Industrial;PM25;51.75;49.58553228193411
2017-12-08;2017;12;Winter;2018;Industrial;PM25;72.25;72.70475256474258
2017-12-09;2017;12;Winter;2018;Industrial;PM25;31.125;28.581520856164687
2017-12-10;2017;12;Winter;2018;Industrial;PM25;17.6875;13.56367621472648
2017-12-11;2017;12;Winter;2018;Industrial;PM25;26.5;23.771404855656613
2017-12-12;2017;12;Winter;2018;Industrial;PM25;36.5;36.40646259005769
2017-12-13;2017;12;Winter;2018;Industrial;PM25;43.25;42.65168831399007
2017-12-14;2017;12;Winter;2018;Industrial;PM25;40.5;39.76360945609439
2017-12-15;2017;12;Winter;2018;Industrial;PM25;39.1875;38.760407404891104
2017-12-16;2017;12;Winter;2018;Industrial;PM25;26.3125;23.311978448186736
2017-12-17;2017;12;Winter;2018;Industrial;PM25;23.875;19.943355596057103
2017-12-18;2017;12;Winter;2018;Industrial;PM25;20.5;17.297959135446174
2017-12-19;2017;12;Winter;2018;Industrial;PM25;23.5625;20.516380973199063
2017-12-20;2017;12;Winter;2018;Industrial;PM25;37.0625;34.52282938443224
2017-12-21;2017;12;Winter;2018;Industrial;PM25;49.625;47.76894719274044
2017-12-22;2017;12;Winter;2018;Industrial;PM25;78.625;81.53232919685821
2017-12-23;2017;12;Winter;2018;Industrial;PM25;51.8125;48.0806479722804
2017-12-24;2017;12;Winter;2018;Industrial;PM25;31.4375;26.369698079655453
2017-12-25;2017;12;Winter;2018;Industrial;PM25;44.8125;41.36663486277556
2017-12-26;2017;12;Winter;2018;Industrial;PM25;59.5;57.89709718107245
2017-12-27;2017;12;Winter;2018;Industrial;PM25;18.3125;16.082638915556238
2017-12-28;2017;12;Winter;2018;Industrial;PM25;18.125;16.26166134468427
2017-12-29;2017;12;Winter;2018;Industrial;PM25;16.9375;14.675248794061435
2017-12-30;2017;12;Winter;2018;Industrial;PM25;21.3125;17.347000144742168
2017-12-31;2017;12;Winter;2018;Industrial;PM25;34.0625;31.398510632641425
2018-01-01;2018;1;Winter;2018;Industrial;PM25;47.75;47.00647867203457
2018-01-02;2018;1;Winter;2018;Industrial;PM25;22.8125;21.65951405532402
2018-01-03;2018;1;Winter;2018;Industrial;PM25;24.5625;23.9887811241898
2018-01-04;2018;1;Winter;2018;Industrial;PM25;30.0;29.05530040967639
2018-01-05;2018;1;Winter;2018;Industrial;PM25;38.875;36.987408649248536
2018-01-06;2018;1;Winter;2018;Industrial;PM25;38.875;36.502588517254814
2018-01-07;2018;1;Winter;2018;Industrial;PM25;34.75;32.93650901406123
2018-01-08;2018;1;Winter;2018;Industrial;PM25;17.5;16.65742139998347
2018-01-09;2018;1;Winter;2018;Industrial;PM25;37.3125;36.33241047921512
2018-01-10;2018;1;Winter;2018;Industrial;PM25;27.0;26.447096256242546
2018-01-11;2018;1;Winter;2018;Industrial;PM25;32.3125;31.75981393371979
2018-01-12;2018;1;Winter;2018;Industrial;PM25;25.875;24.680390432226304
2018-01-13;2018;1;Winter;2018;Industrial;PM25;30.5;29.46302286867924
2018-01-14;2018;1;Winter;2018;Industrial;PM25;38.1875;36.24739967650913
2018-01-15;2018;1;Winter;2018;Industrial;PM25;50.375;51.23477585860852
2018-01-16;2018;1;Winter;2018;Industrial;PM25;58.4375;61.04841147093895
2018-01-17;2018;1;Winter;2018;Industrial;PM25;32.125;32.31891890296455
2018-01-18;2018;1;Winter;2018;Industrial;PM25;23.0625;22.820518647949847
2018-01-19;2018;1;Winter;2018;Industrial;PM25;28.25;27.861855231933507
2018-01-20;2018;1;Winter;2018;Industrial;PM25;30.375;28.996611610252536
2018-01-21;2018;1;Winter;2018;Industrial;PM25;22.25;20.38038511942008
2018-01-22;2018;1;Winter;2018;Industrial;PM25;24.6875;24.63194354257919
2018-01-23;2018;1;Winter;2018;Industrial;PM25;28.375;26.82083446476429
2018-01-24;2018;1;Winter;2018;Industrial;PM25;39.25;38.807537691408605
2018-01-25;2018;1;Winter;2018;Industrial;PM25;47.375;47.094252133977164
2018-01-26;2018;1;Winter;2018;Industrial;PM25;61.6875;61.33661940236833
2018-01-27;2018;1;Winter;2018;Industrial;PM25;50.125;50.406488707335214
2018-01-28;2018;1;Winter;2018;Industrial;PM25;45.6875;46.64892976470171
2018-01-29;2018;1;Winter;2018;Industrial;PM25;41.4375;41.92474409983353
2018-01-30;2018;1;Winter;2018;Industrial;PM25;41.875;43.7711213563004
2018-01-31;2018;1;Winter;2018;Industrial;PM25;48.125;49.79635128274754
2018-02-01;2018;2;Winter;2018;Industrial;PM25;32.5;31.596970519828574
2018-02-02;2018;2;Winter;2018;Industrial;PM25;20.6875;19.65662152749082
2018-02-03;2018;2;Winter;2018;Industrial;PM25;26.1875;25.40824488494823
2018-02-04;2018;2;Winter;2018;Industrial;PM25;22.875;21.29666414800297
2018-02-05;2018;2;Winter;2018;Industrial;PM25;17.6875;16.21548151733746
2018-02-06;2018;2;Winter;2018;Industrial;PM25;23.125;22.893073871618988
2018-02-07;2018;2;Winter;2018;Industrial;PM25;32.5625;33.68827404635128
2018-02-08;2018;2;Winter;2018;Industrial;PM25;40.375;40.35410738952314
2018-02-09;2018;2;Winter;2018;Industrial;PM25;38.0;36.741877309594926
2018-02-10;2018;2;Winter;2018;Industrial;PM25;38.0625;37.77679425272429
2018-02-11;2018;2;Winter;2018;Industrial;PM25;43.625;42.10544739731526
2018-02-12;2018;2;Winter;2018;Industrial;PM25;27.8125;27.26056953282724
2018-02-13;2018;2;Winter;2018;Industrial;PM25;19.375;19.01140482402805
2018-02-14;2018;2;Winter;2018;Industrial;PM25;20.9375;20.750436830733992
2018-02-15;2018;2;Winter;2018;Industrial;PM25;35.8125;36.13292936328969
2018-02-16;2018;2;Winter;2018;Industrial;PM25;48.1875;48.012269630819
2018-02-17;2018;2;Winter;2018;Industrial;PM25;47.875;47.60389782883319
2018-02-18;2018;2;Winter;2018;Industrial;PM25;41.75;41.6164773733486
2018-02-19;2018;2;Winter;2018;Industrial;PM25;22.875;21.729409924322027
2018-02-20;2018;2;Winter;2018;Industrial;PM25;29.875;29.17990342498908
2018-02-21;2018;2;Winter;2018;Industrial;PM25;32.0;32.17900319948997
2018-02-22;2018;2;Winter;2018;Industrial;PM25;31.125;31.196157660476263
2018-02-23;2018;2;Winter;2018;Industrial;PM25;51.375;53.09449416181627
2018-02-24;2018;2;Winter;2018;Industrial;PM25;32.875;33.177025654950945
2018-02-25;2018;2;Winter;2018;Industrial;PM25;21.625;20.68690157141002
2018-02-26;2018;2;Winter;2018;Industrial;PM25;21.5;21.0283526758834
2018-02-27;2018;2;Winter;2018;Industrial;PM25;26.3125;26.459962101982267
2018-02-28;2018;2;Winter;2018;Industrial;PM25;34.375;34.44087732140117
2018-03-01;2018;3;Spring;2018;Industrial;PM25;42.5;42.77599142867263
2018-03-02;2018;3;Spring;2018;Industrial;PM25;61.5;64.34227458943815
2018-03-03;2018;3;Spring;2018;Industrial;PM25;34.8125;34.734026162619095
2018-03-04;2018;3;Spring;2018;Industrial;PM25;38.375;38.44008040046753
2018-03-05;2018;3;Spring;2018;Industrial;PM25;40.8125;41.4387167802033
2018-03-06;2018;3;Spring;2018;Industrial;PM25;41.5625;42.651668811466216
2018-03-07;2018;3;Spring;2018;Industrial;PM25;30.9375;30.21508600842965
2018-03-08;2018;3;Spring;2018;Industrial;PM25;24.3125;23.89205558375934
2018-03-09;2018;3;Spring;2018;Industrial;PM25;27.75;27.682069869304968
2018-03-10;2018;3;Spring;2018;Industrial;PM25;24.0625;23.37698787499557
2018-03-11;2018;3;Spring;2018;Industrial;PM25;17.5625;16.6659071321472
2018-03-12;2018;3;Spring;2018;Industrial;PM25;18.75;18.185062750144628
2018-03-13;2018;3;Spring;2018;Industrial;PM25;25.125;24.75080577561068
2018-03-14;2018;3;Spring;2018;Industrial;PM25;24.1875;23.805695918584195
2018-03-15;2018;3;Spring;2018;Industrial;PM25;22.125;21.913988618788444
2018-03-16;2018;3;Spring;2018;Industrial;PM25;16.625;16.593177766496265
2018-03-17;2018;3;Spring;2018;Industrial;PM25;17.125;16.925065819766
2018-03-18;2018;3;Spring;2018;Industrial;PM25;10.5;10.183672565849282
2018-03-19;2018;3;Spring;2018;Industrial;PM25;17.0;16.998931535637123
2018-03-20;2018;3;Spring;2018;Industrial;PM25;27.8125;27.60968288449959
2018-03-21;2018;3;Spring;2018;Industrial;PM25;20.625;20.590444622849787
2018-03-22;2018;3;Spring;2018;Industrial;PM25;22.375;22.518813237151864
2018-03-23;2018;3;Spring;2018;Industrial;PM25;22.125;21.798039574503253
2018-03-24;2018;3;Spring;2018;Industrial;PM25;20.0625;19.901580264695813
2018-03-25;2018;3;Spring;2018;Industrial;PM25;22.875;22.280575199820547
2018-03-26;2018;3;Spring;2018;Industrial;PM25;28.9375;28.650255014698764
2018-03-27;2018;3;Spring;2018;Industrial;PM25;32.0625;31.76736992479428
2018-03-28;2018;3;Spring;2018;Industrial;PM25;30.625;31.205992255109148
2018-03-29;2018;3;Spring;2018;Industrial;PM25;32.6875;32.16044674797228
2018-03-30;2018;3;Spring;2018;Industrial;PM25;19.9375;19.347342416264272
2018-03-31;2018;3;Spring;2018;Industrial;PM25;12.75;12.321238828349134
2018-04-01;2018;4;Spring;2018;Industrial;PM25;9.875;9.304922610122668
2018-04-02;2018;4;Spring;2018;Industrial;PM25;9.375;9.10261390066233
2018-04-03;2018;4;Spring;2018;Industrial;PM25;17.1875;16.96236171946022
2018-04-04;2018;4;Spring;2018;Industrial;PM25;18.1875;17.641232098794582
2018-04-05;2018;4;Spring;2018;Industrial;PM25;27.6875;27.76375721656179
2018-04-06;2018;4;Spring;2018;Industrial;PM25;26.0625;26.243249784536197
2018-04-07;2018;4;Spring;2018;Industrial;PM25;28.625;28.66150635765812
2018-04-08;2018;4;Spring;2018;Industrial;PM25;20.625;20.21043435142442
2018-04-09;2018;4;Spring;2018;Industrial;PM25;34.875;35.60528506156952
2018-04-10;2018;4;Spring;2018;Industrial;PM25;21.1875;21.06058074875149
2018-04-11;2018;4;Spring;2018;Industrial;PM25;11.0;11.057437338402144
2018-04-12;2018;4;Spring;2018;Industrial;PM25;24.25;24.245929800120425
2018-04-13;2018;4;Spring;2018;Industrial;PM25;13.0;12.471585341377317
2018-04-14;2018;4;Spring;2018;Industrial;PM25;11.3125;11.125467822103635
2018-04-15;2018;4;Spring;2018;Industrial;PM25;21.6875;21.510501646969928
2018-04-16;2018;4;Spring;2018;Industrial;PM25;14.75;14.741750392557348
2018-04-17;2018;4;Spring;2018;Industrial;PM25;15.25;15.034857911949093
2018-04-18;2018;4;Spring;2018;Industrial;PM25;18.25;17.584293573865715
2018-04-19;2018;4;Spring;2018;Industrial;PM25;28.4375;27.780191497148795
2018-04-20;2018;4;Spring;2018;Industrial;PM25;18.25;18.00744088027296
2018-04-21;2018;4;Spring;2018;Industrial;PM25;18.75;18.741968807924344
2018-04-22;2018;4;Spring;2018;Industrial;PM25;16.625;16.179186196148805
2018-04-23;2018;4;Spring;2018;Industrial;PM25;25.5;25.612498671798445
2018-04-24;2018;4;Spring;2018;Industrial;PM25;32.5;32.67256584928159
2018-04-25;2018;4;Spring;2018;Industrial;PM25;31.125;30.58688209112053
2018-04-26;2018;4;Spring;2018;Industrial;PM25;25.9375;25.48777169100719
2018-04-27;2018;4;Spring;2018;Industrial;PM25;18.25;17.551690653002915
2018-04-28;2018;4;Spring;2018;Industrial;PM25;17.0625;17.0191939882646
2018-04-29;2018;4;Spring;2018;Industrial;PM25;22.375;21.72441293491222
2018-04-30;2018;4;Spring;2018;Industrial;PM25;16.9375;16.49518600724903
2018-05-01;2018;5;Spring;2018;Industrial;PM25;7.0625;6.964209395402651
2018-05-02;2018;5;Spring;2018;Industrial;PM25;16.0;16.008612649201307
2018-05-03;2018;5;Spring;2018;Industrial;PM25;31.5625;31.38800604479286
2018-05-04;2018;5;Spring;2018;Industrial;PM25;25.3125;24.785029102371876
2018-05-05;2018;5;Spring;2018;Industrial;PM25;21.9375;21.156456240186067
2018-05-06;2018;5;Spring;2018;Industrial;PM25;22.3125;22.26486700275085
2018-05-07;2018;5;Spring;2018;Industrial;PM25;18.0;17.55848809341094
2018-05-08;2018;5;Spring;2018;Industrial;PM25;15.9375;15.946632861477433
2018-05-09;2018;5;Spring;2018;Industrial;PM25;10.3125;10.13362593121687
2018-05-10;2018;5;Spring;2018;Industrial;PM25;11.875;11.872805515873484
2018-05-11;2018;5;Spring;2018;Industrial;PM25;14.1875;13.990802942114025
2018-05-12;2018;5;Spring;2018;Industrial;PM25;12.4375;12.66434280587006
2018-05-13;2018;5;Spring;2018;Industrial;PM25;16.875;16.879862693474692
2018-05-14;2018;5;Spring;2018;Industrial;PM25;12.8125;12.849573794878454
2018-05-15;2018;5;Spring;2018;Industrial;PM25;11.4375;11.651167046433926
2018-05-16;2018;5;Spring;2018;Industrial;PM25;18.75;19.18434552130435
2018-05-17;2018;5;Spring;2018;Industrial;PM25;12.8125;12.7774317894712
2018-05-18;2018;5;Spring;2018;Industrial;PM25;11.75;11.770073552850617
2018-05-19;2018;5;Spring;2018;Industrial;PM25;8.9375;8.910679921134344
2018-05-20;2018;5;Spring;2018;Industrial;PM25;7.8125;7.902359476275369
2018-05-21;2018;5;Spring;2018;Industrial;PM25;11.3125;11.57075182111191
2018-05-22;2018;5;Spring;2018;Industrial;PM25;19.375;19.531118286679025
2018-05-23;2018;5;Spring;2018;Industrial;PM25;18.5625;18.35691727370397
2018-05-24;2018;5;Spring;2018;Industrial;PM25;18.3125;18.14913047071463
2018-05-25;2018;5;Spring;2018;Industrial;PM25;19.8125;19.78109467420692
2018-05-26;2018;5;Spring;2018;Industrial;PM25;23.1875;22.87854039503666
2018-05-27;2018;5;Spring;2018;Industrial;PM25;20.75;20.33155452710121
2018-05-28;2018;5;Spring;2018;Industrial;PM25;20.5625;20.77455106787405
2018-05-29;2018;5;Spring;2018;Industrial;PM25;28.1875;28.198825869824443
2018-05-30;2018;5;Spring;2018;Industrial;PM25;35.1875;34.7742116385875
2018-05-31;2018;5;Spring;2018;Industrial;PM25;33.0;32.615996269229406
2018-06-01;2018;6;Summer;2018;Industrial;PM25;21.9375;21.596586817156822
2018-06-02;2018;6;Summer;2018;Industrial;PM25;20.6875;20.85098168852788
2018-06-03;2018;6;Summer;2018;Industrial;PM25;19.5;19.683463005159325
2018-06-04;2018;6;Summer;2018;Industrial;PM25;21.875;22.020480867994475
2018-06-05;2018;6;Summer;2018;Industrial;PM25;27.375;27.196234401010614
2018-06-06;2018;6;Summer;2018;Industrial;PM25;19.9375;20.096775716933685
2018-06-07;2018;6;Summer;2018;Industrial;PM25;20.8125;20.84144815291437
2018-06-08;2018;6;Summer;2018;Industrial;PM25;23.3125;23.662058299193635
2018-06-09;2018;6;Summer;2018;Industrial;PM25;25.0;24.97019515708197
2018-06-10;2018;6;Summer;2018;Industrial;PM25;23.25;23.06633924038677
2018-06-11;2018;6;Summer;2018;Industrial;PM25;21.0;21.03684726272417
2018-06-12;2018;6;Summer;2018;Industrial;PM25;38.25;38.5744088027296
2018-06-13;2018;6;Summer;2018;Industrial;PM25;29.4375;29.198929174389917
2018-06-14;2018;6;Summer;2018;Industrial;PM25;13.3125;13.177763544704312
2018-06-15;2018;6;Summer;2018;Industrial;PM25;13.1875;13.033213893578589
2018-06-16;2018;6;Summer;2018;Industrial;PM25;9.6875;9.799701302227836
2018-06-17;2018;6;Summer;2018;Industrial;PM25;13.8125;14.25816401223126
2018-06-18;2018;6;Summer;2018;Industrial;PM25;10.3125;10.497494126397564
2018-06-19;2018;6;Summer;2018;Industrial;PM25;9.1875;8.98285734524976
2018-06-20;2018;6;Summer;2018;Industrial;PM25;10.25;10.562543535495449
2018-06-21;2018;6;Summer;2018;Industrial;PM25;14.375;14.553629827274769
2018-06-22;2018;6;Summer;2018;Industrial;PM25;11.375;11.106468636733922
2018-06-23;2018;6;Summer;2018;Industrial;PM25;6.875;6.855627442415083
2018-06-24;2018;6;Summer;2018;Industrial;PM25;6.1875;6.034683769967296
2018-06-25;2018;6;Summer;2018;Industrial;PM25;7.75;7.819630228686792
2018-06-26;2018;6;Summer;2018;Industrial;PM25;8.4375;8.700912622046966
2018-06-27;2018;6;Summer;2018;Industrial;PM25;8.625;8.746635222724644
2018-06-28;2018;6;Summer;2018;Industrial;PM25;7.5;7.159183480714513
2018-06-29;2018;6;Summer;2018;Industrial;PM25;10.5625;10.671441305297458
2018-06-30;2018;6;Summer;2018;Industrial;PM25;11.5;11.723052266207011
2018-07-01;2018;7;Summer;2018;Industrial;PM25;14.375;14.602914959681703
2018-07-02;2018;7;Summer;2018;Industrial;PM25;13.3125;13.617008653971029
2018-07-03;2018;7;Summer;2018;Industrial;PM25;20.875;20.87138581598801
2018-07-04;2018;7;Summer;2018;Industrial;PM25;21.3125;21.539857852917912
2018-07-05;2018;7;Summer;2018;Industrial;PM25;13.8125;13.900092678953024
2018-07-06;2018;7;Summer;2018;Industrial;PM25;14.125;13.95220835645388
2018-07-07;2018;7;Summer;2018;Industrial;PM25;7.5;7.760091380267057
2018-07-08;2018;7;Summer;2018;Industrial;PM25;7.25;7.037142418625518
2018-07-09;2018;7;Summer;2018;Industrial;PM25;6.875;6.908675812564196
2018-07-10;2018;7;Summer;2018;Industrial;PM25;9.1875;8.979716886459428
2018-07-11;2018;7;Summer;2018;Industrial;PM25;11.6875;11.730879800710737
2018-07-12;2018;7;Summer;2018;Industrial;PM25;14.8125;15.273745292263374
2018-07-13;2018;7;Summer;2018;Industrial;PM25;19.0;19.3408194708445
2018-07-14;2018;7;Summer;2018;Industrial;PM25;17.375;17.615907722459003
2018-07-15;2018;7;Summer;2018;Industrial;PM25;11.5;11.752733143646472
2018-07-16;2018;7;Summer;2018;Industrial;PM25;10.8125;10.889160104367129
2018-07-17;2018;7;Summer;2018;Industrial;PM25;11.8125;11.797425650228451
2018-07-18;2018;7;Summer;2018;Industrial;PM25;9.3125;9.084240445803474
2018-07-19;2018;7;Summer;2018;Industrial;PM25;14.9375;15.335506664620253
2018-07-20;2018;7;Summer;2018;Industrial;PM25;15.8125;15.874225215758964
2018-07-21;2018;7;Summer;2018;Industrial;PM25;12.0;12.021162678126586
2018-07-22;2018;7;Summer;2018;Industrial;PM25;8.25;8.126435933460053
2018-07-23;2018;7;Summer;2018;Industrial;PM25;8.1875;8.05663451435048
2018-07-24;2018;7;Summer;2018;Industrial;PM25;10.6875;10.825409381235168
2018-07-25;2018;7;Summer;2018;Industrial;PM25;9.625;9.785524964286136
2018-07-26;2018;7;Summer;2018;Industrial;PM25;9.875;9.88443465838656
2018-07-27;2018;7;Summer;2018;Industrial;PM25;11.875;11.875978441812965
2018-07-28;2018;7;Summer;2018;Industrial;PM25;14.125;13.964950236715032
2018-07-29;2018;7;Summer;2018;Industrial;PM25;10.5;10.752733143646472
2018-07-30;2018;7;Summer;2018;Industrial;PM25;10.875;10.823248840037309
2018-07-31;2018;7;Summer;2018;Industrial;PM25;13.4375;13.57962125594739
2018-08-01;2018;8;Summer;2018;Industrial;PM25;11.3125;11.568349252074944
2018-08-02;2018;8;Summer;2018;Industrial;PM25;9.4375;9.662707642176596
2018-08-03;2018;8;Summer;2018;Industrial;PM25;11.0;10.9457710062455
2018-08-04;2018;8;Summer;2018;Industrial;PM25;10.5;10.747523641987698
2018-08-05;2018;8;Summer;2018;Industrial;PM25;10.75;10.846861312145077
2018-08-06;2018;8;Summer;2018;Industrial;PM25;16.0;16.436396854818714
2018-08-07;2018;8;Summer;2018;Industrial;PM25;18.1875;18.498506511139183
2018-08-08;2018;8;Summer;2018;Industrial;PM25;20.875;21.31952692412132
2018-08-09;2018;8;Summer;2018;Industrial;PM25;14.6875;14.83169620193386
2018-08-10;2018;8;Summer;2018;Industrial;PM25;16.9375;16.992827711597265
2018-08-11;2018;8;Summer;2018;Industrial;PM25;16.75;16.31645730274731
2018-08-12;2018;8;Summer;2018;Industrial;PM25;10.4375;10.21859541209667
2018-08-13;2018;8;Summer;2018;Industrial;PM25;9.9375;9.91841595730865
2018-08-14;2018;8;Summer;2018;Industrial;PM25;11.5;11.654753190635294
2018-08-15;2018;8;Summer;2018;Industrial;PM25;7.5;7.688846648799896
2018-08-16;2018;8;Summer;2018;Industrial;PM25;5.875;5.885869116067107
2018-08-17;2018;8;Summer;2018;Industrial;PM25;7.0;6.95602767381731
2018-08-18;2018;8;Summer;2018;Industrial;PM25;7.8125;7.832997839458802
2018-08-19;2018;8;Summer;2018;Industrial;PM25;7.625;7.782493713179301
2018-08-20;2018;8;Summer;2018;Industrial;PM25;7.75;7.787464138557986
2018-08-21;2018;8;Summer;2018;Industrial;PM25;9.8125;10.325967225888714
2018-08-22;2018;8;Summer;2018;Industrial;PM25;10.5625;10.685900992904452
2018-08-23;2018;8;Summer;2018;Industrial;PM25;11.75;11.748627525058737
2018-08-24;2018;8;Summer;2018;Industrial;PM25;10.625;10.758423749424448
2018-08-25;2018;8;Summer;2018;Industrial;PM25;11.9375;11.8870290787594
2018-08-26;2018;8;Summer;2018;Industrial;PM25;4.125;4.084340798809931
2018-08-27;2018;8;Summer;2018;Industrial;PM25;3.1875;3.0807605577265917
2018-08-28;2018;8;Summer;2018;Industrial;PM25;8.8125;8.850013577171461
2018-08-29;2018;8;Summer;2018;Industrial;PM25;9.8125;9.852705398991748
2018-08-30;2018;8;Summer;2018;Industrial;PM25;13.875;13.92141769282535
2018-08-31;2018;8;Summer;2018;Industrial;PM25;11.8125;11.845592141769282
2018-09-01;2018;9;Autumn;2018;Industrial;PM25;6.0625;6.027278308402498
2018-09-02;2018;9;Autumn;2018;Industrial;PM25;6.625;6.288175464280233
2018-09-03;2018;9;Autumn;2018;Industrial;PM25;8.1875;8.010796802871276
2018-09-04;2018;9;Autumn;2018;Industrial;PM25;8.25;7.571017461423124
2018-09-05;2018;9;Autumn;2018;Industrial;PM25;11.125;10.487367327422344
2018-09-06;2018;9;Autumn;2018;Industrial;PM25;18.25;18.099234365591904
2018-09-07;2018;9;Autumn;2018;Industrial;PM25;18.4375;17.568151497621045
2018-09-08;2018;9;Autumn;2018;Industrial;PM25;12.5;11.628569910626792
2018-09-09;2018;9;Autumn;2018;Industrial;PM25;11.875;11.425154366536404
2018-09-10;2018;9;Autumn;2018;Industrial;PM25;18.1875;18.025684466535225
2018-09-11;2018;9;Autumn;2018;Industrial;PM25;20.4375;20.06069585955301
2018-09-12;2018;9;Autumn;2018;Industrial;PM25;26.9375;26.858030011452048
2018-09-13;2018;9;Autumn;2018;Industrial;PM25;26.0625;25.44471139655966
2018-09-14;2018;9;Autumn;2018;Industrial;PM25;22.9375;22.35576026257069
2018-09-15;2018;9;Autumn;2018;Industrial;PM25;25.9375;24.975944794040213
2018-09-16;2018;9;Autumn;2018;Industrial;PM25;20.625;19.73923861583689
2018-09-17;2018;9;Autumn;2018;Industrial;PM25;22.8125;22.796368992101627
2018-09-18;2018;9;Autumn;2018;Industrial;PM25;22.0625;21.989849588552676
2018-09-19;2018;9;Autumn;2018;Industrial;PM25;21.5;21.15905656367693
2018-09-20;2018;9;Autumn;2018;Industrial;PM25;17.375;17.02914959681704
2018-09-21;2018;9;Autumn;2018;Industrial;PM25;19.375;19.609942621692777
2018-09-22;2018;9;Autumn;2018;Industrial;PM25;24.8125;24.43824748232016
2018-09-23;2018;9;Autumn;2018;Industrial;PM25;21.1875;21.09194991794666
2018-09-24;2018;9;Autumn;2018;Industrial;PM25;11.5625;11.202432674938905
2018-09-25;2018;9;Autumn;2018;Industrial;PM25;5.25;5.054429699767417
2018-09-26;2018;9;Autumn;2018;Industrial;PM25;7.9375;7.90225026859187
2018-09-27;2018;9;Autumn;2018;Industrial;PM25;14.3125;14.474595931571056
2018-09-28;2018;9;Autumn;2018;Industrial;PM25;18.0625;18.256077260008738
2018-09-29;2018;9;Autumn;2018;Industrial;PM25;9.0625;8.938406866506888
2018-09-30;2018;9;Autumn;2018;Industrial;PM25;10.125;10.013054745516582
2018-10-01;2018;10;Autumn;2018;Industrial;PM25;14.125;13.937409239560337
2018-10-02;2018;10;Autumn;2018;Industrial;PM25;11.8125;11.837543240339548
2018-10-03;2018;10;Autumn;2018;Industrial;PM25;20.0;20.73708988087508
2018-10-04;2018;10;Autumn;2018;Industrial;PM25;13.5625;13.625426500277449
2018-10-05;2018;10;Autumn;2018;Industrial;PM25;14.875;15.25871595376678
2018-10-06;2018;10;Autumn;2018;Industrial;PM25;23.8125;24.300185357906045
2018-10-07;2018;10;Autumn;2018;Industrial;PM25;28.375;29.04759979221025
2018-10-08;2018;10;Autumn;2018;Industrial;PM25;24.125;24.375517998606863
2018-10-09;2018;10;Autumn;2018;Industrial;PM25;23.125;23.362398318791985
2018-10-10;2018;10;Autumn;2018;Industrial;PM25;22.8125;23.250351235522604
2018-10-11;2018;10;Autumn;2018;Industrial;PM25;20.5625;20.662681078145475
2018-10-12;2018;10;Autumn;2018;Industrial;PM25;28.875;29.23056103233728
2018-10-13;2018;10;Autumn;2018;Industrial;PM25;26.25;26.351633983069856
2018-10-14;2018;10;Autumn;2018;Industrial;PM25;20.5625;20.611884747523643
2018-10-15;2018;10;Autumn;2018;Industrial;PM25;23.6875;24.163171036941712
2018-10-16;2018;10;Autumn;2018;Industrial;PM25;21.25;21.50296926836755
2018-10-17;2018;10;Autumn;2018;Industrial;PM25;22.75;23.265525200410856
2018-10-18;2018;10;Autumn;2018;Industrial;PM25;25.75;26.183988382663724
2018-10-19;2018;10;Autumn;2018;Industrial;PM25;24.8125;25.708964475035717
2018-10-20;2018;10;Autumn;2018;Industrial;PM25;25.125;25.841808243114013
2018-10-21;2018;10;Autumn;2018;Industrial;PM25;22.625;22.527520336241604
2018-10-22;2018;10;Autumn;2018;Industrial;PM25;11.5;11.668708161650985
2018-10-23;2018;10;Autumn;2018;Industrial;PM25;17.875;18.219799648174167
2018-10-24;2018;10;Autumn;2018;Industrial;PM25;16.8125;17.131013801489946
2018-10-25;2018;10;Autumn;2018;Industrial;PM25;17.3125;17.91305592614019
2018-10-26;2018;10;Autumn;2018;Industrial;PM25;18.4375;18.63779943566192
2018-10-27;2018;10;Autumn;2018;Industrial;PM25;18.4375;18.141542012491
2018-10-28;2018;10;Autumn;2018;Industrial;PM25;9.5625;9.328180895148815
2018-10-29;2018;10;Autumn;2018;Industrial;PM25;30.375;29.607516440183705
2018-10-30;2018;10;Autumn;2018;Industrial;PM25;8.375;7.698453973388744
2018-10-31;2018;10;Autumn;2018;Industrial;PM25;7.625;7.290285828974865
2018-11-01;2018;11;Autumn;2018;Industrial;PM25;18.5;17.42123764772553
2018-11-02;2018;11;Autumn;2018;Industrial;PM25;21.625;20.411981558659285
2018-11-03;2018;11;Autumn;2018;Industrial;PM25;38.6875;38.276847380786535
2018-11-04;2018;11;Autumn;2018;Industrial;PM25;32.4375;31.64827451860073
2018-11-05;2018;11;Autumn;2018;Industrial;PM25;17.8125;16.482585801820523
2018-11-06;2018;11;Autumn;2018;Industrial;PM25;12.0;11.115060625022137
2018-11-07;2018;11;Autumn;2018;Industrial;PM25;13.625;12.797856577844415
2018-11-08;2018;11;Autumn;2018;Industrial;PM25;19.0;18.46572944829459
2018-11-09;2018;11;Autumn;2018;Industrial;PM25;28.0;27.95567348673569
2018-11-10;2018;11;Autumn;2018;Industrial;PM25;25.9375;24.908911937285275
2018-11-11;2018;11;Autumn;2018;Industrial;PM25;22.4375;21.205930272369866
2018-11-12;2018;11;Autumn;2018;Industrial;PM25;22.0;21.457270280161985
2018-11-13;2018;11;Autumn;2018;Industrial;PM25;30.0625;29.851362439640617
2018-11-14;2018;11;Autumn;2018;Industrial;PM25;24.9375;23.872764194047296
2018-11-15;2018;11;Autumn;2018;Industrial;PM25;32.1875;31.964094284601128
2018-11-16;2018;11;Autumn;2018;Industrial;PM25;23.1875;22.495540194330644
2018-11-17;2018;11;Autumn;2018;Industrial;PM25;20.875;19.859175216349275
2018-11-18;2018;11;Autumn;2018;Industrial;PM25;25.5625;24.71746496499451
2018-11-19;2018;11;Autumn;2018;Industrial;PM25;23.625;22.8184702659945
2018-11-20;2018;11;Autumn;2018;Industrial;PM25;23.25;23.04511162796189
2018-11-21;2018;11;Autumn;2018;Industrial;PM25;27.6875;27.782664903602083
2018-11-22;2018;11;Autumn;2018;Industrial;PM25;42.875;43.255507609119135
2018-11-23;2018;11;Autumn;2018;Industrial;PM25;45.125;44.85761679319016
2018-11-24;2018;11;Autumn;2018;Industrial;PM25;18.1875;17.625190375556368
2018-11-25;2018;11;Autumn;2018;Industrial;PM25;24.25;23.01277139585129
2018-11-26;2018;11;Autumn;2018;Industrial;PM25;29.3125;29.07010838124697
2018-11-27;2018;11;Autumn;2018;Industrial;PM25;24.9375;24.309603782718032
2018-11-28;2018;11;Autumn;2018;Industrial;PM25;22.0625;21.400119242984143
2018-11-29;2018;11;Autumn;2018;Industrial;PM25;31.25;30.490215581870345
2018-11-30;2018;11;Autumn;2018;Industrial;PM25;42.75;43.78835550938005
2018-12-01;2018;12;Winter;2019;Industrial;PM25;43.9375;41.821719932468326
2018-12-02;2018;12;Winter;2019;Industrial;PM25;63.125;61.8689980047461
2018-12-03;2018;12;Winter;2019;Industrial;PM25;55.4375;54.91664797345958
2018-12-04;2018;12;Winter;2019;Industrial;PM25;47.625;46.37857581374482
2018-12-05;2018;12;Winter;2019;Industrial;PM25;30.4375;28.932087578659047
2018-12-06;2018;12;Winter;2019;Industrial;PM25;43.125;42.83815126149632
2018-12-07;2018;12;Winter;2019;Industrial;PM25;50.1875;48.86766390007202
2018-12-08;2018;12;Winter;2019;Industrial;PM25;34.0;32.41576250575554
2018-12-09;2018;12;Winter;2019;Industrial;PM25;26.1875;23.88757216561788
2018-12-10;2018;12;Winter;2019;Industrial;PM25;15.25;13.929587608174636
2018-12-11;2018;12;Winter;2019;Industrial;PM25;16.75;15.210419593629355
2018-12-12;2018;12;Winter;2019;Industrial;PM25;20.625;19.24319665647395
2018-12-13;2018;12;Winter;2019;Industrial;PM25;26.25;24.988114071852756
2018-12-14;2018;12;Winter;2019;Industrial;PM25;29.625;28.214421907651623
2018-12-15;2018;12;Winter;2019;Industrial;PM25;40.0625;37.89454965112572
2018-12-16;2018;12;Winter;2019;Industrial;PM25;56.4375;55.65551174130176
2018-12-17;2018;12;Winter;2019;Industrial;PM25;55.3125;55.371580618882895
2018-12-18;2018;12;Winter;2019;Industrial;PM25;52.125;52.25034828396359
2018-12-19;2018;12;Winter;2019;Industrial;PM25;55.8125;55.10396276313149
2018-12-20;2018;12;Winter;2019;Industrial;PM25;37.4375;37.1150960437303
2018-12-21;2018;12;Winter;2019;Industrial;PM25;40.6875;40.67605754359453
2018-12-22;2018;12;Winter;2019;Industrial;PM25;48.9375;48.79931759955608
2018-12-23;2018;12;Winter;2019;Industrial;PM25;41.4375;39.17297021286644
2018-12-24;2018;12;Winter;2019;Industrial;PM25;38.75;37.70077980189136
2018-12-25;2018;12;Winter;2019;Industrial;PM25;34.5625;33.62669567065324
2018-12-26;2018;12;Winter;2019;Industrial;PM25;34.75;33.264607265557665
2018-12-27;2018;12;Winter;2019;Industrial;PM25;36.0625;35.353555447987624
2018-12-28;2018;12;Winter;2019;Industrial;PM25;51.5625;50.95381695611622
2018-12-29;2018;12;Winter;2019;Industrial;PM25;44.75;42.13575105370657
2018-12-30;2018;12;Winter;2019;Industrial;PM25;34.75;33.11957946187176
2018-12-31;2018;12;Winter;2019;Industrial;PM25;36.6875;35.057829895750935
2019-01-01;2019;1;Winter;2019;Industrial;PM25;50.5;49.93882398536661
2019-01-02;2019;1;Winter;2019;Industrial;PM25;23.625;23.614743196385103
2019-01-03;2019;1;Winter;2019;Industrial;PM25;16.0625;15.943051930321118
2019-01-04;2019;1;Winter;2019;Industrial;PM25;25.0;24.79072553297063
2019-01-05;2019;1;Winter;2019;Industrial;PM25;38.875;38.70830115886797
2019-01-06;2019;1;Winter;2019;Industrial;PM25;27.25;26.392394396798505
2019-01-07;2019;1;Winter;2019;Industrial;PM25;35.625;35.4214673905065
2019-01-08;2019;1;Winter;2019;Industrial;PM25;52.3125;53.38303126036801
2019-01-09;2019;1;Winter;2019;Industrial;PM25;29.6875;30.16474011350858
2019-01-10;2019;1;Winter;2019;Industrial;PM25;18.3125;18.509546640985818
2019-01-11;2019;1;Winter;2019;Industrial;PM25;26.125;25.80704716213875
2019-01-12;2019;1;Winter;2019;Industrial;PM25;35.8125;35.14527688635343
2019-01-13;2019;1;Winter;2019;Industrial;PM25;46.1875;46.78131541937397
2019-01-14;2019;1;Winter;2019;Industrial;PM25;23.9375;24.307917707749176
2019-01-15;2019;1;Winter;2019;Industrial;PM25;19.8125;19.82266413381446
2019-01-16;2019;1;Winter;2019;Industrial;PM25;28.0625;28.326417902998024
2019-01-17;2019;1;Winter;2019;Industrial;PM25;40.875;41.6251104697423
2019-01-18;2019;1;Winter;2019;Industrial;PM25;34.375;34.50449659562349
2019-01-19;2019;1;Winter;2019;Industrial;PM25;20.8125;19.349557093405288
2019-01-20;2019;1;Winter;2019;Industrial;PM25;34.4375;33.5185780011803
2019-01-21;2019;1;Winter;2019;Industrial;PM25;36.6875;36.605476950359815
2019-01-22;2019;1;Winter;2019;Industrial;PM25;33.4375;33.59844211972718
2019-01-23;2019;1;Winter;2019;Industrial;PM25;39.25;39.618797913039394
2019-01-24;2019;1;Winter;2019;Industrial;PM25;33.8125;33.551144921621535
2019-01-25;2019;1;Winter;2019;Industrial;PM25;28.9375;28.80334477423068
2019-01-26;2019;1;Winter;2019;Industrial;PM25;41.125;40.68966003212064
2019-01-27;2019;1;Winter;2019;Industrial;PM25;54.5625;54.738566198167305
2019-01-28;2019;1;Winter;2019;Industrial;PM25;35.8125;36.59683902393193
2019-01-29;2019;1;Winter;2019;Industrial;PM25;21.875;21.83430566280377
2019-01-30;2019;1;Winter;2019;Industrial;PM25;21.375;21.16612887598322
2019-01-31;2019;1;Winter;2019;Industrial;PM25;31.625;31.51328132569563
2019-02-01;2019;2;Winter;2019;Industrial;PM25;33.5625;34.05912369968672
2019-02-02;2019;2;Winter;2019;Industrial;PM25;28.25;28.53115320134707
2019-02-03;2019;2;Winter;2019;Industrial;PM25;28.125;27.821862585916836
2019-02-04;2019;2;Winter;2019;Industrial;PM25;22.8125;22.77029633783629
2019-02-05;2019;2;Winter;2019;Industrial;PM25;24.125;23.953034578130367
2019-02-06;2019;2;Winter;2019;Industrial;PM25;30.9375;30.783966693189196
2019-02-07;2019;2;Winter;2019;Industrial;PM25;38.125;37.75605051219792
2019-02-08;2019;2;Winter;2019;Industrial;PM25;38.4375;38.00097184012496
2019-02-09;2019;2;Winter;2019;Industrial;PM25;43.0625;42.47690925479534
2019-02-10;2019;2;Winter;2019;Industrial;PM25;48.1875;47.79328578852641
2019-02-11;2019;2;Winter;2019;Industrial;PM25;15.0;14.869758742891031
2019-02-12;2019;2;Winter;2019;Industrial;PM25;15.5625;15.149067356448056
2019-02-13;2019;2;Winter;2019;Industrial;PM25;18.0625;17.97415962253847
2019-02-14;2019;2;Winter;2019;Industrial;PM25;31.625;31.59129571832491
2019-02-15;2019;2;Winter;2019;Industrial;PM25;37.75;37.64909524914047
2019-02-16;2019;2;Winter;2019;Industrial;PM25;47.875;47.63181646021181
2019-02-17;2019;2;Winter;2019;Industrial;PM25;50.375;49.39095278501193
2019-02-18;2019;2;Winter;2019;Industrial;PM25;46.125;46.58140115270221
2019-02-19;2019;2;Winter;2019;Industrial;PM25;35.0625;35.366125352695754
2019-02-20;2019;2;Winter;2019;Industrial;PM25;56.75;58.43895464061
2019-02-21;2019;2;Winter;2019;Industrial;PM25;60.6875;61.49431135878517
2019-02-22;2019;2;Winter;2019;Industrial;PM25;47.5625;48.86249196250048
2019-02-23;2019;2;Winter;2019;Industrial;PM25;22.0;21.29990516484581
2019-02-24;2019;2;Winter;2019;Industrial;PM25;23.5;23.152963525166548
2019-02-25;2019;2;Winter;2019;Industrial;PM25;35.125;35.282643992354465
2019-02-26;2019;2;Winter;2019;Industrial;PM25;34.9375;35.12591348567637
2019-02-27;2019;2;Winter;2019;Industrial;PM25;29.8125;29.714798688162634
2019-02-28;2019;2;Winter;2019;Industrial;PM25;46.9375;47.89714349469011
2019-03-01;2019;3;Spring;2019;Industrial;PM25;57.75;59.24178560208578
2019-03-02;2019;3;Spring;2019;Industrial;PM25;33.125;33.7700379634224
2019-03-03;2019;3;Spring;2019;Industrial;PM25;32.3125;32.4584090595465
2019-03-04;2019;3;Spring;2019;Industrial;PM25;29.25;29.8408501692646
2019-03-05;2019;3;Spring;2019;Industrial;PM25;18.875;19.23406960254381
2019-03-06;2019;3;Spring;2019;Industrial;PM25;22.4375;22.496818765029023
2019-03-07;2019;3;Spring;2019;Industrial;PM25;23.625;23.61259692710612
2019-03-08;2019;3;Spring;2019;Industrial;PM25;21.1875;21.540299068384076
2019-03-09;2019;3;Spring;2019;Industrial;PM25;22.0;21.978513818627032
2019-03-10;2019;3;Spring;2019;Industrial;PM25;16.625;16.680710881966935
2019-03-11;2019;3;Spring;2019;Industrial;PM25;15.1875;15.360009512876148
2019-03-12;2019;3;Spring;2019;Industrial;PM25;11.125;11.456506484316966
2019-03-13;2019;3;Spring;2019;Industrial;PM25;20.25;20.41442962380098
2019-03-14;2019;3;Spring;2019;Industrial;PM25;18.9375;18.849881529459086
2019-03-15;2019;3;Spring;2019;Industrial;PM25;16.625;17.14199142079503
2019-03-16;2019;3;Spring;2019;Industrial;PM25;28.0;28.69476586286778
2019-03-17;2019;3;Spring;2019;Industrial;PM25;31.5;31.57038500723742
2019-03-18;2019;3;Spring;2019;Industrial;PM25;11.625;11.761347187682588
2019-03-19;2019;3;Spring;2019;Industrial;PM25;11.375;11.64433000284799
2019-03-20;2019;3;Spring;2019;Industrial;PM25;13.9375;13.890904339809332
2019-03-21;2019;3;Spring;2019;Industrial;PM25;19.6875;20.180559674213352
2019-03-22;2019;3;Spring;2019;Industrial;PM25;24.6875;25.14924939296693
2019-03-23;2019;3;Spring;2019;Industrial;PM25;24.1875;23.94063847840959
2019-03-24;2019;3;Spring;2019;Industrial;PM25;25.6875;25.18383339548021
2019-03-25;2019;3;Spring;2019;Industrial;PM25;25.125;25.01286880745528
2019-03-26;2019;3;Spring;2019;Industrial;PM25;9.9375;9.859291643055748
2019-03-27;2019;3;Spring;2019;Industrial;PM25;11.875;11.879436039120234
2019-03-28;2019;3;Spring;2019;Industrial;PM25;17.5;17.578682349210638
2019-03-29;2019;3;Spring;2019;Industrial;PM25;21.625;22.130349891805714
2019-03-30;2019;3;Spring;2019;Industrial;PM25;26.3125;26.4491633660314
2019-03-31;2019;3;Spring;2019;Industrial;PM25;24.0625;23.842946525304544
2019-04-01;2019;4;Spring;2019;Industrial;PM25;21.375;21.54256571665135
2019-04-02;2019;4;Spring;2019;Industrial;PM25;19.875;20.30305850712438
2019-04-03;2019;4;Spring;2019;Industrial;PM25;18.1875;17.967600435713216
2019-04-04;2019;4;Spring;2019;Industrial;PM25;11.0625;10.590864115610806
2019-04-05;2019;4;Spring;2019;Industrial;PM25;14.375;14.618982885631151
2019-04-06;2019;4;Spring;2019;Industrial;PM25;21.0;20.91234648008902
2019-04-07;2019;4;Spring;2019;Industrial;PM25;18.125;17.95692487470309
2019-04-08;2019;4;Spring;2019;Industrial;PM25;21.25;21.411813582860383
2019-04-09;2019;4;Spring;2019;Industrial;PM25;20.0;19.92467211406056
2019-04-10;2019;4;Spring;2019;Industrial;PM25;17.6875;17.806915038858925
2019-04-11;2019;4;Spring;2019;Industrial;PM25;19.0;18.502488321770095
2019-04-12;2019;4;Spring;2019;Industrial;PM25;19.0;18.49472534506197
2019-04-13;2019;4;Spring;2019;Industrial;PM25;24.5;24.70200328252949
2019-04-14;2019;4;Spring;2019;Industrial;PM25;20.25;20.08063924178854
2019-04-15;2019;4;Spring;2019;Industrial;PM25;14.125;14.010038433194064
2019-04-16;2019;4;Spring;2019;Industrial;PM25;20.4375;20.104988094224453
2019-04-17;2019;4;Spring;2019;Industrial;PM25;21.4375;21.12991828909161
2019-04-18;2019;4;Spring;2019;Industrial;PM25;21.625;21.78766908109727
2019-04-19;2019;4;Spring;2019;Industrial;PM25;15.625;15.752747430202207
2019-04-20;2019;4;Spring;2019;Industrial;PM25;16.6875;16.759309553100348
2019-04-21;2019;4;Spring;2019;Industrial;PM25;11.875;11.852115880924629
2019-04-22;2019;4;Spring;2019;Industrial;PM25;13.375;13.169288090407557
2019-04-23;2019;4;Spring;2019;Industrial;PM25;11.4375;11.24652148764941
2019-04-24;2019;4;Spring;2019;Industrial;PM25;12.0;11.92909971197125
2019-04-25;2019;4;Spring;2019;Industrial;PM25;14.1875;14.005880953988802
2019-04-26;2019;4;Spring;2019;Industrial;PM25;10.875;10.907372772621708
2019-04-27;2019;4;Spring;2019;Industrial;PM25;7.6875;7.314112821536682
2019-04-28;2019;4;Spring;2019;Industrial;PM25;10.8125;10.800711116852764
2019-04-29;2019;4;Spring;2019;Industrial;PM25;11.5;11.695608515785796
2019-04-30;2019;4;Spring;2019;Industrial;PM25;16.25;16.06618789104821
2019-05-01;2019;5;Spring;2019;Industrial;PM25;12.25;12.578802728198925
2019-05-02;2019;5;Spring;2019;Industrial;PM25;13.1875;13.092131031060717
2019-05-03;2019;5;Spring;2019;Industrial;PM25;12.25;12.086440921809444
2019-05-04;2019;5;Spring;2019;Industrial;PM25;8.875;8.975516088211373
2019-05-05;2019;5;Spring;2019;Industrial;PM25;7.0625;7.021999994127854
2019-05-06;2019;5;Spring;2019;Industrial;PM25;11.5;11.736681239375086
2019-05-07;2019;5;Spring;2019;Industrial;PM25;12.8125;13.32742203992472
2019-05-08;2019;5;Spring;2019;Industrial;PM25;15.5;15.672842206634938
2019-05-09;2019;5;Spring;2019;Industrial;PM25;13.75;14.303469557328292
2019-05-10;2019;5;Spring;2019;Industrial;PM25;13.25;13.125628686606516
2019-05-11;2019;5;Spring;2019;Industrial;PM25;13.8125;13.9076693159831
2019-05-12;2019;5;Spring;2019;Industrial;PM25;11.8125;11.775560716519228
2019-05-13;2019;5;Spring;2019;Industrial;PM25;9.5;9.69095190419007
2019-05-14;2019;5;Spring;2019;Industrial;PM25;11.5;11.636751998731617
2019-05-15;2019;5;Spring;2019;Industrial;PM25;9.75;9.839291114562627
2019-05-16;2019;5;Spring;2019;Industrial;PM25;17.125;17.457390242255375
2019-05-17;2019;5;Spring;2019;Industrial;PM25;12.375;12.229539242082144
2019-05-18;2019;5;Spring;2019;Industrial;PM25;14.8125;15.29640242989392
2019-05-19;2019;5;Spring;2019;Industrial;PM25;10.0625;10.456383169255794
2019-05-20;2019;5;Spring;2019;Industrial;PM25;18.0625;18.343837623425163
2019-05-21;2019;5;Spring;2019;Industrial;PM25;14.0;13.961226221479722
2019-05-22;2019;5;Spring;2019;Industrial;PM25;17.0625;16.606947922875236
2019-05-23;2019;5;Spring;2019;Industrial;PM25;13.5625;13.274323161798169
2019-05-24;2019;5;Spring;2019;Industrial;PM25;20.5;20.80648930829059
2019-05-25;2019;5;Spring;2019;Industrial;PM25;19.8125;19.887568961011887
2019-05-26;2019;5;Spring;2019;Industrial;PM25;13.0;12.974247704725022
2019-05-27;2019;5;Spring;2019;Industrial;PM25;19.625;19.765372543608024
2019-05-28;2019;5;Spring;2019;Industrial;PM25;17.375;17.59643971801956
2019-05-29;2019;5;Spring;2019;Industrial;PM25;15.625;15.815379736986593
2019-05-30;2019;5;Spring;2019;Industrial;PM25;12.75;12.904527717996071
2019-05-31;2019;5;Spring;2019;Industrial;PM25;9.4375;9.202398184332528
2019-06-01;2019;6;Summer;2019;Industrial;PM25;13.5;13.653423020573063
2019-06-02;2019;6;Summer;2019;Industrial;PM25;11.75;11.771479575208977
2019-06-03;2019;6;Summer;2019;Industrial;PM25;16.1875;16.49337181546195
2019-06-04;2019;6;Summer;2019;Industrial;PM25;25.0;25.4683799630642
2019-06-05;2019;6;Summer;2019;Industrial;PM25;24.6875;24.71259663349883
2019-06-06;2019;6;Summer;2019;Industrial;PM25;21.875;22.35887031659674
2019-06-07;2019;6;Summer;2019;Industrial;PM25;13.5625;13.703113118080044
2019-06-08;2019;6;Summer;2019;Industrial;PM25;17.75;17.85851651981409
2019-06-09;2019;6;Summer;2019;Industrial;PM25;21.5;21.724666829129365
2019-06-10;2019;6;Summer;2019;Industrial;PM25;19.375;19.526960489267186
2019-06-11;2019;6;Summer;2019;Industrial;PM25;23.5;24.056525275183432
2019-06-12;2019;6;Summer;2019;Industrial;PM25;15.375;15.517870407614998
2019-06-13;2019;6;Summer;2019;Industrial;PM25;9.3125;9.590608677269804
2019-06-14;2019;6;Summer;2019;Industrial;PM25;8.875;9.388794771441406
2019-06-15;2019;6;Summer;2019;Industrial;PM25;14.6875;15.262907710421004
2019-06-16;2019;6;Summer;2019;Industrial;PM25;8.25;8.627371245863808
2019-06-17;2019;6;Summer;2019;Industrial;PM25;8.25;8.596595329882469
2019-06-18;2019;6;Summer;2019;Industrial;PM25;15.5;16.10383128150773
2019-06-19;2019;6;Summer;2019;Industrial;PM25;15.25;15.559662469061132
2019-06-20;2019;6;Summer;2019;Industrial;PM25;15.0;15.394167784821091
2019-06-21;2019;6;Summer;2019;Industrial;PM25;13.625;13.72578547289858
2019-06-22;2019;6;Summer;2019;Industrial;PM25;10.3125;10.595171334533209
2019-06-23;2019;6;Summer;2019;Industrial;PM25;9.625;9.756523219932411
2019-06-24;2019;6;Summer;2019;Industrial;PM25;13.9375;14.39196866623017
2019-06-25;2019;6;Summer;2019;Industrial;PM25;10.9375;10.925693867424563
2019-06-26;2019;6;Summer;2019;Industrial;PM25;14.1875;14.58601078713178
2019-06-27;2019;6;Summer;2019;Industrial;PM25;10.75;10.876593920567483
2019-06-28;2019;6;Summer;2019;Industrial;PM25;15.6875;16.191029710121523
2019-06-29;2019;6;Summer;2019;Industrial;PM25;5.375;5.151521913379978
2019-06-30;2019;6;Summer;2019;Industrial;PM25;9.1875;9.483806090002378
2019-07-01;2019;7;Summer;2019;Industrial;PM25;14.5;15.06950565340834
2019-07-02;2019;7;Summer;2019;Industrial;PM25;17.125;17.893608462936484
2019-07-03;2019;7;Summer;2019;Industrial;PM25;13.125;13.45705846601936
2019-07-04;2019;7;Summer;2019;Industrial;PM25;9.625;9.756523219932411
2019-07-05;2019;7;Summer;2019;Industrial;PM25;11.875;12.391334474486994
2019-07-06;2019;7;Summer;2019;Industrial;PM25;18.0625;18.326708574213647
2019-07-07;2019;7;Summer;2019;Industrial;PM25;12.0;12.408378377584846
2019-07-08;2019;7;Summer;2019;Industrial;PM25;8.8125;8.897428293759964
2019-07-09;2019;7;Summer;2019;Industrial;PM25;10.9375;10.905067955406926
2019-07-10;2019;7;Summer;2019;Industrial;PM25;9.125;8.990504740289673
2019-07-11;2019;7;Summer;2019;Industrial;PM25;9.25;9.62810232801219
2019-07-12;2019;7;Summer;2019;Industrial;PM25;16.1875;16.46947218217745
2019-07-13;2019;7;Summer;2019;Industrial;PM25;12.625;12.764374278827098
2019-07-14;2019;7;Summer;2019;Industrial;PM25;8.1875;8.175318784113497
2019-07-15;2019;7;Summer;2019;Industrial;PM25;11.125;11.049414106655783
2019-07-16;2019;7;Summer;2019;Industrial;PM25;9.0;9.0
2019-07-17;2019;7;Summer;2019;Industrial;PM25;12.5625;12.793432592170667
2019-07-18;2019;7;Summer;2019;Industrial;PM25;13.25;13.074238602899078
2019-07-19;2019;7;Summer;2019;Industrial;PM25;14.0625;14.026084071510992
2019-07-20;2019;7;Summer;2019;Industrial;PM25;16.3125;16.610386064223658
2019-07-21;2019;7;Summer;2019;Industrial;PM25;15.25;15.561673678987407
2019-07-22;2019;7;Summer;2019;Industrial;PM25;21.125;21.43435381439909
2019-07-23;2019;7;Summer;2019;Industrial;PM25;18.5;19.15087010519949
2019-07-24;2019;7;Summer;2019;Industrial;PM25;17.9375;18.29743005540369
2019-07-25;2019;7;Summer;2019;Industrial;PM25;26.6875;27.54080113684742
2019-07-26;2019;7;Summer;2019;Industrial;PM25;17.3125;18.01751661083235
2019-07-27;2019;7;Summer;2019;Industrial;PM25;16.5625;17.159575561303733
2019-07-28;2019;7;Summer;2019;Industrial;PM25;15.25;15.536285456750178
2019-07-29;2019;7;Summer;2019;Industrial;PM25;11.125;11.55919269739952
2019-07-30;2019;7;Summer;2019;Industrial;PM25;13.8125;13.886884856029669
2019-07-31;2019;7;Summer;2019;Industrial;PM25;17.125;17.482584683682187
2019-08-01;2019;8;Summer;2019;Industrial;PM25;12.0;12.0
2019-08-02;2019;8;Summer;2019;Industrial;PM25;13.75;13.782774647597853
2019-08-03;2019;8;Summer;2019;Industrial;PM25;6.375;6.232727817235335
2019-08-04;2019;8;Summer;2019;Industrial;PM25;6.9375;6.973137869174464
2019-08-05;2019;8;Summer;2019;Industrial;PM25;8.625;8.773708054528745
2019-08-06;2019;8;Summer;2019;Industrial;PM25;14.5;14.623152109127956
2019-08-07;2019;8;Summer;2019;Industrial;PM25;12.0625;11.988038439066212
2019-08-08;2019;8;Summer;2019;Industrial;PM25;11.25;11.535627776423922
2019-08-09;2019;8;Summer;2019;Industrial;PM25;12.5625;12.701404323660933
2019-08-10;2019;8;Summer;2019;Industrial;PM25;11.125;11.50809034883482
2019-08-11;2019;8;Summer;2019;Industrial;PM25;11.3125;11.589293316617292
2019-08-12;2019;8;Summer;2019;Industrial;PM25;16.0625;16.408346080783108
2019-08-13;2019;8;Summer;2019;Industrial;PM25;10.25;10.555493245564328
2019-08-14;2019;8;Summer;2019;Industrial;PM25;4.75;4.868872048879742
2019-08-15;2019;8;Summer;2019;Industrial;PM25;6.0625;5.966188184655496
2019-08-16;2019;8;Summer;2019;Industrial;PM25;5.625;5.797331696962045
2019-08-17;2019;8;Summer;2019;Industrial;PM25;4.25;4.667994750301681
2019-08-18;2019;8;Summer;2019;Industrial;PM25;9.875;10.38316044757495
2019-08-19;2019;8;Summer;2019;Industrial;PM25;9.5;9.701025570258755
2019-08-20;2019;8;Summer;2019;Industrial;PM25;8.5;8.720286208384836
2019-08-21;2019;8;Summer;2019;Industrial;PM25;10.0;10.442157896127611
2019-08-22;2019;8;Summer;2019;Industrial;PM25;8.0625;8.502009741889832
2019-08-23;2019;8;Summer;2019;Industrial;PM25;11.375;11.606228585018394
2019-08-24;2019;8;Summer;2019;Industrial;PM25;11.4375;11.640113802185024
2019-08-25;2019;8;Summer;2019;Industrial;PM25;9.625;9.799263632920423
2019-08-26;2019;8;Summer;2019;Industrial;PM25;10.8125;10.857996834913427
2019-08-27;2019;8;Summer;2019;Industrial;PM25;13.5;13.645944842934782
2019-08-28;2019;8;Summer;2019;Industrial;PM25;15.875;16.380350625823937
2019-08-29;2019;8;Summer;2019;Industrial;PM25;19.3125;19.57705282875942
2019-08-30;2019;8;Summer;2019;Industrial;PM25;16.0;16.457240502538234
2019-08-31;2019;8;Summer;2019;Industrial;PM25;9.1875;9.05643132085111
2019-09-01;2019;9;Autumn;2019;Industrial;PM25;11.0;10.989717872756474
2019-09-02;2019;9;Autumn;2019;Industrial;PM25;9.8125;9.897557480966908
2019-09-03;2019;9;Autumn;2019;Industrial;PM25;6.8125;6.434368494763514
2019-09-04;2019;9;Autumn;2019;Industrial;PM25;9.0625;8.94996344589258
2019-09-05;2019;9;Autumn;2019;Industrial;PM25;14.5;15.112930171378574
2019-09-06;2019;9;Autumn;2019;Industrial;PM25;6.375;6.6711246039971694
2019-09-07;2019;9;Autumn;2019;Industrial;PM25;11.9375;12.345059029745354
2019-09-08;2019;9;Autumn;2019;Industrial;PM25;22.75;23.13582273166349
2019-09-09;2019;9;Autumn;2019;Industrial;PM25;6.4375;6.227924401995355
2019-09-10;2019;9;Autumn;2019;Industrial;PM25;8.75;8.377614205895048
2019-09-11;2019;9;Autumn;2019;Industrial;PM25;9.25;9.067594269960155
2019-09-12;2019;9;Autumn;2019;Industrial;PM25;14.875;14.91795437929951
2019-09-13;2019;9;Autumn;2019;Industrial;PM25;15.75;15.80634544071922
2019-09-14;2019;9;Autumn;2019;Industrial;PM25;19.5625;19.657192938157497
2019-09-15;2019;9;Autumn;2019;Industrial;PM25;14.5625;14.66672049466956
2019-09-16;2019;9;Autumn;2019;Industrial;PM25;22.3125;22.498627385926227
2019-09-17;2019;9;Autumn;2019;Industrial;PM25;26.5;26.61969928741511
2019-09-18;2019;9;Autumn;2019;Industrial;PM25;22.125;22.40936489807423
2019-09-19;2019;9;Autumn;2019;Industrial;PM25;8.125;8.015872410016707
2019-09-20;2019;9;Autumn;2019;Industrial;PM25;8.75;8.777815620494962
2019-09-21;2019;9;Autumn;2019;Industrial;PM25;14.875;15.263770915849214
2019-09-22;2019;9;Autumn;2019;Industrial;PM25;14.875;15.297306740342522
2019-09-23;2019;9;Autumn;2019;Industrial;PM25;20.125;20.878000299479435
2019-09-24;2019;9;Autumn;2019;Industrial;PM25;4.875;4.972527166014369
2019-09-25;2019;9;Autumn;2019;Industrial;PM25;18.5;18.538698908661708
2019-09-26;2019;9;Autumn;2019;Industrial;PM25;22.625;22.57181487473245
2019-09-27;2019;9;Autumn;2019;Industrial;PM25;26.9375;27.225552055104217
2019-09-28;2019;9;Autumn;2019;Industrial;PM25;21.3125;21.52216588224586
2019-09-29;2019;9;Autumn;2019;Industrial;PM25;14.9375;14.880551746816565
2019-09-30;2019;9;Autumn;2019;Industrial;PM25;12.4375;12.572551829026605
2019-10-01;2019;10;Autumn;2019;Industrial;PM25;20.625;21.173841939452306
2019-10-02;2019;10;Autumn;2019;Industrial;PM25;13.8125;13.91050556239008
2019-10-03;2019;10;Autumn;2019;Industrial;PM25;14.0625;14.356768088411028
2019-10-04;2019;10;Autumn;2019;Industrial;PM25;11.9375;12.427001887894866
2019-10-05;2019;10;Autumn;2019;Industrial;PM25;21.875;22.170271674824058
2019-10-06;2019;10;Autumn;2019;Industrial;PM25;8.875;8.428246782798135
2019-10-07;2019;10;Autumn;2019;Industrial;PM25;13.8125;14.278360262015145
2019-10-08;2019;10;Autumn;2019;Industrial;PM25;10.0625;10.011248095222715
2019-10-09;2019;10;Autumn;2019;Industrial;PM25;16.75;16.8455713744638
2019-10-10;2019;10;Autumn;2019;Industrial;PM25;15.8125;16.302383210360816
2019-10-11;2019;10;Autumn;2019;Industrial;PM25;27.875;28.263042769773715
2019-10-12;2019;10;Autumn;2019;Industrial;PM25;27.5625;28.095161058278112
2019-10-13;2019;10;Autumn;2019;Industrial;PM25;29.0;29.3029762970836
2019-10-14;2019;10;Autumn;2019;Industrial;PM25;37.9375;39.08920670246718
2019-10-15;2019;10;Autumn;2019;Industrial;PM25;16.6875;16.287817352777964
2019-10-16;2019;10;Autumn;2019;Industrial;PM25;6.875;6.920946237569401
2019-10-17;2019;10;Autumn;2019;Industrial;PM25;23.875;24.286434462449098
2019-10-18;2019;10;Autumn;2019;Industrial;PM25;13.8125;13.78474768857662
2019-10-19;2019;10;Autumn;2019;Industrial;PM25;9.4375;9.16638431432422
2019-10-20;2019;10;Autumn;2019;Industrial;PM25;7.9375;7.948298692566745
2019-10-21;2019;10;Autumn;2019;Industrial;PM25;7.6875;7.844664127942312
2019-10-22;2019;10;Autumn;2019;Industrial;PM25;9.5;9.710059866526128
2019-10-23;2019;10;Autumn;2019;Industrial;PM25;13.8125;13.850251474642606
2019-10-24;2019;10;Autumn;2019;Industrial;PM25;26.375;26.52081822479161
2019-10-25;2019;10;Autumn;2019;Industrial;PM25;9.0;8.982615512447481
2019-10-26;2019;10;Autumn;2019;Industrial;PM25;17.5;17.643005833976822
2019-10-27;2019;10;Autumn;2019;Industrial;PM25;18.6875;18.7581586125294
2019-10-28;2019;10;Autumn;2019;Industrial;PM25;27.3125;27.14663335202633
2019-10-29;2019;10;Autumn;2019;Industrial;PM25;33.75;33.85181052934458
2019-10-30;2019;10;Autumn;2019;Industrial;PM25;17.1875;17.502570531810882
2019-10-31;2019;10;Autumn;2019;Industrial;PM25;16.0;16.430260928797296
2019-11-01;2019;11;Autumn;2019;Industrial;PM25;21.375;21.16739725946957
2019-11-02;2019;11;Autumn;2019;Industrial;PM25;22.5;22.286763302612226
2019-11-03;2019;11;Autumn;2019;Industrial;PM25;12.1875;11.134486818500784
2019-11-04;2019;11;Autumn;2019;Industrial;PM25;16.625;16.271281390289232
2019-11-05;2019;11;Autumn;2019;Industrial;PM25;16.0;15.937540921515836
2019-11-06;2019;11;Autumn;2019;Industrial;PM25;13.9375;13.462137872110535
2019-11-07;2019;11;Autumn;2019;Industrial;PM25;15.375;14.682607585050691
2019-11-08;2019;11;Autumn;2019;Industrial;PM25;9.5625;8.755933069282511
2019-11-09;2019;11;Autumn;2019;Industrial;PM25;17.875;16.849118150508968
2019-11-10;2019;11;Autumn;2019;Industrial;PM25;17.0;15.98178166774812
2019-11-11;2019;11;Autumn;2019;Industrial;PM25;15.4375;14.672360690681783
2019-11-12;2019;11;Autumn;2019;Industrial;PM25;16.375;16.68479495935007
2019-11-13;2019;11;Autumn;2019;Industrial;PM25;17.125;16.908186064810874
2019-11-14;2019;11;Autumn;2019;Industrial;PM25;9.75;9.35705288748088
2019-11-15;2019;11;Autumn;2019;Industrial;PM25;10.1875;10.053195768531758
2019-11-16;2019;11;Autumn;2019;Industrial;PM25;18.875;18.85062435589901
2019-11-17;2019;11;Autumn;2019;Industrial;PM25;13.4375;12.698124730248304
2019-11-18;2019;11;Autumn;2019;Industrial;PM25;14.25;13.534456283342776
2019-11-19;2019;11;Autumn;2019;Industrial;PM25;11.3125;11.15545331497309
2019-11-20;2019;11;Autumn;2019;Industrial;PM25;17.75;18.28497229815233
2019-11-21;2019;11;Autumn;2019;Industrial;PM25;24.75;24.802343573376863
2019-11-22;2019;11;Autumn;2019;Industrial;PM25;12.125;11.055911635950451
2019-11-23;2019;11;Autumn;2019;Industrial;PM25;5.5625;5.354307659333335
2019-11-24;2019;11;Autumn;2019;Industrial;PM25;6.5;5.81794880076103
2019-11-25;2019;11;Autumn;2019;Industrial;PM25;14.0625;13.972274663746251
2019-11-26;2019;11;Autumn;2019;Industrial;PM25;23.625;23.766687904260536
2019-11-27;2019;11;Autumn;2019;Industrial;PM25;23.6875;22.880393198880768
2019-11-28;2019;11;Autumn;2019;Industrial;PM25;22.75;22.828048891485683
2019-11-29;2019;11;Autumn;2019;Industrial;PM25;24.6875;24.717385368374384
2019-11-30;2019;11;Autumn;2019;Industrial;PM25;26.625;27.17870994829576
2019-12-01;2019;12;Winter;2020;Industrial;PM25;27.8125;27.78876130021052
2019-12-02;2019;12;Winter;2020;Industrial;PM25;23.3125;23.11765137657777
2019-12-03;2019;12;Winter;2020;Industrial;PM25;16.4375;15.73728607038941
2019-12-04;2019;12;Winter;2020;Industrial;PM25;21.5625;20.670044129175466
2019-12-05;2019;12;Winter;2020;Industrial;PM25;27.375;26.581991303352115
2019-12-06;2019;12;Winter;2020;Industrial;PM25;33.625;33.134853827611416
2019-12-07;2019;12;Winter;2020;Industrial;PM25;49.3125;48.93995437342737
2019-12-08;2019;12;Winter;2020;Industrial;PM25;40.625;39.19204265526688
2019-12-09;2019;12;Winter;2020;Industrial;PM25;39.8125;40.24100754277124
2019-12-10;2019;12;Winter;2020;Industrial;PM25;24.75;24.17911219028101
2019-12-11;2019;12;Winter;2020;Industrial;PM25;19.8125;19.356650645495623
2019-12-12;2019;12;Winter;2020;Industrial;PM25;26.625;26.28131688741041
2019-12-13;2019;12;Winter;2020;Industrial;PM25;26.8125;26.342372523055516
2019-12-14;2019;12;Winter;2020;Industrial;PM25;24.625;23.215654553408637
2019-12-15;2019;12;Winter;2020;Industrial;PM25;32.4375;31.67230490529697
2019-12-16;2019;12;Winter;2020;Industrial;PM25;41.4375;41.41295865128556
2019-12-17;2019;12;Winter;2020;Industrial;PM25;37.5625;38.01304790790127
2019-12-18;2019;12;Winter;2020;Industrial;PM25;34.9375;35.192312773972304
2019-12-19;2019;12;Winter;2020;Industrial;PM25;22.1875;21.62036577596002
2019-12-20;2019;12;Winter;2020;Industrial;PM25;18.6875;18.381883255869944
2019-12-21;2019;12;Winter;2020;Industrial;PM25;15.75;14.415207683115526
2019-12-22;2019;12;Winter;2020;Industrial;PM25;16.375;15.11256903441371
2019-12-23;2019;12;Winter;2020;Industrial;PM25;15.9375;15.79515313088132
2019-12-24;2019;12;Winter;2020;Industrial;PM25;24.875;24.23561397688136
2019-12-25;2019;12;Winter;2020;Industrial;PM25;24.3125;22.937267866737525
2019-12-26;2019;12;Winter;2020;Industrial;PM25;22.4375;20.618516050042427
2019-12-27;2019;12;Winter;2020;Industrial;PM25;24.4375;23.653173454377832
2019-12-28;2019;12;Winter;2020;Industrial;PM25;29.0625;27.51432363156983
2019-12-29;2019;12;Winter;2020;Industrial;PM25;31.25;30.464331118555688
2019-12-30;2019;12;Winter;2020;Industrial;PM25;35.5;35.478629793505995
2019-12-31;2019;12;Winter;2020;Industrial;PM25;47.5;46.99518777654136
2023-01-01;2023;1;Winter;2023;Industrial;PM25;61.6875;63.72648791744269
2023-01-02;2023;1;Winter;2023;Industrial;PM25;39.875;40.96547715266309
2023-01-03;2023;1;Winter;2023;Industrial;PM25;22.625;22.31065584331916
2023-01-04;2023;1;Winter;2023;Industrial;PM25;22.625;23.17167422192548
2023-01-05;2023;1;Winter;2023;Industrial;PM25;25.625;26.686708601281467
2023-01-06;2023;1;Winter;2023;Industrial;PM25;28.5;29.60131953473662
2023-01-07;2023;1;Winter;2023;Industrial;PM25;31.125;30.383136545196848
2023-01-08;2023;1;Winter;2023;Industrial;PM25;25.125;24.929832730083987
2023-01-09;2023;1;Winter;2023;Industrial;PM25;11.0;11.50653324899556
2023-01-10;2023;1;Winter;2023;Industrial;PM25;13.625;13.7437244497546
2023-01-11;2023;1;Winter;2023;Industrial;PM25;21.625;21.611563060055524
2023-01-12;2023;1;Winter;2023;Industrial;PM25;24.0;24.819684084759466
2023-01-13;2023;1;Winter;2023;Industrial;PM25;29.125;29.7416657881482
2023-01-14;2023;1;Winter;2023;Industrial;PM25;25.125;24.21176980473463
2023-01-15;2023;1;Winter;2023;Industrial;PM25;33.625;33.09679223623947
2023-01-16;2023;1;Winter;2023;Industrial;PM25;17.9375;18.320164341521124
2023-01-17;2023;1;Winter;2023;Industrial;PM25;20.75;20.71673929085989
2023-01-18;2023;1;Winter;2023;Industrial;PM25;26.1875;26.973691300324464
2023-01-19;2023;1;Winter;2023;Industrial;PM25;14.5;15.205579177940988
2023-01-20;2023;1;Winter;2023;Industrial;PM25;19.5;19.54763327125136
2023-01-21;2023;1;Winter;2023;Industrial;PM25;19.0625;18.841942814304623
2023-01-22;2023;1;Winter;2023;Industrial;PM25;18.5625;18.668728256667958
2023-01-23;2023;1;Winter;2023;Industrial;PM25;21.375;21.041351864216185
2023-01-24;2023;1;Winter;2023;Industrial;PM25;13.0625;12.907963477058956
2023-01-25;2023;1;Winter;2023;Industrial;PM25;20.875;20.74525014349135
2023-01-26;2023;1;Winter;2023;Industrial;PM25;18.0;18.36831008187792
2023-01-27;2023;1;Winter;2023;Industrial;PM25;19.75;19.6809455201415
2023-01-28;2023;1;Winter;2023;Industrial;PM25;24.3125;24.526698176195666
2023-01-29;2023;1;Winter;2023;Industrial;PM25;23.5625;23.66163861264364
2023-01-30;2023;1;Winter;2023;Industrial;PM25;35.5;36.07511918567195
2023-01-31;2023;1;Winter;2023;Industrial;PM25;46.6875;47.60309707043376
2023-02-01;2023;2;Winter;2023;Industrial;PM25;36.0;36.32221714633775
2023-02-02;2023;2;Winter;2023;Industrial;PM25;24.375;25.1384076559956
2023-02-03;2023;2;Winter;2023;Industrial;PM25;54.0625;54.38106909840578
2023-02-04;2023;2;Winter;2023;Industrial;PM25;38.6875;38.83403907650139
2023-02-05;2023;2;Winter;2023;Industrial;PM25;7.375;7.188011737006712
2023-02-06;2023;2;Winter;2023;Industrial;PM25;11.0625;10.973729369458011
2023-02-07;2023;2;Winter;2023;Industrial;PM25;24.625;24.73810193156927
2023-02-08;2023;2;Winter;2023;Industrial;PM25;23.625;23.733237867659977
2023-02-09;2023;2;Winter;2023;Industrial;PM25;19.875;20.380140797226225
2023-02-10;2023;2;Winter;2023;Industrial;PM25;32.8125;33.22999320612386
2023-02-11;2023;2;Winter;2023;Industrial;PM25;39.5;39.96538051563177
2023-02-12;2023;2;Winter;2023;Industrial;PM25;30.625;31.135543685794943
2023-02-13;2023;2;Winter;2023;Industrial;PM25;28.9375;28.821950662402923
2023-02-14;2023;2;Winter;2023;Industrial;PM25;47.0;47.71391631818768
2023-02-15;2023;2;Winter;2023;Industrial;PM25;46.5;46.519221984046105
2023-02-16;2023;2;Winter;2023;Industrial;PM25;51.5;51.74311534361786
2023-02-17;2023;2;Winter;2023;Industrial;PM25;59.6875;60.652709936629535
2023-02-18;2023;2;Winter;2023;Industrial;PM25;56.625;57.738175141441474
2023-02-19;2023;2;Winter;2023;Industrial;PM25;57.0625;57.95041348935821
2023-02-20;2023;2;Winter;2023;Industrial;PM25;60.375;61.59454030057045
2023-02-21;2023;2;Winter;2023;Industrial;PM25;52.6875;53.34425038947652
2023-02-22;2023;2;Winter;2023;Industrial;PM25;67.125;67.47275421396024
2023-02-23;2023;2;Winter;2023;Industrial;PM25;77.0;76.88798889552659
2023-02-24;2023;2;Winter;2023;Industrial;PM25;58.375;59.05075201180729
2023-02-25;2023;2;Winter;2023;Industrial;PM25;26.9375;27.31342610488339
2023-02-26;2023;2;Winter;2023;Industrial;PM25;13.6875;13.767464947113188
2023-02-27;2023;2;Winter;2023;Industrial;PM25;10.5;10.17144287872931
2023-02-28;2023;2;Winter;2023;Industrial;PM25;21.5;21.650314509610997
2023-03-01;2023;3;Spring;2023;Industrial;PM25;26.4375;27.222493586815197
2023-03-02;2023;3;Spring;2023;Industrial;PM25;25.875;25.814310480139625
2023-03-03;2023;3;Spring;2023;Industrial;PM25;23.75;23.766835342212225
2023-03-04;2023;3;Spring;2023;Industrial;PM25;30.8125;30.85235325813215
2023-03-05;2023;3;Spring;2023;Industrial;PM25;39.1875;38.94674128216842
2023-03-06;2023;3;Spring;2023;Industrial;PM25;33.6875;33.28012439821485
2023-03-07;2023;3;Spring;2023;Industrial;PM25;28.4375;28.12702791346008
2023-03-08;2023;3;Spring;2023;Industrial;PM25;21.5625;21.7470481779527
2023-03-09;2023;3;Spring;2023;Industrial;PM25;20.25;20.605284581415237
2023-03-10;2023;3;Spring;2023;Industrial;PM25;18.1875;18.553097656112733
2023-03-11;2023;3;Spring;2023;Industrial;PM25;9.375;9.134366471049889
2023-03-12;2023;3;Spring;2023;Industrial;PM25;8.4375;8.167278701198299
2023-03-13;2023;3;Spring;2023;Industrial;PM25;17.4375;17.151497581145822
2023-03-14;2023;3;Spring;2023;Industrial;PM25;16.75;16.81281114195687
2023-03-15;2023;3;Spring;2023;Industrial;PM25;8.625;8.808198920007966
2023-03-16;2023;3;Spring;2023;Industrial;PM25;8.0625;8.00472057255977
2023-03-17;2023;3;Spring;2023;Industrial;PM25;16.25;16.103366482763466
2023-03-18;2023;3;Spring;2023;Industrial;PM25;27.3125;27.08981094282602
2023-03-19;2023;3;Spring;2023;Industrial;PM25;31.25;31.057212050930644
2023-03-20;2023;3;Spring;2023;Industrial;PM25;36.1875;36.49134659310538
2023-03-21;2023;3;Spring;2023;Industrial;PM25;38.9375;38.92717374752551
2023-03-22;2023;3;Spring;2023;Industrial;PM25;42.4375;42.610725539117496
2023-03-23;2023;3;Spring;2023;Industrial;PM25;26.875;26.9106312448021
2023-03-24;2023;3;Spring;2023;Industrial;PM25;14.8125;14.885034145084395
2023-03-25;2023;3;Spring;2023;Industrial;PM25;4.875;4.904947230324114
2023-03-26;2023;3;Spring;2023;Industrial;PM25;15.5625;15.723483384287404
2023-03-27;2023;3;Spring;2023;Industrial;PM25;8.1875;8.019432828478054
2023-03-28;2023;3;Spring;2023;Industrial;PM25;9.0625;8.971849339939793
2023-03-29;2023;3;Spring;2023;Industrial;PM25;15.875;16.436061426011175
2023-03-30;2023;3;Spring;2023;Industrial;PM25;22.4375;22.68043890782584
2023-03-31;2023;3;Spring;2023;Industrial;PM25;21.0625;20.983700554052312
2023-04-01;2023;4;Spring;2023;Industrial;PM25;10.875;10.85269880872896
2023-04-02;2023;4;Spring;2023;Industrial;PM25;12.125;11.963400920687352
2023-04-03;2023;4;Spring;2023;Industrial;PM25;4.5;4.185015989036089
2023-04-04;2023;4;Spring;2023;Industrial;PM25;8.375;8.115967365967366
2023-04-05;2023;4;Spring;2023;Industrial;PM25;10.375;10.164610933455156
2023-04-06;2023;4;Spring;2023;Industrial;PM25;16.1875;16.030865282121564
2023-04-07;2023;4;Spring;2023;Industrial;PM25;26.0625;25.92727916974148
2023-04-08;2023;4;Spring;2023;Industrial;PM25;26.8125;26.81242459383163
2023-04-09;2023;4;Spring;2023;Industrial;PM25;9.0;9.039053074228953
2023-04-10;2023;4;Spring;2023;Industrial;PM25;7.9375;8.003596068922702
2023-04-11;2023;4;Spring;2023;Industrial;PM25;16.0625;15.987501610617189
2023-04-12;2023;4;Spring;2023;Industrial;PM25;16.0;15.977489428494454
2023-04-13;2023;4;Spring;2023;Industrial;PM25;10.5625;10.807973433601576
2023-04-14;2023;4;Spring;2023;Industrial;PM25;4.6875;4.829599629850886
2023-04-15;2023;4;Spring;2023;Industrial;PM25;9.4375;9.172549811997047
2023-04-16;2023;4;Spring;2023;Industrial;PM25;9.0;8.935753944547914
2023-04-17;2023;4;Spring;2023;Industrial;PM25;7.4375;7.174148715606002
2023-04-18;2023;4;Spring;2023;Industrial;PM25;10.625;10.191801079992034
2023-04-19;2023;4;Spring;2023;Industrial;PM25;9.125;9.060415714938328
2023-04-20;2023;4;Spring;2023;Industrial;PM25;4.0;3.983680055288096
2023-04-21;2023;4;Spring;2023;Industrial;PM25;6.4375;6.162684049618723
2023-04-22;2023;4;Spring;2023;Industrial;PM25;9.5;9.740848765974397
2023-04-23;2023;4;Spring;2023;Industrial;PM25;13.5;13.167322627121624
2023-04-24;2023;4;Spring;2023;Industrial;PM25;7.125;7.015848473134906
2023-04-25;2023;4;Spring;2023;Industrial;PM25;2.75;2.8702955336121163
2023-04-26;2023;4;Spring;2023;Industrial;PM25;7.0625;6.981723887502782
2023-04-27;2023;4;Spring;2023;Industrial;PM25;9.9375;9.412344355811692
2023-04-28;2023;4;Spring;2023;Industrial;PM25;12.0625;11.45265663984257
2023-04-29;2023;4;Spring;2023;Industrial;PM25;15.375;15.220364643731475
2023-04-30;2023;4;Spring;2023;Industrial;PM25;12.875;12.908888849843624
2023-05-01;2023;5;Spring;2023;Industrial;PM25;7.625;7.768396176687634
2023-05-02;2023;5;Spring;2023;Industrial;PM25;6.5625;6.767836853263989
2023-05-03;2023;5;Spring;2023;Industrial;PM25;7.875;7.944471776130068
2023-05-04;2023;5;Spring;2023;Industrial;PM25;10.875;10.935721732204144
2023-05-05;2023;5;Spring;2023;Industrial;PM25;18.3125;18.103307914865702
2023-05-06;2023;5;Spring;2023;Industrial;PM25;21.5625;21.18564266554216
2023-05-07;2023;5;Spring;2023;Industrial;PM25;10.3125;10.154592894542644
2023-05-08;2023;5;Spring;2023;Industrial;PM25;7.0625;7.044277330709492
2023-05-09;2023;5;Spring;2023;Industrial;PM25;10.8125;10.916704735800211
2023-05-10;2023;5;Spring;2023;Industrial;PM25;5.375;5.66004556582446
2023-05-11;2023;5;Spring;2023;Industrial;PM25;7.5625;7.760615431469703
2023-05-12;2023;5;Spring;2023;Industrial;PM25;4.6875;4.8134026777242855
2023-05-13;2023;5;Spring;2023;Industrial;PM25;4.625;4.80035960689227
2023-05-14;2023;5;Spring;2023;Industrial;PM25;4.125;4.025714235513231
2023-05-15;2023;5;Spring;2023;Industrial;PM25;4.5625;4.756307762589169
2023-05-16;2023;5;Spring;2023;Industrial;PM25;8.8125;8.891605463213503
2023-05-17;2023;5;Spring;2023;Industrial;PM25;11.0625;10.96788136486629
2023-05-18;2023;5;Spring;2023;Industrial;PM25;4.4375;4.193361914467442
2023-05-19;2023;5;Spring;2023;Industrial;PM25;8.1875;8.054263157278232
2023-05-20;2023;5;Spring;2023;Industrial;PM25;8.25;8.073698914151175
2023-05-21;2023;5;Spring;2023;Industrial;PM25;13.5625;13.769011139614154
2023-05-22;2023;5;Spring;2023;Industrial;PM25;10.375;10.159881575710722
2023-05-23;2023;5;Spring;2023;Industrial;PM25;12.5;12.16528446427944
2023-05-24;2023;5;Spring;2023;Industrial;PM25;10.5;10.723471670707852
2023-05-25;2023;5;Spring;2023;Industrial;PM25;5.8125;5.896463670333017
2023-05-26;2023;5;Spring;2023;Industrial;PM25;10.9375;10.9289366412482
2023-05-27;2023;5;Spring;2023;Industrial;PM25;7.5;7.166842370359959
2023-05-28;2023;5;Spring;2023;Industrial;PM25;9.1875;9.050142905670544
2023-05-29;2023;5;Spring;2023;Industrial;PM25;10.1875;10.040244930948448
2023-05-30;2023;5;Spring;2023;Industrial;PM25;11.3125;11.092999964859262
2023-05-31;2023;5;Spring;2023;Industrial;PM25;9.375;9.142202855770694
2023-06-01;2023;6;Summer;2023;Industrial;PM25;14.875;14.910019210270466
2023-06-02;2023;6;Summer;2023;Industrial;PM25;14.4375;14.669164587506296
2023-06-03;2023;6;Summer;2023;Industrial;PM25;5.875;5.9065051364046335
2023-06-04;2023;6;Summer;2023;Industrial;PM25;7.8125;7.882340021787258
2023-06-05;2023;6;Summer;2023;Industrial;PM25;5.0;4.975380984174954
2023-06-06;2023;6;Summer;2023;Industrial;PM25;11.0625;10.962879666397257
2023-06-07;2023;6;Summer;2023;Industrial;PM25;7.5625;7.192990008316642
2023-06-08;2023;6;Summer;2023;Industrial;PM25;15.0625;14.957769617317355
2023-06-09;2023;6;Summer;2023;Industrial;PM25;16.0;15.97016844127397
2023-06-10;2023;6;Summer;2023;Industrial;PM25;12.5625;12.21648452050462
2023-06-11;2023;6;Summer;2023;Industrial;PM25;7.8125;7.907412938819974
2023-06-12;2023;6;Summer;2023;Industrial;PM25;7.25;7.126448091272212
2023-06-13;2023;6;Summer;2023;Industrial;PM25;9.3125;9.151948553958604
2023-06-14;2023;6;Summer;2023;Industrial;PM25;6.5;6.743742020123929
2023-06-15;2023;6;Summer;2023;Industrial;PM25;9.5625;9.757971090885665
2023-06-16;2023;6;Summer;2023;Industrial;PM25;8.4375;8.127177261599373
2023-06-17;2023;6;Summer;2023;Industrial;PM25;10.375;10.706100432231086
2023-06-18;2023;6;Summer;2023;Industrial;PM25;12.0625;12.001106933267735
2023-06-19;2023;6;Summer;2023;Industrial;PM25;13.8125;13.923574750207916
2023-06-20;2023;6;Summer;2023;Industrial;PM25;15.75;15.886548125241593
2023-06-21;2023;6;Summer;2023;Industrial;PM25;15.9375;15.898033289993087
2023-06-22;2023;6;Summer;2023;Industrial;PM25;20.375;20.62045073854119
2023-06-23;2023;6;Summer;2023;Industrial;PM25;12.9375;12.901283808318984
2023-06-24;2023;6;Summer;2023;Industrial;PM25;4.875;4.916309402490307
2023-06-25;2023;6;Summer;2023;Industrial;PM25;5.1875;5.066430638038678
2023-06-26;2023;6;Summer;2023;Industrial;PM25;10.125;10.054242658514015
2023-06-27;2023;6;Summer;2023;Industrial;PM25;14.875;14.906238652469808
2023-06-28;2023;6;Summer;2023;Industrial;PM25;9.75;9.865047849972472
2023-06-29;2023;6;Summer;2023;Industrial;PM25;6.1875;6.049706574832203
2023-06-30;2023;6;Summer;2023;Industrial;PM25;13.875;13.862968689601855
2023-07-01;2023;7;Summer;2023;Industrial;PM25;14.375;14.087837204671375
2023-07-02;2023;7;Summer;2023;Industrial;PM25;15.8125;15.816049946703211
2023-07-03;2023;7;Summer;2023;Industrial;PM25;13.8125;13.89075330030104
2023-07-04;2023;7;Summer;2023;Industrial;PM25;5.9375;5.997753921120755
2023-07-05;2023;7;Summer;2023;Industrial;PM25;8.3125;8.62530016047604
2023-07-06;2023;7;Summer;2023;Industrial;PM25;7.0;6.9565631186234205
2023-07-07;2023;7;Summer;2023;Industrial;PM25;5.75;5.8592994108069485
2023-07-08;2023;7;Summer;2023;Industrial;PM25;7.75;7.847360344847782
2023-07-09;2023;7;Summer;2023;Industrial;PM25;11.375;11.098929964507851
2023-07-10;2023;7;Summer;2023;Industrial;PM25;18.625;18.728634430895735
2023-07-11;2023;7;Summer;2023;Industrial;PM25;21.5625;21.75420810345433
2023-07-12;2023;7;Summer;2023;Industrial;PM25;12.9375;12.938251865387544
2023-07-13;2023;7;Summer;2023;Industrial;PM25;10.0625;10.559765611273148
2023-07-14;2023;7;Summer;2023;Industrial;PM25;8.1875;8.588012908364668
2023-07-15;2023;7;Summer;2023;Industrial;PM25;12.625;12.7641382905202
2023-07-16;2023;7;Summer;2023;Industrial;PM25;11.9375;11.912651837274954
2023-07-17;2023;7;Summer;2023;Industrial;PM25;14.0625;13.985727003314944
2023-07-18;2023;7;Summer;2023;Industrial;PM25;18.0625;17.933601574305094
2023-07-19;2023;7;Summer;2023;Industrial;PM25;20.8125;21.36743449180635
2023-07-20;2023;7;Summer;2023;Industrial;PM25;14.375;14.668985955418115
2023-07-21;2023;7;Summer;2023;Industrial;PM25;12.4375;12.6785149523843
2023-07-22;2023;7;Summer;2023;Industrial;PM25;10.75;10.86651204741657
2023-07-23;2023;7;Summer;2023;Industrial;PM25;13.75;13.840493258834968
2023-07-24;2023;7;Summer;2023;Industrial;PM25;16.875;16.86205210200185
2023-07-25;2023;7;Summer;2023;Industrial;PM25;3.5;3.2090873950170438
2023-07-26;2023;7;Summer;2023;Industrial;PM25;1.875;1.928825362242448
2023-07-27;2023;7;Summer;2023;Industrial;PM25;3.3125;3.14819435171194
2023-07-28;2023;7;Summer;2023;Industrial;PM25;7.875;7.906982464771409
2023-07-29;2023;7;Summer;2023;Industrial;PM25;11.5625;11.776709889775216
2023-07-30;2023;7;Summer;2023;Industrial;PM25;7.125;7.027137435428893
2023-07-31;2023;7;Summer;2023;Industrial;PM25;6.0625;6.0015842616345125
2023-08-01;2023;8;Summer;2023;Industrial;PM25;8.5625;8.742869358447248
2023-08-02;2023;8;Summer;2023;Industrial;PM25;12.1875;12.60422157407082
2023-08-03;2023;8;Summer;2023;Industrial;PM25;8.25;8.62987138489651
2023-08-04;2023;8;Summer;2023;Industrial;PM25;4.25;4.105597919668272
2023-08-05;2023;8;Summer;2023;Industrial;PM25;9.4375;9.70821473334036
2023-08-06;2023;8;Summer;2023;Industrial;PM25;4.75;4.866184067189092
2023-08-07;2023;8;Summer;2023;Industrial;PM25;1.6875;1.8598587342305932
2023-08-08;2023;8;Summer;2023;Industrial;PM25;3.625;3.821660751308992
2023-08-09;2023;8;Summer;2023;Industrial;PM25;5.9375;5.96849632779281
2023-08-10;2023;8;Summer;2023;Industrial;PM25;7.625;7.809065724894871
2023-08-11;2023;8;Summer;2023;Industrial;PM25;7.9375;7.926954117908892
2023-08-12;2023;8;Summer;2023;Industrial;PM25;9.5625;9.738140000702815
2023-08-13;2023;8;Summer;2023;Industrial;PM25;10.1875;10.040244930948448
2023-08-14;2023;8;Summer;2023;Industrial;PM25;7.8125;7.845881505429245
2023-08-15;2023;8;Summer;2023;Industrial;PM25;10.6875;10.833839945648991
2023-08-16;2023;8;Summer;2023;Industrial;PM25;13.4375;13.700351993065562
2023-08-17;2023;8;Summer;2023;Industrial;PM25;15.375;15.664013540897963
2023-08-18;2023;8;Summer;2023;Industrial;PM25;12.25;12.052233779620714
2023-08-19;2023;8;Summer;2023;Industrial;PM25;15.3125;15.06122688032236
2023-08-20;2023;8;Summer;2023;Industrial;PM25;16.0625;15.95654847664898
2023-08-21;2023;8;Summer;2023;Industrial;PM25;15.1875;15.564427615935154
2023-08-22;2023;8;Summer;2023;Industrial;PM25;15.8125;15.849931475559616
2023-08-23;2023;8;Summer;2023;Industrial;PM25;16.5;16.703608368181232
2023-08-24;2023;8;Summer;2023;Industrial;PM25;17.25;17.554664347377916
2023-08-25;2023;8;Summer;2023;Industrial;PM25;12.625;12.738183926626135
2023-08-26;2023;8;Summer;2023;Industrial;PM25;13.9375;13.938251865387544
2023-08-27;2023;8;Summer;2023;Industrial;PM25;12.1875;12.028753909407175
2023-08-28;2023;8;Summer;2023;Industrial;PM25;7.875;7.899567768914503
2023-08-29;2023;8;Summer;2023;Industrial;PM25;5.25;5.618860620116902
2023-08-30;2023;8;Summer;2023;Industrial;PM25;4.5625;4.794535029459652
2023-08-31;2023;8;Summer;2023;Industrial;PM25;9.1875;9.05429829801689
2023-09-01;2023;9;Autumn;2023;Industrial;PM25;8.6875;8.881159878647315
2023-09-02;2023;9;Autumn;2023;Industrial;PM25;8.625;8.256732379847957
2023-09-03;2023;9;Autumn;2023;Industrial;PM25;11.5;11.711907439294372
2023-09-04;2023;9;Autumn;2023;Industrial;PM25;11.875;11.87816705907158
2023-09-05;2023;9;Autumn;2023;Industrial;PM25;6.3125;6.106133815932811
2023-09-06;2023;9;Autumn;2023;Industrial;PM25;9.0625;8.957066802544189
2023-09-07;2023;9;Autumn;2023;Industrial;PM25;11.9375;11.90907333872158
2023-09-08;2023;9;Autumn;2023;Industrial;PM25;15.75;15.821587541436788
2023-09-09;2023;9;Autumn;2023;Industrial;PM25;13.3125;13.043442738166355
2023-09-10;2023;9;Autumn;2023;Industrial;PM25;16.625;16.19300757868597
2023-09-11;2023;9;Autumn;2023;Industrial;PM25;22.75;22.776870951494068
2023-09-12;2023;9;Autumn;2023;Industrial;PM25;24.5625;24.160505323821905
2023-09-13;2023;9;Autumn;2023;Industrial;PM25;20.375;20.615352403040845
2023-09-14;2023;9;Autumn;2023;Industrial;PM25;14.1875;14.571326914291738
2023-09-15;2023;9;Autumn;2023;Industrial;PM25;10.9375;10.903330756345833
2023-09-16;2023;9;Autumn;2023;Industrial;PM25;14.6875;14.77836150449216
2023-09-17;2023;9;Autumn;2023;Industrial;PM25;17.875;17.869376017617224
2023-09-18;2023;9;Autumn;2023;Industrial;PM25;13.8125;13.853638823488067
2023-09-19;2023;9;Autumn;2023;Industrial;PM25;11.0625;10.972265172013916
2023-09-20;2023;9;Autumn;2023;Industrial;PM25;10.0;9.95599793841
2023-09-21;2023;9;Autumn;2023;Industrial;PM25;6.0;5.982725398554544
2023-09-22;2023;9;Autumn;2023;Industrial;PM25;5.875;5.893921823570064
2023-09-23;2023;9;Autumn;2023;Industrial;PM25;4.25;4.079482494055358
2023-09-24;2023;9;Autumn;2023;Industrial;PM25;3.125;3.016735776786028
2023-09-25;2023;9;Autumn;2023;Industrial;PM25;5.25;5.05292195241944
2023-09-26;2023;9;Autumn;2023;Industrial;PM25;9.0;8.949813168406132
2023-09-27;2023;9;Autumn;2023;Industrial;PM25;10.1875;10.023383233182228
2023-09-28;2023;9;Autumn;2023;Industrial;PM25;12.9375;12.395069754366236
2023-09-29;2023;9;Autumn;2023;Industrial;PM25;16.9375;16.91582036054398
2023-09-30;2023;9;Autumn;2023;Industrial;PM25;21.5625;21.097547762120627
2023-10-01;2023;10;Autumn;2023;Industrial;PM25;19.3125;19.04504164177531
2023-10-02;2023;10;Autumn;2023;Industrial;PM25;28.0;27.87622260486582
2023-10-03;2023;10;Autumn;2023;Industrial;PM25;35.75;36.28353597825959
2023-10-04;2023;10;Autumn;2023;Industrial;PM25;26.125;26.44018753440864
2023-10-05;2023;10;Autumn;2023;Industrial;PM25;10.9375;10.923188202082674
2023-10-06;2023;10;Autumn;2023;Industrial;PM25;19.5;19.093614927785783
2023-10-07;2023;10;Autumn;2023;Industrial;PM25;25.8125;25.809455201415
2023-10-08;2023;10;Autumn;2023;Industrial;PM25;13.8125;13.745209145962916
2023-10-09;2023;10;Autumn;2023;Industrial;PM25;12.75;12.785705918871749
2023-10-10;2023;10;Autumn;2023;Industrial;PM25;23.875;23.861378571177568
2023-10-11;2023;10;Autumn;2023;Industrial;PM25;33.625;33.747540148293915
2023-10-12;2023;10;Autumn;2023;Industrial;PM25;29.75;29.72736057911937
2023-10-13;2023;10;Autumn;2023;Industrial;PM25;21.1875;21.04544576026988
2023-10-14;2023;10;Autumn;2023;Industrial;PM25;11.8125;11.268911574187957
2023-10-15;2023;10;Autumn;2023;Industrial;PM25;7.875;7.324179170912839
2023-10-16;2023;10;Autumn;2023;Industrial;PM25;3.6875;3.3020580759274227
2023-10-17;2023;10;Autumn;2023;Industrial;PM25;9.625;9.223887502781976
2023-10-18;2023;10;Autumn;2023;Industrial;PM25;15.9375;15.915612444506916
2023-10-19;2023;10;Autumn;2023;Industrial;PM25;16.6875;16.75060324934697
2023-10-20;2023;10;Autumn;2023;Industrial;PM25;6.1875;6.050790080940835
2023-10-21;2023;10;Autumn;2023;Industrial;PM25;4.8125;4.874008738330346
2023-10-22;2023;10;Autumn;2023;Industrial;PM25;6.125;6.008337140246688
2023-10-23;2023;10;Autumn;2023;Industrial;PM25;9.5625;9.1726113082897
2023-10-24;2023;10;Autumn;2023;Industrial;PM25;9.375;9.64548558644036
2023-10-25;2023;10;Autumn;2023;Industrial;PM25;11.3125;11.577171990488573
2023-10-26;2023;10;Autumn;2023;Industrial;PM25;18.25;17.999557812371883
2023-10-27;2023;10;Autumn;2023;Industrial;PM25;7.5625;7.735006618172448
2023-10-28;2023;10;Autumn;2023;Industrial;PM25;8.1875;8.045967014559979
2023-10-29;2023;10;Autumn;2023;Industrial;PM25;6.5;6.187701327148563
2023-10-30;2023;10;Autumn;2023;Industrial;PM25;8.4375;8.15064248983847
2023-10-31;2023;10;Autumn;2023;Industrial;PM25;4.875;4.899567768914503
2023-11-01;2023;11;Autumn;2023;Industrial;PM25;6.1875;6.04903011561303
2023-11-02;2023;11;Autumn;2023;Industrial;PM25;4.875;4.926787199400264
2023-11-03;2023;11;Autumn;2023;Industrial;PM25;3.0625;2.9749212261775075
2023-11-04;2023;11;Autumn;2023;Industrial;PM25;5.4375;5.127153834440267
2023-11-05;2023;11;Autumn;2023;Industrial;PM25;6.1875;6.555270525119771
2023-11-06;2023;11;Autumn;2023;Industrial;PM25;7.0625;6.967570955008141
2023-11-07;2023;11;Autumn;2023;Industrial;PM25;8.9375;8.871499103911164
2023-11-08;2023;11;Autumn;2023;Industrial;PM25;11.0;10.214592777406848
2023-11-09;2023;11;Autumn;2023;Industrial;PM25;9.9375;9.892513265628844
2023-11-10;2023;11;Autumn;2023;Industrial;PM25;9.8125;10.906481709245528
2023-11-11;2023;11;Autumn;2023;Industrial;PM25;13.25;13.510905342563634
2023-11-12;2023;11;Autumn;2023;Industrial;PM25;10.625;10.170599501001512
2023-11-13;2023;11;Autumn;2023;Industrial;PM25;16.0;15.889385739888253
2023-11-14;2023;11;Autumn;2023;Industrial;PM25;23.6875;23.71003326656593
2023-11-15;2023;11;Autumn;2023;Industrial;PM25;21.9375;22.403597240280657
2023-11-16;2023;11;Autumn;2023;Industrial;PM25;16.1875;15.886319710440311
2023-11-17;2023;11;Autumn;2023;Industrial;PM25;15.9375;16.44906935610453
2023-11-18;2023;11;Autumn;2023;Industrial;PM25;11.0;10.93472314954727
2023-11-19;2023;11;Autumn;2023;Industrial;PM25;21.5;21.580460577948013
2023-11-20;2023;11;Autumn;2023;Industrial;PM25;30.0625;29.452296447271323
2023-11-21;2023;11;Autumn;2023;Industrial;PM25;26.125;26.363460659943076
2023-11-22;2023;11;Autumn;2023;Industrial;PM25;13.9375;13.813616450551123
2023-11-23;2023;11;Autumn;2023;Industrial;PM25;15.25;15.541143948179124
2023-11-24;2023;11;Autumn;2023;Industrial;PM25;22.5;23.179296833819446
2023-11-25;2023;11;Autumn;2023;Industrial;PM25;7.3125;7.626831711002565
2023-11-26;2023;11;Autumn;2023;Industrial;PM25;13.3125;13.591796394560214
2023-11-27;2023;11;Autumn;2023;Industrial;PM25;15.3125;15.027866605756053
2023-11-28;2023;11;Autumn;2023;Industrial;PM25;33.9375;34.40555926485575
2023-11-29;2023;11;Autumn;2023;Industrial;PM25;18.375;18.08526900235443
2023-11-30;2023;11;Autumn;2023;Industrial;PM25;17.1875;17.515444354640334
2023-12-01;2023;12;Winter;2024;Industrial;PM25;21.25;20.39315751250425
2023-12-02;2023;12;Winter;2024;Industrial;PM25;15.375;15.670136814609176
2023-12-03;2023;12;Winter;2024;Industrial;PM25;10.8125;10.845899075798574
2023-12-04;2023;12;Winter;2024;Industrial;PM25;20.6875;20.17991472514085
2023-12-05;2023;12;Winter;2024;Industrial;PM25;30.3125;30.576876222604863
2023-12-06;2023;12;Winter;2024;Industrial;PM25;25.625;27.052813601808577
2023-12-07;2023;12;Winter;2024;Industrial;PM25;22.125;21.139130969532975
2023-12-08;2023;12;Winter;2024;Industrial;PM25;18.4375;18.01678263110424
2023-12-09;2023;12;Winter;2024;Industrial;PM25;33.5625;34.71431165149758
2023-12-10;2023;12;Winter;2024;Industrial;PM25;26.1875;27.01316606341732
2023-12-11;2023;12;Winter;2024;Industrial;PM25;32.6875;32.77996626489089
2023-12-12;2023;12;Winter;2024;Industrial;PM25;31.3125;30.986924716824213
2023-12-13;2023;12;Winter;2024;Industrial;PM25;24.375;25.109595178690657
2023-12-14;2023;12;Winter;2024;Industrial;PM25;22.875;23.16369141746026
2023-12-15;2023;12;Winter;2024;Industrial;PM25;21.8125;20.62614939499361
2023-12-16;2023;12;Winter;2024;Industrial;PM25;15.3125;14.44132375162526
2023-12-17;2023;12;Winter;2024;Industrial;PM25;29.5;29.98498319101334
2023-12-18;2023;12;Winter;2024;Industrial;PM25;36.25;38.25296060723196
2023-12-19;2023;12;Winter;2024;Industrial;PM25;29.9375;30.09305267596725
2023-12-20;2023;12;Winter;2024;Industrial;PM25;29.375;28.771916107343245
2023-12-21;2023;12;Winter;2024;Industrial;PM25;24.9375;24.05970118658561
2023-12-22;2023;12;Winter;2024;Industrial;PM25;8.375;8.70525119771351
2023-12-23;2023;12;Winter;2024;Industrial;PM25;8.5625;9.267792927340668
2023-12-24;2023;12;Winter;2024;Industrial;PM25;21.3125;21.069303393424
2023-12-25;2023;12;Winter;2024;Industrial;PM25;28.625;28.12428693584473
2023-12-26;2023;12;Winter;2024;Industrial;PM25;43.3125;43.60656721837626
2023-12-27;2023;12;Winter;2024;Industrial;PM25;34.9375;33.70355858546813
2023-12-28;2023;12;Winter;2024;Industrial;PM25;31.0;31.699660891871947
2023-12-29;2023;12;Winter;2024;Industrial;PM25;37.5;38.55649166578815
2023-12-30;2023;12;Winter;2024;Industrial;PM25;42.1875;41.90958287943212
2023-12-31;2023;12;Winter;2024;Industrial;PM25;35.5625;35.13045120708437
