WeekStart;Year;Week;Area;Population;Respiratory_rate_per_10000;Cardiocirculatory_rate_per_10000;NO2_population_weighted_mean;PM25_population_weighted_mean;TimeLabel;NO2_population_weighted_mean_lag0;NO2_population_weighted_mean_lag0_WeekStart;PM25_population_weighted_mean_lag0;PM25_population_weighted_mean_lag0_WeekStart;NO2_population_weighted_mean_lag1;NO2_population_weighted_mean_lag1_WeekStart;PM25_population_weighted_mean_lag1;PM25_population_weighted_mean_lag1_WeekStart;NO2_population_weighted_mean_lag2;NO2_population_weighted_mean_lag2_WeekStart;PM25_population_weighted_mean_lag2;PM25_population_weighted_mean_lag2_WeekStart;NO2_population_weighted_mean_lag3;NO2_population_weighted_mean_lag3_WeekStart;PM25_population_weighted_mean_lag3;PM25_population_weighted_mean_lag3_WeekStart;NO2_population_weighted_mean_lag4;NO2_population_weighted_mean_lag4_WeekStart;PM25_population_weighted_mean_lag4;PM25_population_weighted_mean_lag4_WeekStart
2016-01-04;2016;1;Agricultural;60892;1.642251855744597;2.627602969191355;37.1480823985026;32.85388293459728;2016-01-04;37.1480823985026;2016-01-04;32.85388293459728;2016-01-04;;;;;;;;;;;;;;;;
2016-01-04;2016;1;Industrial;338383;1.4185109772063016;3.2803066347895724;47.82116515264875;40.0349612433626;2016-01-04;47.82116515264875;2016-01-04;40.0349612433626;2016-01-04;;;;;;;;;;;;;;;;
2016-01-11;2016;2;Agricultural;60892;1.9707022268935164;2.627602969191355;36.55266734199589;16.801125965574887;2016-01-11;36.55266734199589;2016-01-11;16.801125965574887;2016-01-11;37.1480823985026;2016-01-04;32.85388293459728;2016-01-04;;;;;;;;;;;;
2016-01-11;2016;2;Industrial;338383;1.4776156012565644;3.8418005632670673;45.876633726517866;23.11125770729814;2016-01-11;45.876633726517866;2016-01-11;23.11125770729814;2016-01-11;47.82116515264875;2016-01-04;40.0349612433626;2016-01-04;;;;;;;;;;;;
2016-01-18;2016;3;Agricultural;60892;1.642251855744597;4.598305196084872;57.15480880262461;41.48148055510395;2016-01-18;57.15480880262461;2016-01-18;41.48148055510395;2016-01-18;36.55266734199589;2016-01-11;16.801125965574887;2016-01-11;37.1480823985026;2016-01-04;32.85388293459728;2016-01-04;;;;;;;;
2016-01-18;2016;3;Industrial;338383;1.3889586651811705;3.6644866911162794;59.58305322595511;49.893645451953056;2016-01-18;59.58305322595511;2016-01-18;49.893645451953056;2016-01-18;45.876633726517866;2016-01-11;23.11125770729814;2016-01-11;47.82116515264875;2016-01-04;40.0349612433626;2016-01-04;;;;;;;;
2016-01-25;2016;4;Agricultural;60892;2.299152598042436;3.777179268212573;54.37604874042763;43.966790060154324;2016-01-25;54.37604874042763;2016-01-25;43.966790060154324;2016-01-25;57.15480880262461;2016-01-18;41.48148055510395;2016-01-18;36.55266734199589;2016-01-11;16.801125965574887;2016-01-11;37.1480823985026;2016-01-04;32.85388293459728;2016-01-04;;;;
2016-01-25;2016;4;Industrial;338383;1.448063289231433;4.225980619593774;63.970612070573296;67.89817690404719;2016-01-25;63.970612070573296;2016-01-25;67.89817690404719;2016-01-25;59.58305322595511;2016-01-18;49.893645451953056;2016-01-18;45.876633726517866;2016-01-11;23.11125770729814;2016-01-11;47.82116515264875;2016-01-04;40.0349612433626;2016-01-04;;;;
2016-02-01;2016;5;Agricultural;60892;2.134927412467976;3.4487288970636536;38.445138880204105;26.66542022569336;2016-02-01;38.445138880204105;2016-02-01;26.66542022569336;2016-02-01;54.37604874042763;2016-01-25;43.966790060154324;2016-01-25;57.15480880262461;2016-01-18;41.48148055510395;2016-01-18;36.55266734199589;2016-01-11;16.801125965574887;2016-01-11;37.1480823985026;2016-01-04;32.85388293459728;2016-01-04
2016-02-01;2016;5;Industrial;338383;1.0934355449298576;3.9009051873173295;44.206430793449826;36.04358796499635;2016-02-01;44.206430793449826;2016-02-01;36.04358796499635;2016-02-01;63.970612070573296;2016-01-25;67.89817690404719;2016-01-25;59.58305322595511;2016-01-18;49.893645451953056;2016-01-18;45.876633726517866;2016-01-11;23.11125770729814;2016-01-11;47.82116515264875;2016-01-04;40.0349612433626;2016-01-04
2016-02-08;2016;6;Agricultural;60892;0.9853511134467582;2.9560533403402744;33.553971102579176;21.248237682536903;2016-02-08;33.553971102579176;2016-02-08;21.248237682536903;2016-02-08;38.445138880204105;2016-02-01;26.66542022569336;2016-02-01;54.37604874042763;2016-01-25;43.966790060154324;2016-01-25;57.15480880262461;2016-01-18;41.48148055510395;2016-01-18;36.55266734199589;2016-01-11;16.801125965574887;2016-01-11
2016-02-08;2016;6;Industrial;338383;1.654929473407352;3.989562123392724;45.765686323296954;23.990200172309418;2016-02-08;45.765686323296954;2016-02-08;23.990200172309418;2016-02-08;44.206430793449826;2016-02-01;36.04358796499635;2016-02-01;63.970612070573296;2016-01-25;67.89817690404719;2016-01-25;59.58305322595511;2016-01-18;49.893645451953056;2016-01-18;45.876633726517866;2016-01-11;23.11125770729814;2016-01-11
2016-02-15;2016;7;Agricultural;60892;3.1202785259147343;3.4487288970636536;33.98028851565138;22.382321798543455;2016-02-15;33.98028851565138;2016-02-15;22.382321798543455;2016-02-15;33.553971102579176;2016-02-08;21.248237682536903;2016-02-08;38.445138880204105;2016-02-01;26.66542022569336;2016-02-01;54.37604874042763;2016-01-25;43.966790060154324;2016-01-25;57.15480880262461;2016-01-18;41.48148055510395;2016-01-18
2016-02-15;2016;7;Industrial;338383;1.6253771613822208;4.0486667474429865;44.12110777387223;23.14944531685763;2016-02-15;44.12110777387223;2016-02-15;23.14944531685763;2016-02-15;45.765686323296954;2016-02-08;23.990200172309418;2016-02-08;44.206430793449826;2016-02-01;36.04358796499635;2016-02-01;63.970612070573296;2016-01-25;67.89817690404719;2016-01-25;59.58305322595511;2016-01-18;49.893645451953056;2016-01-18
2016-02-22;2016;8;Agricultural;60892;1.4780266701701372;4.269854824935952;27.06803545895291;21.583186386696845;2016-02-22;27.06803545895291;2016-02-22;21.583186386696845;2016-02-22;33.98028851565138;2016-02-15;22.382321798543455;2016-02-15;33.553971102579176;2016-02-08;21.248237682536903;2016-02-08;38.445138880204105;2016-02-01;26.66542022569336;2016-02-01;54.37604874042763;2016-01-25;43.966790060154324;2016-01-25
2016-02-22;2016;8;Industrial;338383;1.3298540411309079;4.107771371493248;38.37952391193439;25.712782009546686;2016-02-22;38.37952391193439;2016-02-22;25.712782009546686;2016-02-22;44.12110777387223;2016-02-15;23.14944531685763;2016-02-15;45.765686323296954;2016-02-08;23.990200172309418;2016-02-08;44.206430793449826;2016-02-01;36.04358796499635;2016-02-01;63.970612070573296;2016-01-25;67.89817690404719;2016-01-25
2016-02-29;2016;9;Agricultural;60892;1.3138014845956776;2.9560533403402744;22.98995843807189;18.84574563433007;2016-02-29;22.98995843807189;2016-02-29;18.84574563433007;2016-02-29;27.06803545895291;2016-02-22;21.583186386696845;2016-02-22;33.98028851565138;2016-02-15;22.382321798543455;2016-02-15;33.553971102579176;2016-02-08;21.248237682536903;2016-02-08;38.445138880204105;2016-02-01;26.66542022569336;2016-02-01
2016-02-29;2016;9;Industrial;338383;1.3889586651811705;3.7235913151665416;32.862870825488464;15.920484526120974;2016-02-29;32.862870825488464;2016-02-29;15.920484526120974;2016-02-29;38.37952391193439;2016-02-22;25.712782009546686;2016-02-22;44.12110777387223;2016-02-15;23.14944531685763;2016-02-15;45.765686323296954;2016-02-08;23.990200172309418;2016-02-08;44.206430793449826;2016-02-01;36.04358796499635;2016-02-01
2016-03-07;2016;10;Agricultural;60892;1.4780266701701372;3.4487288970636536;24.56715628035334;30.019338594231353;2016-03-07;24.56715628035334;2016-03-07;30.019338594231353;2016-03-07;22.98995843807189;2016-02-29;18.84574563433007;2016-02-29;27.06803545895291;2016-02-22;21.583186386696845;2016-02-22;33.98028851565138;2016-02-15;22.382321798543455;2016-02-15;33.553971102579176;2016-02-08;21.248237682536903;2016-02-08
2016-03-07;2016;10;Industrial;338383;0.9752262968293324;3.2212020107393102;37.772566497285325;29.551666213031044;2016-03-07;37.772566497285325;2016-03-07;29.551666213031044;2016-03-07;32.862870825488464;2016-02-29;15.920484526120974;2016-02-29;38.37952391193439;2016-02-22;25.712782009546686;2016-02-22;44.12110777387223;2016-02-15;23.14944531685763;2016-02-15;45.765686323296954;2016-02-08;23.990200172309418;2016-02-08
2016-03-14;2016;11;Agricultural;60892;1.149576299021218;3.6129540826381135;23.682476665707863;29.278333604298762;2016-03-14;23.682476665707863;2016-03-14;29.278333604298762;2016-03-14;24.56715628035334;2016-03-07;30.019338594231353;2016-03-07;22.98995843807189;2016-02-29;18.84574563433007;2016-02-29;27.06803545895291;2016-02-22;21.583186386696845;2016-02-22;33.98028851565138;2016-02-15;22.382321798543455;2016-02-15
2016-03-14;2016;11;Industrial;338383;1.6253771613822208;3.6644866911162794;37.178625064313124;26.2771329997633;2016-03-14;37.178625064313124;2016-03-14;26.2771329997633;2016-03-14;37.772566497285325;2016-03-07;29.551666213031044;2016-03-07;32.862870825488464;2016-02-29;15.920484526120974;2016-02-29;38.37952391193439;2016-02-22;25.712782009546686;2016-02-22;44.12110777387223;2016-02-15;23.14944531685763;2016-02-15
2016-03-21;2016;12;Agricultural;60892;2.134927412467976;3.4487288970636536;19.614388264278833;32.59559660334413;2016-03-21;19.614388264278833;2016-03-21;32.59559660334413;2016-03-21;23.682476665707863;2016-03-14;29.278333604298762;2016-03-14;24.56715628035334;2016-03-07;30.019338594231353;2016-03-07;22.98995843807189;2016-02-29;18.84574563433007;2016-02-29;27.06803545895291;2016-02-22;21.583186386696845;2016-02-22
2016-03-21;2016;12;Industrial;338383;1.6253771613822208;3.487172818965492;31.536862055968975;27.668294850752435;2016-03-21;31.536862055968975;2016-03-21;27.668294850752435;2016-03-21;37.178625064313124;2016-03-14;26.2771329997633;2016-03-14;37.772566497285325;2016-03-07;29.551666213031044;2016-03-07;32.862870825488464;2016-02-29;15.920484526120974;2016-02-29;38.37952391193439;2016-02-22;25.712782009546686;2016-02-22
2016-03-28;2016;13;Agricultural;60892;0.9853511134467582;3.9414044537870327;19.806242626613805;26.273016428842393;2016-03-28;19.806242626613805;2016-03-28;26.273016428842393;2016-03-28;19.614388264278833;2016-03-21;32.59559660334413;2016-03-21;23.682476665707863;2016-03-14;29.278333604298762;2016-03-14;24.56715628035334;2016-03-07;30.019338594231353;2016-03-07;22.98995843807189;2016-02-29;18.84574563433007;2016-02-29
2016-03-28;2016;13;Industrial;338383;1.1820924810052513;3.516725130990623;32.170234911134294;26.807462616169307;2016-03-28;32.170234911134294;2016-03-28;26.807462616169307;2016-03-28;31.536862055968975;2016-03-21;27.668294850752435;2016-03-21;37.178625064313124;2016-03-14;26.2771329997633;2016-03-14;37.772566497285325;2016-03-07;29.551666213031044;2016-03-07;32.862870825488464;2016-02-29;15.920484526120974;2016-02-29
2016-04-04;2016;14;Agricultural;60892;1.149576299021218;2.627602969191355;15.853846875351733;32.66619977238904;2016-04-04;15.853846875351733;2016-04-04;32.66619977238904;2016-04-04;19.806242626613805;2016-03-28;26.273016428842393;2016-03-28;19.614388264278833;2016-03-21;32.59559660334413;2016-03-21;23.682476665707863;2016-03-14;29.278333604298762;2016-03-14;24.56715628035334;2016-03-07;30.019338594231353;2016-03-07
2016-04-04;2016;14;Industrial;338383;1.3889586651811705;2.9847835145382597;28.675813114815107;34.13283143491511;2016-04-04;28.675813114815107;2016-04-04;34.13283143491511;2016-04-04;32.170234911134294;2016-03-28;26.807462616169307;2016-03-28;31.536862055968975;2016-03-21;27.668294850752435;2016-03-21;37.178625064313124;2016-03-14;26.2771329997633;2016-03-14;37.772566497285325;2016-03-07;29.551666213031044;2016-03-07
2016-04-11;2016;15;Agricultural;60892;0.6569007422978388;2.627602969191355;14.334680865255146;17.462640120392024;2016-04-11;14.334680865255146;2016-04-11;17.462640120392024;2016-04-11;15.853846875351733;2016-04-04;32.66619977238904;2016-04-04;19.806242626613805;2016-03-28;26.273016428842393;2016-03-28;19.614388264278833;2016-03-21;32.59559660334413;2016-03-21;23.682476665707863;2016-03-14;29.278333604298762;2016-03-14
2016-04-11;2016;15;Industrial;338383;1.4185109772063016;3.2212020107393102;27.55344776778818;14.17876993923302;2016-04-11;27.55344776778818;2016-04-11;14.17876993923302;2016-04-11;28.675813114815107;2016-04-04;34.13283143491511;2016-04-04;32.170234911134294;2016-03-28;26.807462616169307;2016-03-28;31.536862055968975;2016-03-21;27.668294850752435;2016-03-21;37.178625064313124;2016-03-14;26.2771329997633;2016-03-14
2016-04-18;2016;16;Agricultural;60892;1.4780266701701372;2.299152598042436;14.160844244902723;17.16559531104747;2016-04-18;14.160844244902723;2016-04-18;17.16559531104747;2016-04-18;14.334680865255146;2016-04-11;17.462640120392024;2016-04-11;15.853846875351733;2016-04-04;32.66619977238904;2016-04-04;19.806242626613805;2016-03-28;26.273016428842393;2016-03-28;19.614388264278833;2016-03-21;32.59559660334413;2016-03-21
2016-04-18;2016;16;Industrial;338383;1.1820924810052513;3.398515882890098;27.612169536543053;17.522421211280683;2016-04-18;27.612169536543053;2016-04-18;17.522421211280683;2016-04-18;27.55344776778818;2016-04-11;14.17876993923302;2016-04-11;28.675813114815107;2016-04-04;34.13283143491511;2016-04-04;32.170234911134294;2016-03-28;26.807462616169307;2016-03-28;31.536862055968975;2016-03-21;27.668294850752435;2016-03-21
2016-04-25;2016;17;Agricultural;60892;0.6569007422978388;2.627602969191355;12.62847950876052;14.527573858922892;2016-04-25;12.62847950876052;2016-04-25;14.527573858922892;2016-04-25;14.160844244902723;2016-04-18;17.16559531104747;2016-04-18;14.334680865255146;2016-04-11;17.462640120392024;2016-04-11;15.853846875351733;2016-04-04;32.66619977238904;2016-04-04;19.806242626613805;2016-03-28;26.273016428842393;2016-03-28
2016-04-25;2016;17;Industrial;338383;1.0934355449298576;3.1325450746639163;25.801165490170966;14.134339034141236;2016-04-25;25.801165490170966;2016-04-25;14.134339034141236;2016-04-25;27.612169536543053;2016-04-18;17.522421211280683;2016-04-18;27.55344776778818;2016-04-11;14.17876993923302;2016-04-11;28.675813114815107;2016-04-04;34.13283143491511;2016-04-04;32.170234911134294;2016-03-28;26.807462616169307;2016-03-28
2016-05-02;2016;18;Agricultural;60892;1.4780266701701372;3.1202785259147343;15.24444291592151;14.446471821679735;2016-05-02;15.24444291592151;2016-05-02;14.446471821679735;2016-05-02;12.62847950876052;2016-04-25;14.527573858922892;2016-04-25;14.160844244902723;2016-04-18;17.16559531104747;2016-04-18;14.334680865255146;2016-04-11;17.462640120392024;2016-04-11;15.853846875351733;2016-04-04;32.66619977238904;2016-04-04
2016-05-02;2016;18;Industrial;338383;1.2116447930303829;4.225980619593774;28.491160120105985;13.372018716039532;2016-05-02;28.491160120105985;2016-05-02;13.372018716039532;2016-05-02;25.801165490170966;2016-04-25;14.134339034141236;2016-04-25;27.612169536543053;2016-04-18;17.522421211280683;2016-04-18;27.55344776778818;2016-04-11;14.17876993923302;2016-04-11;28.675813114815107;2016-04-04;34.13283143491511;2016-04-04
2016-05-09;2016;19;Agricultural;60892;1.4780266701701372;2.9560533403402744;15.025761308637962;19.30416077837946;2016-05-09;15.025761308637962;2016-05-09;19.30416077837946;2016-05-09;15.24444291592151;2016-05-02;14.446471821679735;2016-05-02;12.62847950876052;2016-04-25;14.527573858922892;2016-04-25;14.160844244902723;2016-04-18;17.16559531104747;2016-04-18;14.334680865255146;2016-04-11;17.462640120392024;2016-04-11
2016-05-09;2016;19;Industrial;338383;1.0934355449298576;3.516725130990623;27.598497247246705;14.040095042793922;2016-05-09;27.598497247246705;2016-05-09;14.040095042793922;2016-05-09;28.491160120105985;2016-05-02;13.372018716039532;2016-05-02;25.801165490170966;2016-04-25;14.134339034141236;2016-04-25;27.612169536543053;2016-04-18;17.522421211280683;2016-04-18;27.55344776778818;2016-04-11;14.17876993923302;2016-04-11
2016-05-16;2016;20;Agricultural;60892;1.4780266701701372;3.1202785259147343;12.010315237011374;12.33544269498047;2016-05-16;12.010315237011374;2016-05-16;12.33544269498047;2016-05-16;15.025761308637962;2016-05-09;19.30416077837946;2016-05-09;15.24444291592151;2016-05-02;14.446471821679735;2016-05-02;12.62847950876052;2016-04-25;14.527573858922892;2016-04-25;14.160844244902723;2016-04-18;17.16559531104747;2016-04-18
2016-05-16;2016;20;Industrial;338383;1.0934355449298576;3.0734404506136537;26.88863731463864;9.981011779092574;2016-05-16;26.88863731463864;2016-05-16;9.981011779092574;2016-05-16;27.598497247246705;2016-05-09;14.040095042793922;2016-05-09;28.491160120105985;2016-05-02;13.372018716039532;2016-05-02;25.801165490170966;2016-04-25;14.134339034141236;2016-04-25;27.612169536543053;2016-04-18;17.522421211280683;2016-04-18
2016-05-23;2016;21;Agricultural;60892;1.149576299021218;2.9560533403402744;13.882770350545892;16.501438201123047;2016-05-23;13.882770350545892;2016-05-23;16.501438201123047;2016-05-23;12.010315237011374;2016-05-16;12.33544269498047;2016-05-16;15.025761308637962;2016-05-09;19.30416077837946;2016-05-09;15.24444291592151;2016-05-02;14.446471821679735;2016-05-02;12.62847950876052;2016-04-25;14.527573858922892;2016-04-25
2016-05-23;2016;21;Industrial;338383;0.7683601126534134;3.1620973866890476;31.53878199483418;17.602828955425;2016-05-23;31.53878199483418;2016-05-23;17.602828955425;2016-05-23;26.88863731463864;2016-05-16;9.981011779092574;2016-05-16;27.598497247246705;2016-05-09;14.040095042793922;2016-05-09;28.491160120105985;2016-05-02;13.372018716039532;2016-05-02;25.801165490170966;2016-04-25;14.134339034141236;2016-04-25
2016-05-30;2016;22;Agricultural;60892;1.149576299021218;4.434080010510412;13.33551022790277;16.916448852148758;2016-05-30;13.33551022790277;2016-05-30;16.916448852148758;2016-05-30;13.882770350545892;2016-05-23;16.501438201123047;2016-05-23;12.010315237011374;2016-05-16;12.33544269498047;2016-05-16;15.025761308637962;2016-05-09;19.30416077837946;2016-05-09;15.24444291592151;2016-05-02;14.446471821679735;2016-05-02
2016-05-30;2016;22;Industrial;338383;1.3298540411309079;3.309858946814704;27.24843616870745;13.63380051312031;2016-05-30;27.24843616870745;2016-05-30;13.63380051312031;2016-05-30;31.53878199483418;2016-05-23;17.602828955425;2016-05-23;26.88863731463864;2016-05-16;9.981011779092574;2016-05-16;27.598497247246705;2016-05-09;14.040095042793922;2016-05-09;28.491160120105985;2016-05-02;13.372018716039532;2016-05-02
2016-06-06;2016;23;Agricultural;60892;1.149576299021218;2.4633777836168957;17.502950396651702;17.371774990307774;2016-06-06;17.502950396651702;2016-06-06;17.371774990307774;2016-06-06;13.33551022790277;2016-05-30;16.916448852148758;2016-05-30;13.882770350545892;2016-05-23;16.501438201123047;2016-05-23;12.010315237011374;2016-05-16;12.33544269498047;2016-05-16;15.025761308637962;2016-05-09;19.30416077837946;2016-05-09
2016-06-06;2016;23;Industrial;338383;1.0047786088544637;2.600603458211553;29.843397957298247;12.149052406381939;2016-06-06;29.843397957298247;2016-06-06;12.149052406381939;2016-06-06;27.24843616870745;2016-05-30;13.63380051312031;2016-05-30;31.53878199483418;2016-05-23;17.602828955425;2016-05-23;26.88863731463864;2016-05-16;9.981011779092574;2016-05-16;27.598497247246705;2016-05-09;14.040095042793922;2016-05-09
2016-06-13;2016;24;Agricultural;60892;0.3284503711489194;3.1202785259147343;10.940169582671553;12.615024824601992;2016-06-13;10.940169582671553;2016-06-13;12.615024824601992;2016-06-13;17.502950396651702;2016-06-06;17.371774990307774;2016-06-06;13.33551022790277;2016-05-30;16.916448852148758;2016-05-30;13.882770350545892;2016-05-23;16.501438201123047;2016-05-23;12.010315237011374;2016-05-16;12.33544269498047;2016-05-16
2016-06-13;2016;24;Industrial;338383;0.9161216727790699;3.6349343790911486;22.682590257983804;12.210538568620214;2016-06-13;22.682590257983804;2016-06-13;12.210538568620214;2016-06-13;29.843397957298247;2016-06-06;12.149052406381939;2016-06-06;27.24843616870745;2016-05-30;13.63380051312031;2016-05-30;31.53878199483418;2016-05-23;17.602828955425;2016-05-23;26.88863731463864;2016-05-16;9.981011779092574;2016-05-16
2016-06-20;2016;25;Agricultural;60892;0.4926755567233791;3.1202785259147343;13.955206288065432;16.98365036288524;2016-06-20;13.955206288065432;2016-06-20;16.98365036288524;2016-06-20;10.940169582671553;2016-06-13;12.615024824601992;2016-06-13;17.502950396651702;2016-06-06;17.371774990307774;2016-06-06;13.33551022790277;2016-05-30;16.916448852148758;2016-05-30;13.882770350545892;2016-05-23;16.501438201123047;2016-05-23
2016-06-20;2016;25;Industrial;338383;1.034330920879595;4.432846803769693;27.21088591359691;15.684823053978889;2016-06-20;27.21088591359691;2016-06-20;15.684823053978889;2016-06-20;22.682590257983804;2016-06-13;12.210538568620214;2016-06-13;29.843397957298247;2016-06-06;12.149052406381939;2016-06-06;27.24843616870745;2016-05-30;13.63380051312031;2016-05-30;31.53878199483418;2016-05-23;17.602828955425;2016-05-23
2016-06-27;2016;26;Agricultural;60892;0.9853511134467582;1.3138014845956776;11.126548567426621;11.266275642709155;2016-06-27;11.126548567426621;2016-06-27;11.266275642709155;2016-06-27;13.955206288065432;2016-06-20;16.98365036288524;2016-06-20;10.940169582671553;2016-06-13;12.615024824601992;2016-06-13;17.502950396651702;2016-06-06;17.371774990307774;2016-06-06;13.33551022790277;2016-05-30;16.916448852148758;2016-05-30
2016-06-27;2016;26;Industrial;338383;1.2116447930303829;3.487172818965492;24.353652444721;12.133123954167946;2016-06-27;24.353652444721;2016-06-27;12.133123954167946;2016-06-27;27.21088591359691;2016-06-20;15.684823053978889;2016-06-20;22.682590257983804;2016-06-13;12.210538568620214;2016-06-13;29.843397957298247;2016-06-06;12.149052406381939;2016-06-06;27.24843616870745;2016-05-30;13.63380051312031;2016-05-30
2016-07-04;2016;27;Agricultural;60892;0.8211259278722985;3.284503711489194;12.963971185953152;14.642194319730871;2016-07-04;12.963971185953152;2016-07-04;14.642194319730871;2016-07-04;11.126548567426621;2016-06-27;11.266275642709155;2016-06-27;13.955206288065432;2016-06-20;16.98365036288524;2016-06-20;10.940169582671553;2016-06-13;12.615024824601992;2016-06-13;17.502950396651702;2016-06-06;17.371774990307774;2016-06-06
2016-07-04;2016;27;Industrial;338383;1.0638832329047263;3.398515882890098;23.63569124333231;13.588754279067697;2016-07-04;23.63569124333231;2016-07-04;13.588754279067697;2016-07-04;24.353652444721;2016-06-27;12.133123954167946;2016-06-27;27.21088591359691;2016-06-20;15.684823053978889;2016-06-20;22.682590257983804;2016-06-13;12.210538568620214;2016-06-13;29.843397957298247;2016-06-06;12.149052406381939;2016-06-06
2016-07-11;2016;28;Agricultural;60892;1.4780266701701372;3.284503711489194;13.735631120171083;10.83267676325542;2016-07-11;13.735631120171083;2016-07-11;10.83267676325542;2016-07-11;12.963971185953152;2016-07-04;14.642194319730871;2016-07-04;11.126548567426621;2016-06-27;11.266275642709155;2016-06-27;13.955206288065432;2016-06-20;16.98365036288524;2016-06-20;10.940169582671553;2016-06-13;12.615024824601992;2016-06-13
2016-07-11;2016;28;Industrial;338383;0.827464736703676;4.0486667474429865;23.705580497100986;9.628465065801688;2016-07-11;23.705580497100986;2016-07-11;9.628465065801688;2016-07-11;23.63569124333231;2016-07-04;13.588754279067697;2016-07-04;24.353652444721;2016-06-27;12.133123954167946;2016-06-27;27.21088591359691;2016-06-20;15.684823053978889;2016-06-20;22.682590257983804;2016-06-13;12.210538568620214;2016-06-13
2016-07-18;2016;29;Agricultural;60892;0.6569007422978388;4.762530381659332;15.110277927156156;17.75521816885732;2016-07-18;15.110277927156156;2016-07-18;17.75521816885732;2016-07-18;13.735631120171083;2016-07-11;10.83267676325542;2016-07-11;12.963971185953152;2016-07-04;14.642194319730871;2016-07-04;11.126548567426621;2016-06-27;11.266275642709155;2016-06-27;13.955206288065432;2016-06-20;16.98365036288524;2016-06-20
2016-07-18;2016;29;Industrial;338383;1.2116447930303829;3.014335826563391;27.8444308618197;15.934610696252076;2016-07-18;27.8444308618197;2016-07-18;15.934610696252076;2016-07-18;23.705580497100986;2016-07-11;9.628465065801688;2016-07-11;23.63569124333231;2016-07-04;13.588754279067697;2016-07-04;24.353652444721;2016-06-27;12.133123954167946;2016-06-27;27.21088591359691;2016-06-20;15.684823053978889;2016-06-20
2016-07-25;2016;30;Agricultural;60892;1.4780266701701372;3.9414044537870327;16.830394609038574;14.650727646394285;2016-07-25;16.830394609038574;2016-07-25;14.650727646394285;2016-07-25;15.110277927156156;2016-07-18;17.75521816885732;2016-07-18;13.735631120171083;2016-07-11;10.83267676325542;2016-07-11;12.963971185953152;2016-07-04;14.642194319730871;2016-07-04;11.126548567426621;2016-06-27;11.266275642709155;2016-06-27
2016-07-25;2016;30;Industrial;338383;0.8865693607539386;2.7483650183372093;26.142220221128976;9.659845544641856;2016-07-25;26.142220221128976;2016-07-25;9.659845544641856;2016-07-25;27.8444308618197;2016-07-18;15.934610696252076;2016-07-18;23.705580497100986;2016-07-11;9.628465065801688;2016-07-11;23.63569124333231;2016-07-04;13.588754279067697;2016-07-04;24.353652444721;2016-06-27;12.133123954167946;2016-06-27
2016-08-01;2016;31;Agricultural;60892;0.8211259278722985;3.6129540826381135;14.958298837349876;7.456166130988857;2016-08-01;14.958298837349876;2016-08-01;7.456166130988857;2016-08-01;16.830394609038574;2016-07-25;14.650727646394285;2016-07-25;15.110277927156156;2016-07-18;17.75521816885732;2016-07-18;13.735631120171083;2016-07-11;10.83267676325542;2016-07-11;12.963971185953152;2016-07-04;14.642194319730871;2016-07-04
2016-08-01;2016;31;Industrial;338383;0.6797031765780196;2.955231202513129;29.693268465602376;7.110480540762515;2016-08-01;29.693268465602376;2016-08-01;7.110480540762515;2016-08-01;26.142220221128976;2016-07-25;9.659845544641856;2016-07-25;27.8444308618197;2016-07-18;15.934610696252076;2016-07-18;23.705580497100986;2016-07-11;9.628465065801688;2016-07-11;23.63569124333231;2016-07-04;13.588754279067697;2016-07-04
2016-08-08;2016;32;Agricultural;60892;1.149576299021218;2.9560533403402744;15.22190713806314;10.658889958854942;2016-08-08;15.22190713806314;2016-08-08;10.658889958854942;2016-08-08;14.958298837349876;2016-08-01;7.456166130988857;2016-08-01;16.830394609038574;2016-07-25;14.650727646394285;2016-07-25;15.110277927156156;2016-07-18;17.75521816885732;2016-07-18;13.735631120171083;2016-07-11;10.83267676325542;2016-07-11
2016-08-08;2016;32;Industrial;338383;0.6797031765780196;2.6597080822618158;30.944544364482454;8.869347746974308;2016-08-08;30.944544364482454;2016-08-08;8.869347746974308;2016-08-08;29.693268465602376;2016-08-01;7.110480540762515;2016-08-01;26.142220221128976;2016-07-25;9.659845544641856;2016-07-25;27.8444308618197;2016-07-18;15.934610696252076;2016-07-18;23.705580497100986;2016-07-11;9.628465065801688;2016-07-11
2016-08-15;2016;33;Agricultural;60892;0.8211259278722985;2.627602969191355;12.614226935631121;16.73808481634797;2016-08-15;12.614226935631121;2016-08-15;16.73808481634797;2016-08-15;15.22190713806314;2016-08-08;10.658889958854942;2016-08-08;14.958298837349876;2016-08-01;7.456166130988857;2016-08-01;16.830394609038574;2016-07-25;14.650727646394285;2016-07-25;15.110277927156156;2016-07-18;17.75521816885732;2016-07-18
2016-08-15;2016;33;Industrial;338383;0.7388078006282822;2.6301557702366845;29.417234966089836;9.451795553274636;2016-08-15;29.417234966089836;2016-08-15;9.451795553274636;2016-08-15;30.944544364482454;2016-08-08;8.869347746974308;2016-08-08;29.693268465602376;2016-08-01;7.110480540762515;2016-08-01;26.142220221128976;2016-07-25;9.659845544641856;2016-07-25;27.8444308618197;2016-07-18;15.934610696252076;2016-07-18
2016-08-22;2016;34;Agricultural;60892;1.8064770413190567;3.284503711489194;16.421614286964896;14.076397660526172;2016-08-22;16.421614286964896;2016-08-22;14.076397660526172;2016-08-22;12.614226935631121;2016-08-15;16.73808481634797;2016-08-15;15.22190713806314;2016-08-08;10.658889958854942;2016-08-08;14.958298837349876;2016-08-01;7.456166130988857;2016-08-01;16.830394609038574;2016-07-25;14.650727646394285;2016-07-25
2016-08-22;2016;34;Industrial;338383;0.8570170487288072;2.837021954412603;32.99120758957645;14.457280721985981;2016-08-22;32.99120758957645;2016-08-22;14.457280721985981;2016-08-22;29.417234966089836;2016-08-15;9.451795553274636;2016-08-15;30.944544364482454;2016-08-08;8.869347746974308;2016-08-08;29.693268465602376;2016-08-01;7.110480540762515;2016-08-01;26.142220221128976;2016-07-25;9.659845544641856;2016-07-25
2016-08-29;2016;35;Agricultural;60892;1.149576299021218;3.6129540826381135;18.754512616567244;22.755666303989862;2016-08-29;18.754512616567244;2016-08-29;22.755666303989862;2016-08-29;16.421614286964896;2016-08-22;14.076397660526172;2016-08-22;12.614226935631121;2016-08-15;16.73808481634797;2016-08-15;15.22190713806314;2016-08-08;10.658889958854942;2016-08-08;14.958298837349876;2016-08-01;7.456166130988857;2016-08-01
2016-08-29;2016;35;Industrial;338383;1.034330920879595;2.7188127063120784;40.21830374316464;13.878910010952163;2016-08-29;40.21830374316464;2016-08-29;13.878910010952163;2016-08-29;32.99120758957645;2016-08-22;14.457280721985981;2016-08-22;29.417234966089836;2016-08-15;9.451795553274636;2016-08-15;30.944544364482454;2016-08-08;8.869347746974308;2016-08-08;29.693268465602376;2016-08-01;7.110480540762515;2016-08-01
2016-09-05;2016;36;Agricultural;60892;0.4926755567233791;4.105629639361493;20.84362209910665;20.069275438442908;2016-09-05;20.84362209910665;2016-09-05;20.069275438442908;2016-09-05;18.754512616567244;2016-08-29;22.755666303989862;2016-08-29;16.421614286964896;2016-08-22;14.076397660526172;2016-08-22;12.614226935631121;2016-08-15;16.73808481634797;2016-08-15;15.22190713806314;2016-08-08;10.658889958854942;2016-08-08
2016-09-05;2016;36;Industrial;338383;0.7388078006282822;3.2803066347895724;38.17092228810636;12.787822285034048;2016-09-05;38.17092228810636;2016-09-05;12.787822285034048;2016-09-05;40.21830374316464;2016-08-29;13.878910010952163;2016-08-29;32.99120758957645;2016-08-22;14.457280721985981;2016-08-22;29.417234966089836;2016-08-15;9.451795553274636;2016-08-15;30.944544364482454;2016-08-08;8.869347746974308;2016-08-08
2016-09-12;2016;37;Agricultural;60892;1.9707022268935164;2.791828154765815;20.179785145258315;25.633552606895865;2016-09-12;20.179785145258315;2016-09-12;25.633552606895865;2016-09-12;20.84362209910665;2016-09-05;20.069275438442908;2016-09-05;18.754512616567244;2016-08-29;22.755666303989862;2016-08-29;16.421614286964896;2016-08-22;14.076397660526172;2016-08-22;12.614226935631121;2016-08-15;16.73808481634797;2016-08-15
2016-09-12;2016;37;Industrial;338383;0.9456739848042012;3.8122482512419356;37.68734469110011;18.326150312489318;2016-09-12;37.68734469110011;2016-09-12;18.326150312489318;2016-09-12;38.17092228810636;2016-09-05;12.787822285034048;2016-09-05;40.21830374316464;2016-08-29;13.878910010952163;2016-08-29;32.99120758957645;2016-08-22;14.457280721985981;2016-08-22;29.417234966089836;2016-08-15;9.451795553274636;2016-08-15
2016-09-19;2016;38;Agricultural;60892;0.9853511134467582;2.9560533403402744;20.017018504854445;20.351214967296556;2016-09-19;20.017018504854445;2016-09-19;20.351214967296556;2016-09-19;20.179785145258315;2016-09-12;25.633552606895865;2016-09-12;20.84362209910665;2016-09-05;20.069275438442908;2016-09-05;18.754512616567244;2016-08-29;22.755666303989862;2016-08-29;16.421614286964896;2016-08-22;14.076397660526172;2016-08-22
2016-09-19;2016;38;Industrial;338383;1.1525401689801202;3.3689635708649663;30.943479135718118;13.245308116673641;2016-09-19;30.943479135718118;2016-09-19;13.245308116673641;2016-09-19;37.68734469110011;2016-09-12;18.326150312489318;2016-09-12;38.17092228810636;2016-09-05;12.787822285034048;2016-09-05;40.21830374316464;2016-08-29;13.878910010952163;2016-08-29;32.99120758957645;2016-08-22;14.457280721985981;2016-08-22
2016-09-26;2016;39;Agricultural;60892;1.642251855744597;3.284503711489194;20.64630549059333;29.71689531980174;2016-09-26;20.64630549059333;2016-09-26;29.71689531980174;2016-09-26;20.017018504854445;2016-09-19;20.351214967296556;2016-09-19;20.179785145258315;2016-09-12;25.633552606895865;2016-09-12;20.84362209910665;2016-09-05;20.069275438442908;2016-09-05;18.754512616567244;2016-08-29;22.755666303989862;2016-08-29
2016-09-26;2016;39;Industrial;338383;1.0934355449298576;3.398515882890098;40.10403226539285;28.081452764847835;2016-09-26;40.10403226539285;2016-09-26;28.081452764847835;2016-09-26;30.943479135718118;2016-09-19;13.245308116673641;2016-09-19;37.68734469110011;2016-09-12;18.326150312489318;2016-09-12;38.17092228810636;2016-09-05;12.787822285034048;2016-09-05;40.21830374316464;2016-08-29;13.878910010952163;2016-08-29
2016-10-03;2016;40;Agricultural;60892;0.9853511134467582;3.777179268212573;18.41326771801253;19.86272891367875;2016-10-03;18.41326771801253;2016-10-03;19.86272891367875;2016-10-03;20.64630549059333;2016-09-26;29.71689531980174;2016-09-26;20.017018504854445;2016-09-19;20.351214967296556;2016-09-19;20.179785145258315;2016-09-12;25.633552606895865;2016-09-12;20.84362209910665;2016-09-05;20.069275438442908;2016-09-05
2016-10-03;2016;40;Industrial;338383;0.9752262968293324;3.516725130990623;35.0804745995061;14.803789682118984;2016-10-03;35.0804745995061;2016-10-03;14.803789682118984;2016-10-03;40.10403226539285;2016-09-26;28.081452764847835;2016-09-26;30.943479135718118;2016-09-19;13.245308116673641;2016-09-19;37.68734469110011;2016-09-12;18.326150312489318;2016-09-12;38.17092228810636;2016-09-05;12.787822285034048;2016-09-05
2016-10-10;2016;41;Agricultural;60892;0.8211259278722985;3.284503711489194;25.887425119745874;20.05411596486621;2016-10-10;25.887425119745874;2016-10-10;20.05411596486621;2016-10-10;18.41326771801253;2016-10-03;19.86272891367875;2016-10-03;20.64630549059333;2016-09-26;29.71689531980174;2016-09-26;20.017018504854445;2016-09-19;20.351214967296556;2016-09-19;20.179785145258315;2016-09-12;25.633552606895865;2016-09-12
2016-10-10;2016;41;Industrial;338383;1.1820924810052513;3.428068194915229;32.10148042436062;14.116152644854367;2016-10-10;32.10148042436062;2016-10-10;14.116152644854367;2016-10-10;35.0804745995061;2016-10-03;14.803789682118984;2016-10-03;40.10403226539285;2016-09-26;28.081452764847835;2016-09-26;30.943479135718118;2016-09-19;13.245308116673641;2016-09-19;37.68734469110011;2016-09-12;18.326150312489318;2016-09-12
2016-10-17;2016;42;Agricultural;60892;1.9707022268935164;3.284503711489194;24.606231996431593;35.48185990670452;2016-10-17;24.606231996431593;2016-10-17;35.48185990670452;2016-10-17;25.887425119745874;2016-10-10;20.05411596486621;2016-10-10;18.41326771801253;2016-10-03;19.86272891367875;2016-10-03;20.64630549059333;2016-09-26;29.71689531980174;2016-09-26;20.017018504854445;2016-09-19;20.351214967296556;2016-09-19
2016-10-17;2016;42;Industrial;338383;1.0934355449298576;3.605382067066017;31.911801420968523;27.37725074308977;2016-10-17;31.911801420968523;2016-10-17;27.37725074308977;2016-10-17;32.10148042436062;2016-10-10;14.116152644854367;2016-10-10;35.0804745995061;2016-10-03;14.803789682118984;2016-10-03;40.10403226539285;2016-09-26;28.081452764847835;2016-09-26;30.943479135718118;2016-09-19;13.245308116673641;2016-09-19
2016-10-24;2016;43;Agricultural;60892;1.3138014845956776;3.777179268212573;29.5432933971978;32.50357257496363;2016-10-24;29.5432933971978;2016-10-24;32.50357257496363;2016-10-24;24.606231996431593;2016-10-17;35.48185990670452;2016-10-17;25.887425119745874;2016-10-10;20.05411596486621;2016-10-10;18.41326771801253;2016-10-03;19.86272891367875;2016-10-03;20.64630549059333;2016-09-26;29.71689531980174;2016-09-26
2016-10-24;2016;43;Industrial;338383;1.3298540411309079;3.1916496987141794;38.90337054876352;23.95362012047812;2016-10-24;38.90337054876352;2016-10-24;23.95362012047812;2016-10-24;31.911801420968523;2016-10-17;27.37725074308977;2016-10-17;32.10148042436062;2016-10-10;14.116152644854367;2016-10-10;35.0804745995061;2016-10-03;14.803789682118984;2016-10-03;40.10403226539285;2016-09-26;28.081452764847835;2016-09-26
2016-10-31;2016;44;Agricultural;60892;1.9707022268935164;4.434080010510412;26.025474293718187;32.51249984367379;2016-10-31;26.025474293718187;2016-10-31;32.51249984367379;2016-10-31;29.5432933971978;2016-10-24;32.50357257496363;2016-10-24;24.606231996431593;2016-10-17;35.48185990670452;2016-10-17;25.887425119745874;2016-10-10;20.05411596486621;2016-10-10;18.41326771801253;2016-10-03;19.86272891367875;2016-10-03
2016-10-31;2016;44;Industrial;338383;1.2116447930303829;3.6940390031414108;39.80614545736207;31.813231649717714;2016-10-31;39.80614545736207;2016-10-31;31.813231649717714;2016-10-31;38.90337054876352;2016-10-24;23.95362012047812;2016-10-24;31.911801420968523;2016-10-17;27.37725074308977;2016-10-17;32.10148042436062;2016-10-10;14.116152644854367;2016-10-10;35.0804745995061;2016-10-03;14.803789682118984;2016-10-03
2016-11-07;2016;45;Agricultural;60892;2.627602969191355;2.299152598042436;38.12371968834807;22.997961506234287;2016-11-07;38.12371968834807;2016-11-07;22.997961506234287;2016-11-07;26.025474293718187;2016-10-31;32.51249984367379;2016-10-31;29.5432933971978;2016-10-24;32.50357257496363;2016-10-24;24.606231996431593;2016-10-17;35.48185990670452;2016-10-17;25.887425119745874;2016-10-10;20.05411596486621;2016-10-10
2016-11-07;2016;45;Industrial;338383;1.122987856954989;3.8122482512419356;40.22178169322779;24.53703938494798;2016-11-07;40.22178169322779;2016-11-07;24.53703938494798;2016-11-07;39.80614545736207;2016-10-31;31.813231649717714;2016-10-31;38.90337054876352;2016-10-24;23.95362012047812;2016-10-24;31.911801420968523;2016-10-17;27.37725074308977;2016-10-17;32.10148042436062;2016-10-10;14.116152644854367;2016-10-10
2016-11-14;2016;46;Agricultural;60892;0.9853511134467582;2.299152598042436;46.53552210869465;36.98420271549047;2016-11-14;46.53552210869465;2016-11-14;36.98420271549047;2016-11-14;38.12371968834807;2016-11-07;22.997961506234287;2016-11-07;26.025474293718187;2016-10-31;32.51249984367379;2016-10-31;29.5432933971978;2016-10-24;32.50357257496363;2016-10-24;24.606231996431593;2016-10-17;35.48185990670452;2016-10-17
2016-11-14;2016;46;Industrial;338383;1.3298540411309079;4.757922236046137;47.26485774953169;50.463437040639846;2016-11-14;47.26485774953169;2016-11-14;50.463437040639846;2016-11-14;40.22178169322779;2016-11-07;24.53703938494798;2016-11-07;39.80614545736207;2016-10-31;31.813231649717714;2016-10-31;38.90337054876352;2016-10-24;23.95362012047812;2016-10-24;31.911801420968523;2016-10-17;27.37725074308977;2016-10-17
2016-11-21;2016;47;Agricultural;60892;1.3138014845956776;2.4633777836168957;37.17598454246445;21.634307141398097;2016-11-21;37.17598454246445;2016-11-21;21.634307141398097;2016-11-21;46.53552210869465;2016-11-14;36.98420271549047;2016-11-14;38.12371968834807;2016-11-07;22.997961506234287;2016-11-07;26.025474293718187;2016-10-31;32.51249984367379;2016-10-31;29.5432933971978;2016-10-24;32.50357257496363;2016-10-24
2016-11-21;2016;47;Industrial;338383;1.5662725373319581;4.639712987945612;35.27771245617079;21.490796677915963;2016-11-21;35.27771245617079;2016-11-21;21.490796677915963;2016-11-21;47.26485774953169;2016-11-14;50.463437040639846;2016-11-14;40.22178169322779;2016-11-07;24.53703938494798;2016-11-07;39.80614545736207;2016-10-31;31.813231649717714;2016-10-31;38.90337054876352;2016-10-24;23.95362012047812;2016-10-24
2016-11-28;2016;48;Agricultural;60892;0.9853511134467582;1.642251855744597;38.012083182218;30.34878461583355;2016-11-28;38.012083182218;2016-11-28;30.34878461583355;2016-11-28;37.17598454246445;2016-11-21;21.634307141398097;2016-11-21;46.53552210869465;2016-11-14;36.98420271549047;2016-11-14;38.12371968834807;2016-11-07;22.997961506234287;2016-11-07;26.025474293718187;2016-10-31;32.51249984367379;2016-10-31
2016-11-28;2016;48;Industrial;338383;1.034330920879595;4.13732368351838;47.22376766528528;34.801758490739125;2016-11-28;47.22376766528528;2016-11-28;34.801758490739125;2016-11-28;35.27771245617079;2016-11-21;21.490796677915963;2016-11-21;47.26485774953169;2016-11-14;50.463437040639846;2016-11-14;40.22178169322779;2016-11-07;24.53703938494798;2016-11-07;39.80614545736207;2016-10-31;31.813231649717714;2016-10-31
2016-12-05;2016;49;Agricultural;60892;1.642251855744597;2.627602969191355;43.678597899809496;42.95693108723837;2016-12-05;43.678597899809496;2016-12-05;42.95693108723837;2016-12-05;38.012083182218;2016-11-28;30.34878461583355;2016-11-28;37.17598454246445;2016-11-21;21.634307141398097;2016-11-21;46.53552210869465;2016-11-14;36.98420271549047;2016-11-14;38.12371968834807;2016-11-07;22.997961506234287;2016-11-07
2016-12-05;2016;49;Industrial;338383;1.1525401689801202;3.2507543227644415;52.08387721288002;55.706596265879234;2016-12-05;52.08387721288002;2016-12-05;55.706596265879234;2016-12-05;47.22376766528528;2016-11-28;34.801758490739125;2016-11-28;35.27771245617079;2016-11-21;21.490796677915963;2016-11-21;47.26485774953169;2016-11-14;50.463437040639846;2016-11-14;40.22178169322779;2016-11-07;24.53703938494798;2016-11-07
2016-12-12;2016;50;Agricultural;60892;1.149576299021218;2.134927412467976;44.153151327939035;40.7091686363769;2016-12-12;44.153151327939035;2016-12-12;40.7091686363769;2016-12-12;43.678597899809496;2016-12-05;42.95693108723837;2016-12-05;38.012083182218;2016-11-28;30.34878461583355;2016-11-28;37.17598454246445;2016-11-21;21.634307141398097;2016-11-21;46.53552210869465;2016-11-14;36.98420271549047;2016-11-14
2016-12-12;2016;50;Industrial;338383;1.4185109772063016;3.6940390031414108;50.98991055228587;46.0470505967436;2016-12-12;50.98991055228587;2016-12-12;46.0470505967436;2016-12-12;52.08387721288002;2016-12-05;55.706596265879234;2016-12-05;47.22376766528528;2016-11-28;34.801758490739125;2016-11-28;35.27771245617079;2016-11-21;21.490796677915963;2016-11-21;47.26485774953169;2016-11-14;50.463437040639846;2016-11-14
2016-12-19;2016;51;Agricultural;60892;1.642251855744597;2.9560533403402744;46.543287561019326;35.10517210473439;2016-12-19;46.543287561019326;2016-12-19;35.10517210473439;2016-12-19;44.153151327939035;2016-12-12;40.7091686363769;2016-12-12;43.678597899809496;2016-12-05;42.95693108723837;2016-12-05;38.012083182218;2016-11-28;30.34878461583355;2016-11-28;37.17598454246445;2016-11-21;21.634307141398097;2016-11-21
2016-12-19;2016;51;Industrial;338383;1.5958248493570897;4.3737421797194305;53.959991934084506;40.54603002476461;2016-12-19;53.959991934084506;2016-12-19;40.54603002476461;2016-12-19;50.98991055228587;2016-12-12;46.0470505967436;2016-12-12;52.08387721288002;2016-12-05;55.706596265879234;2016-12-05;47.22376766528528;2016-11-28;34.801758490739125;2016-11-28;35.27771245617079;2016-11-21;21.490796677915963;2016-11-21
2016-12-26;2016;52;Agricultural;60892;2.134927412467976;2.791828154765815;40.45098150126248;35.067558522998;2016-12-26;40.45098150126248;2016-12-26;35.067558522998;2016-12-26;46.543287561019326;2016-12-19;35.10517210473439;2016-12-19;44.153151327939035;2016-12-12;40.7091686363769;2016-12-12;43.678597899809496;2016-12-05;42.95693108723837;2016-12-05;38.012083182218;2016-11-28;30.34878461583355;2016-11-28
2016-12-26;2016;52;Industrial;338383;3.398515882890098;4.255532931618905;43.44740845268372;30.082197397284954;2016-12-26;43.44740845268372;2016-12-26;30.082197397284954;2016-12-26;53.959991934084506;2016-12-19;40.54603002476461;2016-12-19;50.98991055228587;2016-12-12;46.0470505967436;2016-12-12;52.08387721288002;2016-12-05;55.706596265879234;2016-12-05;47.22376766528528;2016-11-28;34.801758490739125;2016-11-28
2017-01-02;2017;1;Agricultural;60562;1.8163204649780391;3.6326409299560782;36.99383198799676;28.5261502418253;2017-01-02;36.99383198799676;2017-01-02;28.5261502418253;2017-01-02;40.45098150126248;2016-12-26;35.067558522998;2016-12-26;46.543287561019326;2016-12-19;35.10517210473439;2016-12-19;44.153151327939035;2016-12-12;40.7091686363769;2016-12-12;43.678597899809496;2016-12-05;42.95693108723837;2016-12-05
2017-01-02;2017;1;Industrial;338533;2.628990379076781;4.16502970168344;40.030643853975576;29.99489401809488;2017-01-02;40.030643853975576;2017-01-02;29.99489401809488;2017-01-02;43.44740845268372;2016-12-26;30.082197397284954;2016-12-26;53.959991934084506;2016-12-19;40.54603002476461;2016-12-19;50.98991055228587;2016-12-12;46.0470505967436;2016-12-12;52.08387721288002;2016-12-05;55.706596265879234;2016-12-05
2017-01-09;2017;2;Agricultural;60562;1.8163204649780391;4.458241141309732;39.05113326795249;30.38565896346217;2017-01-09;39.05113326795249;2017-01-09;30.38565896346217;2017-01-09;36.99383198799676;2017-01-02;28.5261502418253;2017-01-02;40.45098150126248;2016-12-26;35.067558522998;2016-12-26;46.543287561019326;2016-12-19;35.10517210473439;2016-12-19;44.153151327939035;2016-12-12;40.7091686363769;2016-12-12
2017-01-09;2017;2;Industrial;338533;2.510833508107038;5.110284669441384;49.924527710738055;32.522167681674766;2017-01-09;49.924527710738055;2017-01-09;32.522167681674766;2017-01-09;40.030643853975576;2017-01-02;29.99489401809488;2017-01-02;43.44740845268372;2016-12-26;30.082197397284954;2016-12-26;53.959991934084506;2016-12-19;40.54603002476461;2016-12-19;50.98991055228587;2016-12-12;46.0470505967436;2016-12-12
2017-01-16;2017;3;Agricultural;60562;2.641920676331693;4.12800105676827;49.80684319494388;26.792279612073663;2017-01-16;49.80684319494388;2017-01-16;26.792279612073663;2017-01-16;39.05113326795249;2017-01-09;30.38565896346217;2017-01-09;36.99383198799676;2017-01-02;28.5261502418253;2017-01-02;40.45098150126248;2016-12-26;35.067558522998;2016-12-26;46.543287561019326;2016-12-19;35.10517210473439;2016-12-19
2017-01-16;2017;3;Industrial;338533;1.9200491532583235;4.342265008138054;50.716198629144046;24.137920797777756;2017-01-16;50.716198629144046;2017-01-16;24.137920797777756;2017-01-16;49.924527710738055;2017-01-09;32.522167681674766;2017-01-09;40.030643853975576;2017-01-02;29.99489401809488;2017-01-02;43.44740845268372;2016-12-26;30.082197397284954;2016-12-26;53.959991934084506;2016-12-19;40.54603002476461;2016-12-19
2017-01-23;2017;4;Agricultural;60562;2.972160760873155;2.972160760873155;52.48750031433098;39.71258204038525;2017-01-23;52.48750031433098;2017-01-23;39.71258204038525;2017-01-23;49.80684319494388;2017-01-16;26.792279612073663;2017-01-16;39.05113326795249;2017-01-09;30.38565896346217;2017-01-09;36.99383198799676;2017-01-02;28.5261502418253;2017-01-02;40.45098150126248;2016-12-26;35.067558522998;2016-12-26
2017-01-23;2017;4;Industrial;338533;1.979127588743195;4.312725790395619;57.787358075210555;42.729777624296844;2017-01-23;57.787358075210555;2017-01-23;42.729777624296844;2017-01-23;50.716198629144046;2017-01-16;24.137920797777756;2017-01-16;49.924527710738055;2017-01-09;32.522167681674766;2017-01-09;40.030643853975576;2017-01-02;29.99489401809488;2017-01-02;43.44740845268372;2016-12-26;30.082197397284954;2016-12-26
2017-01-30;2017;5;Agricultural;60562;2.972160760873155;4.788481225851194;46.040042623280605;49.9799373014476;2017-01-30;46.040042623280605;2017-01-30;49.9799373014476;2017-01-30;52.48750031433098;2017-01-23;39.71258204038525;2017-01-23;49.80684319494388;2017-01-16;26.792279612073663;2017-01-16;39.05113326795249;2017-01-09;30.38565896346217;2017-01-09;36.99383198799676;2017-01-02;28.5261502418253;2017-01-02
2017-01-30;2017;5;Industrial;338533;2.422215854879731;3.840098306516647;51.96560981193248;77.1172129881224;2017-01-30;51.96560981193248;2017-01-30;77.1172129881224;2017-01-30;57.787358075210555;2017-01-23;42.729777624296844;2017-01-23;50.716198629144046;2017-01-16;24.137920797777756;2017-01-16;49.924527710738055;2017-01-09;32.522167681674766;2017-01-09;40.030643853975576;2017-01-02;29.99489401809488;2017-01-02
2017-02-06;2017;6;Agricultural;60562;1.4860803804365774;3.7977609722268086;34.79897067082422;29.254446735568017;2017-02-06;34.79897067082422;2017-02-06;29.254446735568017;2017-02-06;46.040042623280605;2017-01-30;49.9799373014476;2017-01-30;52.48750031433098;2017-01-23;39.71258204038525;2017-01-23;49.80684319494388;2017-01-16;26.792279612073663;2017-01-16;39.05113326795249;2017-01-09;30.38565896346217;2017-01-09
2017-02-06;2017;6;Industrial;338533;2.0086668064856306;3.810559088774211;38.73059793951841;27.80745181686666;2017-02-06;38.73059793951841;2017-02-06;27.80745181686666;2017-02-06;51.96560981193248;2017-01-30;77.1172129881224;2017-01-30;57.787358075210555;2017-01-23;42.729777624296844;2017-01-23;50.716198629144046;2017-01-16;24.137920797777756;2017-01-16;49.924527710738055;2017-01-09;32.522167681674766;2017-01-09
2017-02-13;2017;7;Agricultural;60562;0.8256002113536541;3.467520887685347;33.99994090577614;45.693024366937415;2017-02-13;33.99994090577614;2017-02-13;45.693024366937415;2017-02-13;34.79897067082422;2017-02-06;29.254446735568017;2017-02-06;46.040042623280605;2017-01-30;49.9799373014476;2017-01-30;52.48750031433098;2017-01-23;39.71258204038525;2017-01-23;49.80684319494388;2017-01-16;26.792279612073663;2017-01-16
2017-02-13;2017;7;Industrial;338533;1.6541961935764016;4.017333612971261;45.59777632951781;37.66527149032442;2017-02-13;45.59777632951781;2017-02-13;37.66527149032442;2017-02-13;38.73059793951841;2017-02-06;27.80745181686666;2017-02-06;51.96560981193248;2017-01-30;77.1172129881224;2017-01-30;57.787358075210555;2017-01-23;42.729777624296844;2017-01-23;50.716198629144046;2017-01-16;24.137920797777756;2017-01-16
2017-02-20;2017;8;Agricultural;60562;2.1465605495195006;2.4768006340609623;29.263930939388604;44.120564789901174;2017-02-20;29.263930939388604;2017-02-20;44.120564789901174;2017-02-20;33.99994090577614;2017-02-13;45.693024366937415;2017-02-13;34.79897067082422;2017-02-06;29.254446735568017;2017-02-06;46.040042623280605;2017-01-30;49.9799373014476;2017-01-30;52.48750031433098;2017-01-23;39.71258204038525;2017-01-23
2017-02-20;2017;8;Industrial;338533;2.0086668064856306;3.0720786452133173;46.239765511708185;53.877859754485314;2017-02-20;46.239765511708185;2017-02-20;53.877859754485314;2017-02-20;45.59777632951781;2017-02-13;37.66527149032442;2017-02-13;38.73059793951841;2017-02-06;27.80745181686666;2017-02-06;51.96560981193248;2017-01-30;77.1172129881224;2017-01-30;57.787358075210555;2017-01-23;42.729777624296844;2017-01-23
2017-02-27;2017;9;Agricultural;60562;0.990720253624385;3.7977609722268086;25.023406551495793;28.08939782566785;2017-02-27;25.023406551495793;2017-02-27;28.08939782566785;2017-02-27;29.263930939388604;2017-02-20;44.120564789901174;2017-02-20;33.99994090577614;2017-02-13;45.693024366937415;2017-02-13;34.79897067082422;2017-02-06;29.254446735568017;2017-02-06;46.040042623280605;2017-01-30;49.9799373014476;2017-01-30
2017-02-27;2017;9;Industrial;338533;1.4178824516369157;3.928715959743954;35.45449115659859;23.190908937480604;2017-02-27;35.45449115659859;2017-02-27;23.190908937480604;2017-02-27;46.239765511708185;2017-02-20;53.877859754485314;2017-02-20;45.59777632951781;2017-02-13;37.66527149032442;2017-02-13;38.73059793951841;2017-02-06;27.80745181686666;2017-02-06;51.96560981193248;2017-01-30;77.1172129881224;2017-01-30
2017-03-06;2017;10;Agricultural;60562;1.6512004227073083;1.4860803804365774;29.979681226477567;22.948279980888678;2017-03-06;29.979681226477567;2017-03-06;22.948279980888678;2017-03-06;25.023406551495793;2017-02-27;28.08939782566785;2017-02-27;29.263930939388604;2017-02-20;44.120564789901174;2017-02-20;33.99994090577614;2017-02-13;45.693024366937415;2017-02-13;34.79897067082422;2017-02-06;29.254446735568017;2017-02-06
2017-03-06;2017;10;Industrial;338533;1.6541961935764016;4.460421879107797;37.58219903852271;13.631434136555047;2017-03-06;37.58219903852271;2017-03-06;13.631434136555047;2017-03-06;35.45449115659859;2017-02-27;23.190908937480604;2017-02-27;46.239765511708185;2017-02-20;53.877859754485314;2017-02-20;45.59777632951781;2017-02-13;37.66527149032442;2017-02-13;38.73059793951841;2017-02-06;27.80745181686666;2017-02-06
2017-03-13;2017;11;Agricultural;60562;1.1558402958951157;2.8070407186024244;30.572634764167947;45.88432410457582;2017-03-13;30.572634764167947;2017-03-13;45.88432410457582;2017-03-13;29.979681226477567;2017-03-06;22.948279980888678;2017-03-06;25.023406551495793;2017-02-27;28.08939782566785;2017-02-27;29.263930939388604;2017-02-20;44.120564789901174;2017-02-20;33.99994090577614;2017-02-13;45.693024366937415;2017-02-13
2017-03-13;2017;11;Industrial;338533;1.1815687096974299;3.5742453468347253;47.42758480867605;48.32556725559207;2017-03-13;47.42758480867605;2017-03-13;48.32556725559207;2017-03-13;37.58219903852271;2017-03-06;13.631434136555047;2017-03-06;35.45449115659859;2017-02-27;23.190908937480604;2017-02-27;46.239765511708185;2017-02-20;53.877859754485314;2017-02-20;45.59777632951781;2017-02-13;37.66527149032442;2017-02-13
2017-03-20;2017;12;Agricultural;60562;1.8163204649780391;3.96288101449754;22.381222076931458;37.06474170375772;2017-03-20;22.381222076931458;2017-03-20;37.06474170375772;2017-03-20;30.572634764167947;2017-03-13;45.88432410457582;2017-03-13;29.979681226477567;2017-03-06;22.948279980888678;2017-03-06;25.023406551495793;2017-02-27;28.08939782566785;2017-02-27;29.263930939388604;2017-02-20;44.120564789901174;2017-02-20
2017-03-20;2017;12;Industrial;338533;1.506500104864223;3.5151669113498536;32.110167737066384;34.51610143416685;2017-03-20;32.110167737066384;2017-03-20;34.51610143416685;2017-03-20;47.42758480867605;2017-03-13;48.32556725559207;2017-03-13;37.58219903852271;2017-03-06;13.631434136555047;2017-03-06;35.45449115659859;2017-02-27;23.190908937480604;2017-02-27;46.239765511708185;2017-02-20;53.877859754485314;2017-02-20
2017-03-27;2017;13;Agricultural;60562;1.6512004227073083;2.4768006340609623;21.9770039647614;32.88211540557079;2017-03-27;21.9770039647614;2017-03-27;32.88211540557079;2017-03-27;22.381222076931458;2017-03-20;37.06474170375772;2017-03-20;30.572634764167947;2017-03-13;45.88432410457582;2017-03-13;29.979681226477567;2017-03-06;22.948279980888678;2017-03-06;25.023406551495793;2017-02-27;28.08939782566785;2017-02-27
2017-03-27;2017;13;Industrial;338533;1.6837354113188374;3.9877943952288253;35.84463794005502;17.996751800984846;2017-03-27;35.84463794005502;2017-03-27;17.996751800984846;2017-03-27;32.110167737066384;2017-03-20;34.51610143416685;2017-03-20;47.42758480867605;2017-03-13;48.32556725559207;2017-03-13;37.58219903852271;2017-03-06;13.631434136555047;2017-03-06;35.45449115659859;2017-02-27;23.190908937480604;2017-02-27
2017-04-03;2017;14;Agricultural;60562;1.1558402958951157;2.8070407186024244;19.418094777076472;19.877174122597463;2017-04-03;19.418094777076472;2017-04-03;19.877174122597463;2017-04-03;21.9770039647614;2017-03-27;32.88211540557079;2017-03-27;22.381222076931458;2017-03-20;37.06474170375772;2017-03-20;30.572634764167947;2017-03-13;45.88432410457582;2017-03-13;29.979681226477567;2017-03-06;22.948279980888678;2017-03-06
2017-04-03;2017;14;Industrial;338533;1.2997255806671728;3.662863000062032;30.87741458764187;18.710161202586615;2017-04-03;30.87741458764187;2017-04-03;18.710161202586615;2017-04-03;35.84463794005502;2017-03-27;17.996751800984846;2017-03-27;32.110167737066384;2017-03-20;34.51610143416685;2017-03-20;47.42758480867605;2017-03-13;48.32556725559207;2017-03-13;37.58219903852271;2017-03-06;13.631434136555047;2017-03-06
2017-04-10;2017;15;Agricultural;60562;1.1558402958951157;2.4768006340609623;16.59680262529233;23.42590380633859;2017-04-10;16.59680262529233;2017-04-10;23.42590380633859;2017-04-10;19.418094777076472;2017-04-03;19.877174122597463;2017-04-03;21.9770039647614;2017-03-27;32.88211540557079;2017-03-27;22.381222076931458;2017-03-20;37.06474170375772;2017-03-20;30.572634764167947;2017-03-13;45.88432410457582;2017-03-13
2017-04-10;2017;15;Industrial;338533;1.0338726209852511;4.046872830713697;30.076793552415833;23.219435187264775;2017-04-10;30.076793552415833;2017-04-10;23.219435187264775;2017-04-10;30.87741458764187;2017-04-03;18.710161202586615;2017-04-03;35.84463794005502;2017-03-27;17.996751800984846;2017-03-27;32.110167737066384;2017-03-20;34.51610143416685;2017-03-20;47.42758480867605;2017-03-13;48.32556725559207;2017-03-13
2017-04-17;2017;16;Agricultural;60562;0.990720253624385;3.6326409299560782;15.760297273283543;16.16119940319025;2017-04-17;15.760297273283543;2017-04-17;16.16119940319025;2017-04-17;16.59680262529233;2017-04-10;23.42590380633859;2017-04-10;19.418094777076472;2017-04-03;19.877174122597463;2017-04-03;21.9770039647614;2017-03-27;32.88211540557079;2017-03-27;22.381222076931458;2017-03-20;37.06474170375772;2017-03-20
2017-04-17;2017;16;Industrial;338533;1.0929510564701226;3.2788531694103678;26.243177678563317;10.770779537471347;2017-04-17;26.243177678563317;2017-04-17;10.770779537471347;2017-04-17;30.076793552415833;2017-04-10;23.219435187264775;2017-04-10;30.87741458764187;2017-04-03;18.710161202586615;2017-04-03;35.84463794005502;2017-03-27;17.996751800984846;2017-03-27;32.110167737066384;2017-03-20;34.51610143416685;2017-03-20
2017-04-24;2017;17;Agricultural;60562;1.3209603381658466;3.1372808031438852;14.475904225446559;16.26384523180862;2017-04-24;14.475904225446559;2017-04-24;16.26384523180862;2017-04-24;15.760297273283543;2017-04-17;16.16119940319025;2017-04-17;16.59680262529233;2017-04-10;23.42590380633859;2017-04-10;19.418094777076472;2017-04-03;19.877174122597463;2017-04-03;21.9770039647614;2017-03-27;32.88211540557079;2017-03-27
2017-04-24;2017;17;Industrial;338533;1.3588040161520443;4.105951266198568;23.175899324005908;11.496930741871171;2017-04-24;23.175899324005908;2017-04-24;11.496930741871171;2017-04-24;26.243177678563317;2017-04-17;10.770779537471347;2017-04-17;30.076793552415833;2017-04-10;23.219435187264775;2017-04-10;30.87741458764187;2017-04-03;18.710161202586615;2017-04-03;35.84463794005502;2017-03-27;17.996751800984846;2017-03-27
2017-05-01;2017;18;Agricultural;60562;0.8256002113536541;2.972160760873155;14.33627211842315;14.29382821602501;2017-05-01;14.33627211842315;2017-05-01;14.29382821602501;2017-05-01;14.475904225446559;2017-04-24;16.26384523180862;2017-04-24;15.760297273283543;2017-04-17;16.16119940319025;2017-04-17;16.59680262529233;2017-04-10;23.42590380633859;2017-04-10;19.418094777076472;2017-04-03;19.877174122597463;2017-04-03
2017-05-01;2017;18;Industrial;338533;1.1815687096974299;3.6333237823195965;23.90510810236544;10.925458462995154;2017-05-01;23.90510810236544;2017-05-01;10.925458462995154;2017-05-01;23.175899324005908;2017-04-24;11.496930741871171;2017-04-24;26.243177678563317;2017-04-17;10.770779537471347;2017-04-17;30.076793552415833;2017-04-10;23.219435187264775;2017-04-10;30.87741458764187;2017-04-03;18.710161202586615;2017-04-03
2017-05-08;2017;19;Agricultural;60562;1.3209603381658466;3.3024008454146165;13.149918693053705;12.553968533373567;2017-05-08;13.149918693053705;2017-05-08;12.553968533373567;2017-05-08;14.33627211842315;2017-05-01;14.29382821602501;2017-05-01;14.475904225446559;2017-04-24;16.26384523180862;2017-04-24;15.760297273283543;2017-04-17;16.16119940319025;2017-04-17;16.59680262529233;2017-04-10;23.42590380633859;2017-04-10
2017-05-08;2017;19;Industrial;338533;1.063411838727687;3.928715959743954;26.36137715675698;9.862974555774382;2017-05-08;26.36137715675698;2017-05-08;9.862974555774382;2017-05-08;23.90510810236544;2017-05-01;10.925458462995154;2017-05-01;23.175899324005908;2017-04-24;11.496930741871171;2017-04-24;26.243177678563317;2017-04-17;10.770779537471347;2017-04-17;30.076793552415833;2017-04-10;23.219435187264775;2017-04-10
2017-05-15;2017;20;Agricultural;60562;0.6604801690829233;3.96288101449754;15.42061445419569;11.28096579240744;2017-05-15;15.42061445419569;2017-05-15;11.28096579240744;2017-05-15;13.149918693053705;2017-05-08;12.553968533373567;2017-05-08;14.33627211842315;2017-05-01;14.29382821602501;2017-05-01;14.475904225446559;2017-04-24;16.26384523180862;2017-04-24;15.760297273283543;2017-04-17;16.16119940319025;2017-04-17
2017-05-15;2017;20;Industrial;338533;1.5951177580915301;3.721941435546904;24.47359801871111;11.907917495918115;2017-05-15;24.47359801871111;2017-05-15;11.907917495918115;2017-05-15;26.36137715675698;2017-05-08;9.862974555774382;2017-05-08;23.90510810236544;2017-05-01;10.925458462995154;2017-05-01;23.175899324005908;2017-04-24;11.496930741871171;2017-04-24;26.243177678563317;2017-04-17;10.770779537471347;2017-04-17
2017-05-22;2017;21;Agricultural;60562;1.4860803804365774;3.7977609722268086;18.111376057199855;12.157831870646516;2017-05-22;18.111376057199855;2017-05-22;12.157831870646516;2017-05-22;15.42061445419569;2017-05-15;11.28096579240744;2017-05-15;13.149918693053705;2017-05-08;12.553968533373567;2017-05-08;14.33627211842315;2017-05-01;14.29382821602501;2017-05-01;14.475904225446559;2017-04-24;16.26384523180862;2017-04-24
2017-05-22;2017;21;Industrial;338533;1.063411838727687;3.928715959743954;29.73430601877516;12.168831483556263;2017-05-22;29.73430601877516;2017-05-22;12.168831483556263;2017-05-22;24.47359801871111;2017-05-15;11.907917495918115;2017-05-15;26.36137715675698;2017-05-08;9.862974555774382;2017-05-08;23.90510810236544;2017-05-01;10.925458462995154;2017-05-01;23.175899324005908;2017-04-24;11.496930741871171;2017-04-24
2017-05-29;2017;22;Agricultural;60562;0.33024008454146164;2.972160760873155;18.045580296896087;11.930105363743808;2017-05-29;18.045580296896087;2017-05-29;11.930105363743808;2017-05-29;18.111376057199855;2017-05-22;12.157831870646516;2017-05-22;15.42061445419569;2017-05-15;11.28096579240744;2017-05-15;13.149918693053705;2017-05-08;12.553968533373567;2017-05-08;14.33627211842315;2017-05-01;14.29382821602501;2017-05-01
2017-05-29;2017;22;Industrial;338533;1.5655785403490945;4.1354904839410045;30.3397570298669;13.096244232023365;2017-05-29;30.3397570298669;2017-05-29;13.096244232023365;2017-05-29;29.73430601877516;2017-05-22;12.168831483556263;2017-05-22;24.47359801871111;2017-05-15;11.907917495918115;2017-05-15;26.36137715675698;2017-05-08;9.862974555774382;2017-05-08;23.90510810236544;2017-05-01;10.925458462995154;2017-05-01
2017-06-05;2017;23;Agricultural;60562;1.3209603381658466;2.972160760873155;22.574132027392896;11.633804410692282;2017-06-05;22.574132027392896;2017-06-05;11.633804410692282;2017-06-05;18.045580296896087;2017-05-29;11.930105363743808;2017-05-29;18.111376057199855;2017-05-22;12.157831870646516;2017-05-22;15.42061445419569;2017-05-15;11.28096579240744;2017-05-15;13.149918693053705;2017-05-08;12.553968533373567;2017-05-08
2017-06-05;2017;23;Industrial;338533;1.2997255806671728;3.7514806532893394;24.30241165578091;12.574001685116835;2017-06-05;24.30241165578091;2017-06-05;12.574001685116835;2017-06-05;30.3397570298669;2017-05-29;13.096244232023365;2017-05-29;29.73430601877516;2017-05-22;12.168831483556263;2017-05-22;24.47359801871111;2017-05-15;11.907917495918115;2017-05-15;26.36137715675698;2017-05-08;9.862974555774382;2017-05-08
2017-06-12;2017;24;Agricultural;60562;1.98144050724877;4.12800105676827;19.24210421538797;12.361673414304992;2017-06-12;19.24210421538797;2017-06-12;12.361673414304992;2017-06-12;22.574132027392896;2017-06-05;11.633804410692282;2017-06-05;18.045580296896087;2017-05-29;11.930105363743808;2017-05-29;18.111376057199855;2017-05-22;12.157831870646516;2017-05-22;15.42061445419569;2017-05-15;11.28096579240744;2017-05-15
2017-06-12;2017;24;Industrial;338533;1.4178824516369157;4.046872830713697;28.084349315112952;16.69182138453942;2017-06-12;28.084349315112952;2017-06-12;16.69182138453942;2017-06-12;24.30241165578091;2017-06-05;12.574001685116835;2017-06-05;30.3397570298669;2017-05-29;13.096244232023365;2017-05-29;29.73430601877516;2017-05-22;12.168831483556263;2017-05-22;24.47359801871111;2017-05-15;11.907917495918115;2017-05-15
2017-06-19;2017;25;Agricultural;60562;1.4860803804365774;3.467520887685347;20.494373894602727;13.078677043780019;2017-06-19;20.494373894602727;2017-06-19;13.078677043780019;2017-06-19;19.24210421538797;2017-06-12;12.361673414304992;2017-06-12;22.574132027392896;2017-06-05;11.633804410692282;2017-06-05;18.045580296896087;2017-05-29;11.930105363743808;2017-05-29;18.111376057199855;2017-05-22;12.157831870646516;2017-05-22
2017-06-19;2017;25;Industrial;338533;1.860970717773452;4.667196403304848;35.46190506482766;14.924097473666263;2017-06-19;35.46190506482766;2017-06-19;14.924097473666263;2017-06-19;28.084349315112952;2017-06-12;16.69182138453942;2017-06-12;24.30241165578091;2017-06-05;12.574001685116835;2017-06-05;30.3397570298669;2017-05-29;13.096244232023365;2017-05-29;29.73430601877516;2017-05-22;12.168831483556263;2017-05-22
2017-06-26;2017;26;Agricultural;60562;1.1558402958951157;4.458241141309732;14.769633112882541;11.158240500917847;2017-06-26;14.769633112882541;2017-06-26;11.158240500917847;2017-06-26;20.494373894602727;2017-06-19;13.078677043780019;2017-06-19;19.24210421538797;2017-06-12;12.361673414304992;2017-06-12;22.574132027392896;2017-06-05;11.633804410692282;2017-06-05;18.045580296896087;2017-05-29;11.930105363743808;2017-05-29
2017-06-26;2017;26;Industrial;338533;0.9747941855003797;3.7810198710317753;20.988200071057058;8.203646412808618;2017-06-26;20.988200071057058;2017-06-26;8.203646412808618;2017-06-26;35.46190506482766;2017-06-19;14.924097473666263;2017-06-19;28.084349315112952;2017-06-12;16.69182138453942;2017-06-12;24.30241165578091;2017-06-05;12.574001685116835;2017-06-05;30.3397570298669;2017-05-29;13.096244232023365;2017-05-29
2017-07-03;2017;27;Agricultural;60562;0.990720253624385;2.641920676331693;20.30129944426283;14.482114567354841;2017-07-03;20.30129944426283;2017-07-03;14.482114567354841;2017-07-03;14.769633112882541;2017-06-26;11.158240500917847;2017-06-26;20.494373894602727;2017-06-19;13.078677043780019;2017-06-19;19.24210421538797;2017-06-12;12.361673414304992;2017-06-12;22.574132027392896;2017-06-05;11.633804410692282;2017-06-05
2017-07-03;2017;27;Industrial;338533;1.3292647984096086;4.1354904839410045;31.462545054372498;13.462835903634167;2017-07-03;31.462545054372498;2017-07-03;13.462835903634167;2017-07-03;20.988200071057058;2017-06-26;8.203646412808618;2017-06-26;35.46190506482766;2017-06-19;14.924097473666263;2017-06-19;28.084349315112952;2017-06-12;16.69182138453942;2017-06-12;24.30241165578091;2017-06-05;12.574001685116835;2017-06-05
2017-07-10;2017;28;Agricultural;60562;0.990720253624385;3.7977609722268086;15.922412427389544;13.662542644236009;2017-07-10;15.922412427389544;2017-07-10;13.662542644236009;2017-07-10;20.30129944426283;2017-07-03;14.482114567354841;2017-07-03;14.769633112882541;2017-06-26;11.158240500917847;2017-06-26;20.494373894602727;2017-06-19;13.078677043780019;2017-06-19;19.24210421538797;2017-06-12;12.361673414304992;2017-06-12
2017-07-10;2017;28;Industrial;338533;1.0929510564701226;3.692402217804468;22.1704022686329;12.093208079040375;2017-07-10;22.1704022686329;2017-07-10;12.093208079040375;2017-07-10;31.462545054372498;2017-07-03;13.462835903634167;2017-07-03;20.988200071057058;2017-06-26;8.203646412808618;2017-06-26;35.46190506482766;2017-06-19;14.924097473666263;2017-06-19;28.084349315112952;2017-06-12;16.69182138453942;2017-06-12
2017-07-17;2017;29;Agricultural;60562;1.1558402958951157;2.972160760873155;18.461099236385277;13.034117484346316;2017-07-17;18.461099236385277;2017-07-17;13.034117484346316;2017-07-17;15.922412427389544;2017-07-10;13.662542644236009;2017-07-10;20.30129944426283;2017-07-03;14.482114567354841;2017-07-03;14.769633112882541;2017-06-26;11.158240500917847;2017-06-26;20.494373894602727;2017-06-19;13.078677043780019;2017-06-19
2017-07-17;2017;29;Industrial;338533;1.152029491954994;3.544706129092289;30.25408865860978;13.269145701156171;2017-07-17;30.25408865860978;2017-07-17;13.269145701156171;2017-07-17;22.1704022686329;2017-07-10;12.093208079040375;2017-07-10;31.462545054372498;2017-07-03;13.462835903634167;2017-07-03;20.988200071057058;2017-06-26;8.203646412808618;2017-06-26;35.46190506482766;2017-06-19;14.924097473666263;2017-06-19
2017-07-24;2017;30;Agricultural;60562;0.6604801690829233;3.467520887685347;15.220031475008591;10.5599387264147;2017-07-24;15.220031475008591;2017-07-24;10.5599387264147;2017-07-24;18.461099236385277;2017-07-17;13.034117484346316;2017-07-17;15.922412427389544;2017-07-10;13.662542644236009;2017-07-10;20.30129944426283;2017-07-03;14.482114567354841;2017-07-03;14.769633112882541;2017-06-26;11.158240500917847;2017-06-26
2017-07-24;2017;30;Industrial;338533;0.7089412258184579;3.249313951667932;32.31775552304183;9.170473325691022;2017-07-24;32.31775552304183;2017-07-24;9.170473325691022;2017-07-24;30.25408865860978;2017-07-17;13.269145701156171;2017-07-17;22.1704022686329;2017-07-10;12.093208079040375;2017-07-10;31.462545054372498;2017-07-03;13.462835903634167;2017-07-03;20.988200071057058;2017-06-26;8.203646412808618;2017-06-26
2017-07-31;2017;31;Agricultural;60562;1.1558402958951157;2.3116805917902314;16.25504375487213;26.358787855927442;2017-07-31;16.25504375487213;2017-07-31;26.358787855927442;2017-07-31;15.220031475008591;2017-07-24;10.5599387264147;2017-07-24;18.461099236385277;2017-07-17;13.034117484346316;2017-07-17;15.922412427389544;2017-07-10;13.662542644236009;2017-07-10;20.30129944426283;2017-07-03;14.482114567354841;2017-07-03
2017-07-31;2017;31;Industrial;338533;1.2111079274398655;3.5742453468347253;27.662246329115344;20.053520851265286;2017-07-31;27.662246329115344;2017-07-31;20.053520851265286;2017-07-31;32.31775552304183;2017-07-24;9.170473325691022;2017-07-24;30.25408865860978;2017-07-17;13.269145701156171;2017-07-17;22.1704022686329;2017-07-10;12.093208079040375;2017-07-10;31.462545054372498;2017-07-03;13.462835903634167;2017-07-03
2017-08-07;2017;32;Agricultural;60562;1.3209603381658466;3.3024008454146165;11.783238614931978;9.90406828107057;2017-08-07;11.783238614931978;2017-08-07;9.90406828107057;2017-08-07;16.25504375487213;2017-07-31;26.358787855927442;2017-07-31;15.220031475008591;2017-07-24;10.5599387264147;2017-07-24;18.461099236385277;2017-07-17;13.034117484346316;2017-07-17;15.922412427389544;2017-07-10;13.662542644236009;2017-07-10
2017-08-07;2017;32;Industrial;338533;1.4178824516369157;3.662863000062032;18.738026950617943;8.722340001531924;2017-08-07;18.738026950617943;2017-08-07;8.722340001531924;2017-08-07;27.662246329115344;2017-07-31;20.053520851265286;2017-07-31;32.31775552304183;2017-07-24;9.170473325691022;2017-07-24;30.25408865860978;2017-07-17;13.269145701156171;2017-07-17;22.1704022686329;2017-07-10;12.093208079040375;2017-07-10
2017-08-14;2017;33;Agricultural;60562;0.6604801690829233;2.3116805917902314;16.01913185974971;8.908682659826825;2017-08-14;16.01913185974971;2017-08-14;8.908682659826825;2017-08-14;11.783238614931978;2017-08-07;9.90406828107057;2017-08-07;16.25504375487213;2017-07-31;26.358787855927442;2017-07-31;15.220031475008591;2017-07-24;10.5599387264147;2017-07-24;18.461099236385277;2017-07-17;13.034117484346316;2017-07-17
2017-08-14;2017;33;Industrial;338533;0.915715750015508;2.9539217742435744;15.282113224791729;7.769832687025683;2017-08-14;15.282113224791729;2017-08-14;7.769832687025683;2017-08-14;18.738026950617943;2017-08-07;8.722340001531924;2017-08-07;27.662246329115344;2017-07-31;20.053520851265286;2017-07-31;32.31775552304183;2017-07-24;9.170473325691022;2017-07-24;30.25408865860978;2017-07-17;13.269145701156171;2017-07-17
2017-08-21;2017;34;Agricultural;60562;1.1558402958951157;2.3116805917902314;17.305068691796382;12.901995792155974;2017-08-21;17.305068691796382;2017-08-21;12.901995792155974;2017-08-21;16.01913185974971;2017-08-14;8.908682659826825;2017-08-14;11.783238614931978;2017-08-07;9.90406828107057;2017-08-07;16.25504375487213;2017-07-31;26.358787855927442;2017-07-31;15.220031475008591;2017-07-24;10.5599387264147;2017-07-24
2017-08-21;2017;34;Industrial;338533;1.4178824516369157;3.2788531694103678;22.414004125809942;14.169469352640773;2017-08-21;22.414004125809942;2017-08-21;14.169469352640773;2017-08-21;15.282113224791729;2017-08-14;7.769832687025683;2017-08-14;18.738026950617943;2017-08-07;8.722340001531924;2017-08-07;27.662246329115344;2017-07-31;20.053520851265286;2017-07-31;32.31775552304183;2017-07-24;9.170473325691022;2017-07-24
2017-08-28;2017;35;Agricultural;60562;0.6604801690829233;3.1372808031438852;15.378032246167257;16.13991919598327;2017-08-28;15.378032246167257;2017-08-28;16.13991919598327;2017-08-28;17.305068691796382;2017-08-21;12.901995792155974;2017-08-21;16.01913185974971;2017-08-14;8.908682659826825;2017-08-14;11.783238614931978;2017-08-07;9.90406828107057;2017-08-07;16.25504375487213;2017-07-31;26.358787855927442;2017-07-31
2017-08-28;2017;35;Industrial;338533;1.0338726209852511;3.101617862955753;21.953412015393674;10.829787620752642;2017-08-28;21.953412015393674;2017-08-28;10.829787620752642;2017-08-28;22.414004125809942;2017-08-21;14.169469352640773;2017-08-21;15.282113224791729;2017-08-14;7.769832687025683;2017-08-14;18.738026950617943;2017-08-07;8.722340001531924;2017-08-07;27.662246329115344;2017-07-31;20.053520851265286;2017-07-31
2017-09-04;2017;36;Agricultural;60562;0.8256002113536541;2.3116805917902314;17.265885868517447;15.500310139898241;2017-09-04;17.265885868517447;2017-09-04;15.500310139898241;2017-09-04;15.378032246167257;2017-08-28;16.13991919598327;2017-08-28;17.305068691796382;2017-08-21;12.901995792155974;2017-08-21;16.01913185974971;2017-08-14;8.908682659826825;2017-08-14;11.783238614931978;2017-08-07;9.90406828107057;2017-08-07
2017-09-04;2017;36;Industrial;338533;0.9747941855003797;2.894843338758703;24.00618650790045;9.762401555465832;2017-09-04;24.00618650790045;2017-09-04;9.762401555465832;2017-09-04;21.953412015393674;2017-08-28;10.829787620752642;2017-08-28;22.414004125809942;2017-08-21;14.169469352640773;2017-08-21;15.282113224791729;2017-08-14;7.769832687025683;2017-08-14;18.738026950617943;2017-08-07;8.722340001531924;2017-08-07
2017-09-11;2017;37;Agricultural;60562;1.4860803804365774;2.972160760873155;15.257019429845515;15.535921744159731;2017-09-11;15.257019429845515;2017-09-11;15.535921744159731;2017-09-11;17.265885868517447;2017-09-04;15.500310139898241;2017-09-04;15.378032246167257;2017-08-28;16.13991919598327;2017-08-28;17.305068691796382;2017-08-21;12.901995792155974;2017-08-21;16.01913185974971;2017-08-14;8.908682659826825;2017-08-14
2017-09-11;2017;37;Industrial;338533;0.7680196613033293;2.865304121016267;27.034446315353993;12.95029684280768;2017-09-11;27.034446315353993;2017-09-11;12.95029684280768;2017-09-11;24.00618650790045;2017-09-04;9.762401555465832;2017-09-04;21.953412015393674;2017-08-28;10.829787620752642;2017-08-28;22.414004125809942;2017-08-21;14.169469352640773;2017-08-21;15.282113224791729;2017-08-14;7.769832687025683;2017-08-14
2017-09-18;2017;38;Agricultural;60562;1.1558402958951157;2.4768006340609623;19.440478076462057;15.529050468981819;2017-09-18;19.440478076462057;2017-09-18;15.529050468981819;2017-09-18;15.257019429845515;2017-09-11;15.535921744159731;2017-09-11;17.265885868517447;2017-09-04;15.500310139898241;2017-09-04;15.378032246167257;2017-08-28;16.13991919598327;2017-08-28;17.305068691796382;2017-08-21;12.901995792155974;2017-08-21
2017-09-18;2017;38;Industrial;338533;1.1815687096974299;3.5151669113498536;25.941844904339113;11.181242667642945;2017-09-18;25.941844904339113;2017-09-18;11.181242667642945;2017-09-18;27.034446315353993;2017-09-11;12.95029684280768;2017-09-11;24.00618650790045;2017-09-04;9.762401555465832;2017-09-04;21.953412015393674;2017-08-28;10.829787620752642;2017-08-28;22.414004125809942;2017-08-21;14.169469352640773;2017-08-21
2017-09-25;2017;39;Agricultural;60562;1.1558402958951157;1.6512004227073083;19.415516005733398;19.42952070812483;2017-09-25;19.415516005733398;2017-09-25;19.42952070812483;2017-09-25;19.440478076462057;2017-09-18;15.529050468981819;2017-09-18;15.257019429845515;2017-09-11;15.535921744159731;2017-09-11;17.265885868517447;2017-09-04;15.500310139898241;2017-09-04;15.378032246167257;2017-08-28;16.13991919598327;2017-08-28
2017-09-25;2017;39;Industrial;338533;1.4474216693793516;3.5151669113498536;22.07065239640145;17.647964206629773;2017-09-25;22.07065239640145;2017-09-25;17.647964206629773;2017-09-25;25.941844904339113;2017-09-18;11.181242667642945;2017-09-18;27.034446315353993;2017-09-11;12.95029684280768;2017-09-11;24.00618650790045;2017-09-04;9.762401555465832;2017-09-04;21.953412015393674;2017-08-28;10.829787620752642;2017-08-28
2017-10-02;2017;40;Agricultural;60562;0.990720253624385;4.293121099039001;21.664343551185656;26.93220299913664;2017-10-02;21.664343551185656;2017-10-02;26.93220299913664;2017-10-02;19.415516005733398;2017-09-25;19.42952070812483;2017-09-25;19.440478076462057;2017-09-18;15.529050468981819;2017-09-18;15.257019429845515;2017-09-11;15.535921744159731;2017-09-11;17.265885868517447;2017-09-04;15.500310139898241;2017-09-04
2017-10-02;2017;40;Industrial;338533;1.270186362924737;3.7810198710317753;31.012272358847664;24.714899349537976;2017-10-02;31.012272358847664;2017-10-02;24.714899349537976;2017-10-02;22.07065239640145;2017-09-25;17.647964206629773;2017-09-25;25.941844904339113;2017-09-18;11.181242667642945;2017-09-18;27.034446315353993;2017-09-11;12.95029684280768;2017-09-11;24.00618650790045;2017-09-04;9.762401555465832;2017-09-04
2017-10-09;2017;41;Agricultural;60562;1.1558402958951157;2.3116805917902314;28.266572157819297;43.26195505486123;2017-10-09;28.266572157819297;2017-10-09;43.26195505486123;2017-10-09;21.664343551185656;2017-10-02;26.93220299913664;2017-10-02;19.415516005733398;2017-09-25;19.42952070812483;2017-09-25;19.440478076462057;2017-09-18;15.529050468981819;2017-09-18;15.257019429845515;2017-09-11;15.535921744159731;2017-09-11
2017-10-09;2017;41;Industrial;338533;1.3292647984096086;3.721941435546904;31.47358862810112;36.801780234626776;2017-10-09;31.47358862810112;2017-10-09;36.801780234626776;2017-10-09;31.012272358847664;2017-10-02;24.714899349537976;2017-10-02;22.07065239640145;2017-09-25;17.647964206629773;2017-09-25;25.941844904339113;2017-09-18;11.181242667642945;2017-09-18;27.034446315353993;2017-09-11;12.95029684280768;2017-09-11
2017-10-16;2017;42;Agricultural;60562;0.990720253624385;3.1372808031438852;20.694988516441608;49.865709424061826;2017-10-16;20.694988516441608;2017-10-16;49.865709424061826;2017-10-16;28.266572157819297;2017-10-09;43.26195505486123;2017-10-09;21.664343551185656;2017-10-02;26.93220299913664;2017-10-02;19.415516005733398;2017-09-25;19.42952070812483;2017-09-25;19.440478076462057;2017-09-18;15.529050468981819;2017-09-18
2017-10-16;2017;42;Industrial;338533;1.152029491954994;3.4856276936074178;33.885811870163785;50.97413644253401;2017-10-16;33.885811870163785;2017-10-16;50.97413644253401;2017-10-16;31.47358862810112;2017-10-09;36.801780234626776;2017-10-09;31.012272358847664;2017-10-02;24.714899349537976;2017-10-02;22.07065239640145;2017-09-25;17.647964206629773;2017-09-25;25.941844904339113;2017-09-18;11.181242667642945;2017-09-18
2017-10-23;2017;43;Agricultural;60562;1.6512004227073083;4.458241141309732;33.634412955465585;24.17120770152807;2017-10-23;33.634412955465585;2017-10-23;24.17120770152807;2017-10-23;20.694988516441608;2017-10-16;49.865709424061826;2017-10-16;28.266572157819297;2017-10-09;43.26195505486123;2017-10-09;21.664343551185656;2017-10-02;26.93220299913664;2017-10-02;19.415516005733398;2017-09-25;19.42952070812483;2017-09-25
2017-10-23;2017;43;Industrial;338533;1.4178824516369157;3.8991767420015186;31.549868120350407;20.279558892323458;2017-10-23;31.549868120350407;2017-10-23;20.279558892323458;2017-10-23;33.885811870163785;2017-10-16;50.97413644253401;2017-10-16;31.47358862810112;2017-10-09;36.801780234626776;2017-10-09;31.012272358847664;2017-10-02;24.714899349537976;2017-10-02;22.07065239640145;2017-09-25;17.647964206629773;2017-09-25
2017-10-30;2017;44;Agricultural;60562;1.1558402958951157;3.467520887685347;32.083667152831914;32.81173669960855;2017-10-30;32.083667152831914;2017-10-30;32.81173669960855;2017-10-30;33.634412955465585;2017-10-23;24.17120770152807;2017-10-23;20.694988516441608;2017-10-16;49.865709424061826;2017-10-16;28.266572157819297;2017-10-09;43.26195505486123;2017-10-09;21.664343551185656;2017-10-02;26.93220299913664;2017-10-02
2017-10-30;2017;44;Industrial;338533;1.0929510564701226;3.8696375242590824;29.587405028260545;30.680734839033256;2017-10-30;29.587405028260545;2017-10-30;30.680734839033256;2017-10-30;31.549868120350407;2017-10-23;20.279558892323458;2017-10-23;33.885811870163785;2017-10-16;50.97413644253401;2017-10-16;31.47358862810112;2017-10-09;36.801780234626776;2017-10-09;31.012272358847664;2017-10-02;24.714899349537976;2017-10-02
2017-11-06;2017;45;Agricultural;60562;1.6512004227073083;4.12800105676827;30.33397792139211;16.400046940092707;2017-11-06;30.33397792139211;2017-11-06;16.400046940092707;2017-11-06;32.083667152831914;2017-10-30;32.81173669960855;2017-10-30;33.634412955465585;2017-10-23;24.17120770152807;2017-10-23;20.694988516441608;2017-10-16;49.865709424061826;2017-10-16;28.266572157819297;2017-10-09;43.26195505486123;2017-10-09
2017-11-06;2017;45;Industrial;338533;1.506500104864223;3.3379316048952394;31.68402652912236;18.496640801378213;2017-11-06;31.68402652912236;2017-11-06;18.496640801378213;2017-11-06;29.587405028260545;2017-10-30;30.680734839033256;2017-10-30;31.549868120350407;2017-10-23;20.279558892323458;2017-10-23;33.885811870163785;2017-10-16;50.97413644253401;2017-10-16;31.47358862810112;2017-10-09;36.801780234626776;2017-10-09
2017-11-13;2017;46;Agricultural;60562;1.98144050724877;3.1372808031438852;38.139785081432684;24.478497665568604;2017-11-13;38.139785081432684;2017-11-13;24.478497665568604;2017-11-13;30.33397792139211;2017-11-06;16.400046940092707;2017-11-06;32.083667152831914;2017-10-30;32.81173669960855;2017-10-30;33.634412955465585;2017-10-23;24.17120770152807;2017-10-23;20.694988516441608;2017-10-16;49.865709424061826;2017-10-16
2017-11-13;2017;46;Industrial;338533;1.4474216693793516;4.194568919425875;42.00193732178938;20.923767720448897;2017-11-13;42.00193732178938;2017-11-13;20.923767720448897;2017-11-13;31.68402652912236;2017-11-06;18.496640801378213;2017-11-06;29.587405028260545;2017-10-30;30.680734839033256;2017-10-30;31.549868120350407;2017-10-23;20.279558892323458;2017-10-23;33.885811870163785;2017-10-16;50.97413644253401;2017-10-16
2017-11-20;2017;47;Agricultural;60562;1.6512004227073083;4.12800105676827;41.395772248346624;30.762935767512428;2017-11-20;41.395772248346624;2017-11-20;30.762935767512428;2017-11-20;38.139785081432684;2017-11-13;24.478497665568604;2017-11-13;30.33397792139211;2017-11-06;16.400046940092707;2017-11-06;32.083667152831914;2017-10-30;32.81173669960855;2017-10-30;33.634412955465585;2017-10-23;24.17120770152807;2017-10-23
2017-11-20;2017;47;Industrial;338533;1.0338726209852511;3.249313951667932;49.8122367870439;40.845719634467265;2017-11-20;49.8122367870439;2017-11-20;40.845719634467265;2017-11-20;42.00193732178938;2017-11-13;20.923767720448897;2017-11-13;31.68402652912236;2017-11-06;18.496640801378213;2017-11-06;29.587405028260545;2017-10-30;30.680734839033256;2017-10-30;31.549868120350407;2017-10-23;20.279558892323458;2017-10-23
2017-11-27;2017;48;Agricultural;60562;1.4860803804365774;4.623361183580463;35.35141448940076;19.87552283719332;2017-11-27;35.35141448940076;2017-11-27;19.87552283719332;2017-11-27;41.395772248346624;2017-11-20;30.762935767512428;2017-11-20;38.139785081432684;2017-11-13;24.478497665568604;2017-11-13;30.33397792139211;2017-11-06;16.400046940092707;2017-11-06;32.083667152831914;2017-10-30;32.81173669960855;2017-10-30
2017-11-27;2017;48;Industrial;338533;1.3292647984096086;4.37180422588049;43.232029553158426;21.220936386623098;2017-11-27;43.232029553158426;2017-11-27;21.220936386623098;2017-11-27;49.8122367870439;2017-11-20;40.845719634467265;2017-11-20;42.00193732178938;2017-11-13;20.923767720448897;2017-11-13;31.68402652912236;2017-11-06;18.496640801378213;2017-11-06;29.587405028260545;2017-10-30;30.680734839033256;2017-10-30
2017-12-04;2017;49;Agricultural;60562;1.3209603381658466;4.12800105676827;46.230501211222034;31.57949430432268;2017-12-04;46.230501211222034;2017-12-04;31.57949430432268;2017-12-04;35.35141448940076;2017-11-27;19.87552283719332;2017-11-27;41.395772248346624;2017-11-20;30.762935767512428;2017-11-20;38.139785081432684;2017-11-13;24.478497665568604;2017-11-13;30.33397792139211;2017-11-06;16.400046940092707;2017-11-06
2017-12-04;2017;49;Industrial;338533;1.0338726209852511;4.342265008138054;59.32416654008817;34.863488659215626;2017-12-04;59.32416654008817;2017-12-04;34.863488659215626;2017-12-04;43.232029553158426;2017-11-27;21.220936386623098;2017-11-27;49.8122367870439;2017-11-20;40.845719634467265;2017-11-20;42.00193732178938;2017-11-13;20.923767720448897;2017-11-13;31.68402652912236;2017-11-06;18.496640801378213;2017-11-06
2017-12-11;2017;50;Agricultural;60562;0.8256002113536541;5.448961394934117;41.98285617890881;25.17256142027309;2017-12-11;41.98285617890881;2017-12-11;25.17256142027309;2017-12-11;46.230501211222034;2017-12-04;31.57949430432268;2017-12-04;35.35141448940076;2017-11-27;19.87552283719332;2017-11-27;41.395772248346624;2017-11-20;30.762935767512428;2017-11-20;38.139785081432684;2017-11-13;24.478497665568604;2017-11-13
2017-12-11;2017;50;Industrial;338533;1.4474216693793516;3.8991767420015186;53.225069423438185;31.385654609902378;2017-12-11;53.225069423438185;2017-12-11;31.385654609902378;2017-12-11;59.32416654008817;2017-12-04;34.863488659215626;2017-12-04;43.232029553158426;2017-11-27;21.220936386623098;2017-11-27;49.8122367870439;2017-11-20;40.845719634467265;2017-11-20;42.00193732178938;2017-11-13;20.923767720448897;2017-11-13
2017-12-18;2017;51;Agricultural;60562;2.3116805917902314;4.458241141309732;56.197235982933925;39.70761980201339;2017-12-18;56.197235982933925;2017-12-18;39.70761980201339;2017-12-18;41.98285617890881;2017-12-11;25.17256142027309;2017-12-11;46.230501211222034;2017-12-04;31.57949430432268;2017-12-04;35.35141448940076;2017-11-27;19.87552283719332;2017-11-27;41.395772248346624;2017-11-20;30.762935767512428;2017-11-20
2017-12-18;2017;51;Industrial;338533;1.713274629061273;5.169363104926255;57.348405392200775;38.715911112034306;2017-12-18;57.348405392200775;2017-12-18;38.715911112034306;2017-12-18;53.225069423438185;2017-12-11;31.385654609902378;2017-12-11;59.32416654008817;2017-12-04;34.863488659215626;2017-12-04;43.232029553158426;2017-11-27;21.220936386623098;2017-11-27;49.8122367870439;2017-11-20;40.845719634467265;2017-11-20
2017-12-25;2017;52;Agricultural;60562;2.3116805917902314;5.448961394934117;37.93540561269395;24.576998516357783;2017-12-25;37.93540561269395;2017-12-25;24.576998516357783;2017-12-25;56.197235982933925;2017-12-18;39.70761980201339;2017-12-18;41.98285617890881;2017-12-11;25.17256142027309;2017-12-11;46.230501211222034;2017-12-04;31.57949430432268;2017-12-04;35.35141448940076;2017-11-27;19.87552283719332;2017-11-27
2017-12-25;2017;52;Industrial;338533;1.8905099355158876;3.5742453468347253;37.516788982607466;27.29216048509208;2017-12-25;37.516788982607466;2017-12-25;27.29216048509208;2017-12-25;57.348405392200775;2017-12-18;38.715911112034306;2017-12-18;53.225069423438185;2017-12-11;31.385654609902378;2017-12-11;59.32416654008817;2017-12-04;34.863488659215626;2017-12-04;43.232029553158426;2017-11-27;21.220936386623098;2017-11-27
2018-01-01;2018;1;Agricultural;60224;2.98884165781084;4.649309245483528;40.00009991930407;24.439342856297877;2018-01-01;40.00009991930407;2018-01-01;24.439342856297877;2018-01-01;37.93540561269395;2017-12-25;24.576998516357783;2017-12-25;56.197235982933925;2017-12-18;39.70761980201339;2017-12-18;41.98285617890881;2017-12-11;25.17256142027309;2017-12-11;46.230501211222034;2017-12-04;31.57949430432268;2017-12-04
2018-01-01;2018;1;Industrial;338804;1.918513358756095;4.89958796236172;44.46479112919831;31.947252833766772;2018-01-01;44.46479112919831;2018-01-01;31.947252833766772;2018-01-01;37.516788982607466;2017-12-25;27.29216048509208;2017-12-25;57.348405392200775;2017-12-18;38.715911112034306;2017-12-18;53.225069423438185;2017-12-11;31.385654609902378;2017-12-11;59.32416654008817;2017-12-04;34.863488659215626;2017-12-04
2018-01-08;2018;2;Agricultural;60224;2.98884165781084;4.483262486716259;32.930693604742046;26.548749213109073;2018-01-08;32.930693604742046;2018-01-08;26.548749213109073;2018-01-08;40.00009991930407;2018-01-01;24.439342856297877;2018-01-01;37.93540561269395;2017-12-25;24.576998516357783;2017-12-25;56.197235982933925;2017-12-18;39.70761980201339;2017-12-18;41.98285617890881;2017-12-11;25.17256142027309;2017-12-11
2018-01-08;2018;2;Industrial;338804;1.9480289488908042;5.22425945384352;35.07886077471576;28.43510193947133;2018-01-08;35.07886077471576;2018-01-08;28.43510193947133;2018-01-08;44.46479112919831;2018-01-01;31.947252833766772;2018-01-01;37.516788982607466;2017-12-25;27.29216048509208;2017-12-25;57.348405392200775;2017-12-18;38.715911112034306;2017-12-18;53.225069423438185;2017-12-11;31.385654609902378;2017-12-11
2018-01-15;2018;3;Agricultural;60224;2.1586078639744954;5.313496280552603;41.19138159034353;27.846580562843542;2018-01-15;41.19138159034353;2018-01-15;27.846580562843542;2018-01-15;32.930693604742046;2018-01-08;26.548749213109073;2018-01-08;40.00009991930407;2018-01-01;24.439342856297877;2018-01-01;37.93540561269395;2017-12-25;24.576998516357783;2017-12-25;56.197235982933925;2017-12-18;39.70761980201339;2017-12-18
2018-01-15;2018;3;Industrial;338804;1.4462639166007487;4.1616982089939905;47.27038118942937;34.484125109656524;2018-01-15;47.27038118942937;2018-01-15;34.484125109656524;2018-01-15;35.07886077471576;2018-01-08;28.43510193947133;2018-01-08;44.46479112919831;2018-01-01;31.947252833766772;2018-01-01;37.516788982607466;2017-12-25;27.29216048509208;2017-12-25;57.348405392200775;2017-12-18;38.715911112034306;2017-12-18
2018-01-22;2018;4;Agricultural;60224;2.6567481402763016;3.6530286928799147;39.164191921112334;30.373537650354262;2018-01-22;39.164191921112334;2018-01-22;30.373537650354262;2018-01-22;41.19138159034353;2018-01-15;27.846580562843542;2018-01-15;32.930693604742046;2018-01-08;26.548749213109073;2018-01-08;40.00009991930407;2018-01-01;24.439342856297877;2018-01-01;37.93540561269395;2017-12-25;24.576998516357783;2017-12-25
2018-01-22;2018;4;Industrial;338804;1.8299665883519676;4.486369700475791;39.58913409846333;41.67359254664404;2018-01-22;39.58913409846333;2018-01-22;41.67359254664404;2018-01-22;47.27038118942937;2018-01-15;34.484125109656524;2018-01-15;35.07886077471576;2018-01-08;28.43510193947133;2018-01-08;44.46479112919831;2018-01-01;31.947252833766772;2018-01-01;37.516788982607466;2017-12-25;27.29216048509208;2017-12-25
2018-01-29;2018;5;Agricultural;60224;1.49442082890542;4.151168969181722;33.08320996573592;20.76682679104825;2018-01-29;33.08320996573592;2018-01-29;20.76682679104825;2018-01-29;39.164191921112334;2018-01-22;30.373537650354262;2018-01-22;41.19138159034353;2018-01-15;27.846580562843542;2018-01-15;32.930693604742046;2018-01-08;26.548749213109073;2018-01-08;40.00009991930407;2018-01-01;24.439342856297877;2018-01-01
2018-01-29;2018;5;Industrial;338804;1.8594821784866766;5.342321814382357;38.4553793120751;32.94268965171185;2018-01-29;38.4553793120751;2018-01-29;32.94268965171185;2018-01-29;39.58913409846333;2018-01-22;41.67359254664404;2018-01-22;47.27038118942937;2018-01-15;34.484125109656524;2018-01-15;35.07886077471576;2018-01-08;28.43510193947133;2018-01-08;44.46479112919831;2018-01-01;31.947252833766772;2018-01-01
2018-02-05;2018;6;Agricultural;60224;0.9962805526036131;2.8227948990435707;33.023195220773076;32.2858452581636;2018-02-05;33.023195220773076;2018-02-05;32.2858452581636;2018-02-05;33.08320996573592;2018-01-29;20.76682679104825;2018-01-29;39.164191921112334;2018-01-22;30.373537650354262;2018-01-22;41.19138159034353;2018-01-15;27.846580562843542;2018-01-15;32.930693604742046;2018-01-08;26.548749213109073;2018-01-08
2018-02-05;2018;6;Industrial;338804;1.357717146196621;4.515885290610501;39.01397854625299;32.487072642363145;2018-02-05;39.01397854625299;2018-02-05;32.487072642363145;2018-02-05;38.4553793120751;2018-01-29;32.94268965171185;2018-01-29;39.58913409846333;2018-01-22;41.67359254664404;2018-01-22;47.27038118942937;2018-01-15;34.484125109656524;2018-01-15;35.07886077471576;2018-01-08;28.43510193947133;2018-01-08
2018-02-12;2018;7;Agricultural;60224;1.8265143464399574;3.819075451647184;36.64949744603724;33.15233997067907;2018-02-12;36.64949744603724;2018-02-12;33.15233997067907;2018-02-12;33.023195220773076;2018-02-05;32.2858452581636;2018-02-05;33.08320996573592;2018-01-29;20.76682679104825;2018-01-29;39.164191921112334;2018-01-22;30.373537650354262;2018-01-22;41.19138159034353;2018-01-15;27.846580562843542;2018-01-15
2018-02-12;2018;7;Industrial;338804;1.5052950968701668;4.102667028724572;39.48191662297709;33.88424553717421;2018-02-12;39.48191662297709;2018-02-12;33.88424553717421;2018-02-12;39.01397854625299;2018-02-05;32.487072642363145;2018-02-05;38.4553793120751;2018-01-29;32.94268965171185;2018-01-29;39.58913409846333;2018-01-22;41.67359254664404;2018-01-22;47.27038118942937;2018-01-15;34.484125109656524;2018-01-15
2018-02-19;2018;8;Agricultural;60224;0.6641870350690754;3.6530286928799147;24.039910685239402;23.989234909650133;2018-02-19;24.039910685239402;2018-02-19;23.989234909650133;2018-02-19;36.64949744603724;2018-02-12;33.15233997067907;2018-02-12;33.023195220773076;2018-02-05;32.2858452581636;2018-02-05;33.08320996573592;2018-01-29;20.76682679104825;2018-01-29;39.164191921112334;2018-01-22;30.373537650354262;2018-01-22
2018-02-19;2018;8;Industrial;338804;1.8004509982172583;4.752010011688174;40.01711805357295;30.997289948281917;2018-02-19;40.01711805357295;2018-02-19;30.997289948281917;2018-02-19;39.48191662297709;2018-02-12;33.88424553717421;2018-02-12;39.01397854625299;2018-02-05;32.487072642363145;2018-02-05;38.4553793120751;2018-01-29;32.94268965171185;2018-01-29;39.58913409846333;2018-01-22;41.67359254664404;2018-01-22
2018-02-26;2018;9;Agricultural;60224;1.162327311370882;2.324654622741764;27.281239041619667;32.88560190290294;2018-02-26;27.281239041619667;2018-02-26;32.88560190290294;2018-02-26;24.039910685239402;2018-02-19;23.989234909650133;2018-02-19;36.64949744603724;2018-02-12;33.15233997067907;2018-02-12;33.023195220773076;2018-02-05;32.2858452581636;2018-02-05;33.08320996573592;2018-01-29;20.76682679104825;2018-01-29
2018-02-26;2018;9;Industrial;338804;1.5052950968701668;4.397822930071664;56.12242936562728;37.12637232866331;2018-02-26;56.12242936562728;2018-02-26;37.12637232866331;2018-02-26;40.01711805357295;2018-02-19;30.997289948281917;2018-02-19;39.48191662297709;2018-02-12;33.88424553717421;2018-02-12;39.01397854625299;2018-02-05;32.487072642363145;2018-02-05;38.4553793120751;2018-01-29;32.94268965171185;2018-01-29
2018-03-05;2018;10;Agricultural;60224;1.8265143464399574;3.154888416578108;33.82559983269326;34.67524324963772;2018-03-05;33.82559983269326;2018-03-05;34.67524324963772;2018-03-05;27.281239041619667;2018-02-26;32.88560190290294;2018-02-26;24.039910685239402;2018-02-19;23.989234909650133;2018-02-19;36.64949744603724;2018-02-12;33.15233997067907;2018-02-12;33.023195220773076;2018-02-05;32.2858452581636;2018-02-05
2018-03-05;2018;10;Industrial;338804;1.6233574574090035;4.840556782092301;48.55868782453572;29.151511140410527;2018-03-05;48.55868782453572;2018-03-05;29.151511140410527;2018-03-05;56.12242936562728;2018-02-26;37.12637232866331;2018-02-26;40.01711805357295;2018-02-19;30.997289948281917;2018-02-19;39.48191662297709;2018-02-12;33.88424553717421;2018-02-12;39.01397854625299;2018-02-05;32.487072642363145;2018-02-05
2018-03-12;2018;11;Agricultural;60224;2.4907013815090333;2.8227948990435707;20.549716085529234;24.175369997169305;2018-03-12;20.549716085529234;2018-03-12;24.175369997169305;2018-03-12;33.82559983269326;2018-03-05;34.67524324963772;2018-03-05;27.281239041619667;2018-02-26;32.88560190290294;2018-02-26;24.039910685239402;2018-02-19;23.989234909650133;2018-02-19;36.64949744603724;2018-02-12;33.15233997067907;2018-02-12
2018-03-12;2018;11;Industrial;338804;1.8889977686213857;4.663463241284046;34.64296052711263;18.64857398938646;2018-03-12;34.64296052711263;2018-03-12;18.64857398938646;2018-03-12;48.55868782453572;2018-03-05;29.151511140410527;2018-03-05;56.12242936562728;2018-02-26;37.12637232866331;2018-02-26;40.01711805357295;2018-02-19;30.997289948281917;2018-02-19;39.48191662297709;2018-02-12;33.88424553717421;2018-02-12
2018-03-19;2018;12;Agricultural;60224;1.6604675876726886;3.3209351753453773;16.845775293526156;23.724930394480566;2018-03-19;16.845775293526156;2018-03-19;23.724930394480566;2018-03-19;20.549716085529234;2018-03-12;24.175369997169305;2018-03-12;33.82559983269326;2018-03-05;34.67524324963772;2018-03-05;27.281239041619667;2018-02-26;32.88560190290294;2018-02-26;24.039910685239402;2018-02-19;23.989234909650133;2018-02-19
2018-03-19;2018;12;Industrial;338804;1.5348106870048759;4.132182618859281;36.79758184658988;21.287393955438358;2018-03-19;36.79758184658988;2018-03-19;21.287393955438358;2018-03-19;34.64296052711263;2018-03-12;18.64857398938646;2018-03-12;48.55868782453572;2018-03-05;29.151511140410527;2018-03-05;56.12242936562728;2018-02-26;37.12637232866331;2018-02-26;40.01711805357295;2018-02-19;30.997289948281917;2018-02-19
2018-03-26;2018;13;Agricultural;60224;1.3283740701381508;3.9851222104144526;18.043046419170988;30.41120490428449;2018-03-26;18.043046419170988;2018-03-26;30.41120490428449;2018-03-26;16.845775293526156;2018-03-19;23.724930394480566;2018-03-19;20.549716085529234;2018-03-12;24.175369997169305;2018-03-12;33.82559983269326;2018-03-05;34.67524324963772;2018-03-05;27.281239041619667;2018-02-26;32.88560190290294;2018-02-26
2018-03-26;2018;13;Industrial;338804;1.2101391955230751;4.89958796236172;31.127165835266926;23.3033704997569;2018-03-26;31.127165835266926;2018-03-26;23.3033704997569;2018-03-26;36.79758184658988;2018-03-19;21.287393955438358;2018-03-19;34.64296052711263;2018-03-12;18.64857398938646;2018-03-12;48.55868782453572;2018-03-05;29.151511140410527;2018-03-05;56.12242936562728;2018-02-26;37.12637232866331;2018-02-26
2018-04-02;2018;14;Agricultural;60224;1.6604675876726886;2.8227948990435707;18.8954444824687;24.241842740112638;2018-04-02;18.8954444824687;2018-04-02;24.241842740112638;2018-04-02;18.043046419170988;2018-03-26;30.41120490428449;2018-03-26;16.845775293526156;2018-03-19;23.724930394480566;2018-03-19;20.549716085529234;2018-03-12;24.175369997169305;2018-03-12;33.82559983269326;2018-03-05;34.67524324963772;2018-03-05
2018-04-02;2018;14;Industrial;338804;1.328201556061912;4.220729389263409;32.80564279052707;20.757587279670418;2018-04-02;32.80564279052707;2018-04-02;20.757587279670418;2018-04-02;31.127165835266926;2018-03-26;23.3033704997569;2018-03-26;36.79758184658988;2018-03-19;21.287393955438358;2018-03-19;34.64296052711263;2018-03-12;18.64857398938646;2018-03-12;48.55868782453572;2018-03-05;29.151511140410527;2018-03-05
2018-04-09;2018;15;Agricultural;60224;2.1586078639744954;3.154888416578108;16.499738688839038;21.158789307578235;2018-04-09;16.499738688839038;2018-04-09;21.158789307578235;2018-04-09;18.8954444824687;2018-04-02;24.241842740112638;2018-04-02;18.043046419170988;2018-03-26;30.41120490428449;2018-03-26;16.845775293526156;2018-03-19;23.724930394480566;2018-03-19;20.549716085529234;2018-03-12;24.175369997169305;2018-03-12
2018-04-09;2018;15;Industrial;338804;1.4757795067354578;3.925573487916317;26.368385830041472;19.601503873232733;2018-04-09;26.368385830041472;2018-04-09;19.601503873232733;2018-04-09;32.80564279052707;2018-04-02;20.757587279670418;2018-04-02;31.127165835266926;2018-03-26;23.3033704997569;2018-03-26;36.79758184658988;2018-03-19;21.287393955438358;2018-03-19;34.64296052711263;2018-03-12;18.64857398938646;2018-03-12
2018-04-16;2018;16;Agricultural;60224;1.162327311370882;3.6530286928799147;20.263887304544742;21.922098854624807;2018-04-16;20.263887304544742;2018-04-16;21.922098854624807;2018-04-16;16.499738688839038;2018-04-09;21.158789307578235;2018-04-09;18.8954444824687;2018-04-02;24.241842740112638;2018-04-02;18.043046419170988;2018-03-26;30.41120490428449;2018-03-26;16.845775293526156;2018-03-19;23.724930394480566;2018-03-19
2018-04-16;2018;16;Industrial;338804;1.0330456547148203;4.220729389263409;29.701245412594016;18.11699204590088;2018-04-16;29.701245412594016;2018-04-16;18.11699204590088;2018-04-16;26.368385830041472;2018-04-09;19.601503873232733;2018-04-09;32.80564279052707;2018-04-02;20.757587279670418;2018-04-02;31.127165835266926;2018-03-26;23.3033704997569;2018-03-26;36.79758184658988;2018-03-19;21.287393955438358;2018-03-19
2018-04-23;2018;17;Agricultural;60224;1.49442082890542;3.3209351753453773;16.087100269972243;26.59249401117913;2018-04-23;16.087100269972243;2018-04-23;26.59249401117913;2018-04-23;20.263887304544742;2018-04-16;21.922098854624807;2018-04-16;16.499738688839038;2018-04-09;21.158789307578235;2018-04-09;18.8954444824687;2018-04-02;24.241842740112638;2018-04-02;18.043046419170988;2018-03-26;30.41120490428449;2018-03-26
2018-04-23;2018;17;Industrial;338804;1.5938418672742944;3.807511127377481;27.59235432336519;24.35010883463883;2018-04-23;27.59235432336519;2018-04-23;24.35010883463883;2018-04-23;29.701245412594016;2018-04-16;18.11699204590088;2018-04-16;26.368385830041472;2018-04-09;19.601503873232733;2018-04-09;32.80564279052707;2018-04-02;20.757587279670418;2018-04-02;31.127165835266926;2018-03-26;23.3033704997569;2018-03-26
2018-04-30;2018;18;Agricultural;60224;1.49442082890542;4.649309245483528;13.694286432521725;24.63424464808548;2018-04-30;13.694286432521725;2018-04-30;24.63424464808548;2018-04-30;16.087100269972243;2018-04-23;26.59249401117913;2018-04-23;20.263887304544742;2018-04-16;21.922098854624807;2018-04-16;16.499738688839038;2018-04-09;21.158789307578235;2018-04-09;18.8954444824687;2018-04-02;24.241842740112638;2018-04-02
2018-04-30;2018;18;Industrial;338804;1.328201556061912;3.2171993246832975;21.651969491695525;19.957012047942612;2018-04-30;21.651969491695525;2018-04-30;19.957012047942612;2018-04-30;27.59235432336519;2018-04-23;24.35010883463883;2018-04-23;29.701245412594016;2018-04-16;18.11699204590088;2018-04-16;26.368385830041472;2018-04-09;19.601503873232733;2018-04-09;32.80564279052707;2018-04-02;20.757587279670418;2018-04-02
2018-05-07;2018;19;Agricultural;60224;1.8265143464399574;3.154888416578108;13.371605384235142;17.167190556463915;2018-05-07;13.371605384235142;2018-05-07;17.167190556463915;2018-05-07;13.694286432521725;2018-04-30;24.63424464808548;2018-04-30;16.087100269972243;2018-04-23;26.59249401117913;2018-04-23;20.263887304544742;2018-04-16;21.922098854624807;2018-04-16;16.499738688839038;2018-04-09;21.158789307578235;2018-04-09
2018-05-07;2018;19;Industrial;338804;1.357717146196621;4.486369700475791;22.026406761243795;14.066964015357968;2018-05-07;22.026406761243795;2018-05-07;14.066964015357968;2018-05-07;21.651969491695525;2018-04-30;19.957012047942612;2018-04-30;27.59235432336519;2018-04-23;24.35010883463883;2018-04-23;29.701245412594016;2018-04-16;18.11699204590088;2018-04-16;26.368385830041472;2018-04-09;19.601503873232733;2018-04-09
2018-05-14;2018;20;Agricultural;60224;1.3283740701381508;4.151168969181722;11.521575176073444;12.140167982728537;2018-05-14;11.521575176073444;2018-05-14;12.140167982728537;2018-05-14;13.371605384235142;2018-05-07;17.167190556463915;2018-05-07;13.694286432521725;2018-04-30;24.63424464808548;2018-04-30;16.087100269972243;2018-04-23;26.59249401117913;2018-04-23;20.263887304544742;2018-04-16;21.922098854624807;2018-04-16
2018-05-14;2018;20;Industrial;338804;1.2691703757924935;3.3647772753568432;24.028043173957204;12.028898711114111;2018-05-14;24.028043173957204;2018-05-14;12.028898711114111;2018-05-14;22.026406761243795;2018-05-07;14.066964015357968;2018-05-07;21.651969491695525;2018-04-30;19.957012047942612;2018-04-30;27.59235432336519;2018-04-23;24.35010883463883;2018-04-23;29.701245412594016;2018-04-16;18.11699204590088;2018-04-16
2018-05-21;2018;21;Agricultural;60224;1.3283740701381508;4.981402763018067;14.855881930449405;24.846762234305487;2018-05-21;14.855881930449405;2018-05-21;24.846762234305487;2018-05-21;11.521575176073444;2018-05-14;12.140167982728537;2018-05-14;13.371605384235142;2018-05-07;17.167190556463915;2018-05-07;13.694286432521725;2018-04-30;24.63424464808548;2018-04-30;16.087100269972243;2018-04-23;26.59249401117913;2018-04-23
2018-05-21;2018;21;Industrial;338804;1.180623605388366;4.1616982089939905;19.94688925859214;18.51681270233467;2018-05-21;19.94688925859214;2018-05-21;18.51681270233467;2018-05-21;24.028043173957204;2018-05-14;12.028898711114111;2018-05-14;22.026406761243795;2018-05-07;14.066964015357968;2018-05-07;21.651969491695525;2018-04-30;19.957012047942612;2018-04-30;27.59235432336519;2018-04-23;24.35010883463883;2018-04-23
2018-05-28;2018;22;Agricultural;60224;1.6604675876726886;3.819075451647184;14.587789776544103;28.150314122632462;2018-05-28;14.587789776544103;2018-05-28;28.150314122632462;2018-05-28;14.855881930449405;2018-05-21;24.846762234305487;2018-05-21;11.521575176073444;2018-05-14;12.140167982728537;2018-05-14;13.371605384235142;2018-05-07;17.167190556463915;2018-05-07;13.694286432521725;2018-04-30;24.63424464808548;2018-04-30
2018-05-28;2018;22;Industrial;338804;1.2101391955230751;3.305746095087425;20.81787431589038;25.637874367798787;2018-05-28;20.81787431589038;2018-05-28;25.637874367798787;2018-05-28;19.94688925859214;2018-05-21;18.51681270233467;2018-05-21;24.028043173957204;2018-05-14;12.028898711114111;2018-05-14;22.026406761243795;2018-05-07;14.066964015357968;2018-05-07;21.651969491695525;2018-04-30;19.957012047942612;2018-04-30
2018-06-04;2018;23;Agricultural;60224;1.8265143464399574;3.9851222104144526;12.826492980299207;23.23077345568695;2018-06-04;12.826492980299207;2018-06-04;23.23077345568695;2018-06-04;14.587789776544103;2018-05-28;28.150314122632462;2018-05-28;14.855881930449405;2018-05-21;24.846762234305487;2018-05-21;11.521575176073444;2018-05-14;12.140167982728537;2018-05-14;13.371605384235142;2018-05-07;17.167190556463915;2018-05-07
2018-06-04;2018;23;Industrial;338804;0.9740144744454021;3.4828396358956804;22.502148532462655;23.148455465177243;2018-06-04;22.502148532462655;2018-06-04;23.148455465177243;2018-06-04;20.81787431589038;2018-05-28;25.637874367798787;2018-05-28;19.94688925859214;2018-05-21;18.51681270233467;2018-05-21;24.028043173957204;2018-05-14;12.028898711114111;2018-05-14;22.026406761243795;2018-05-07;14.066964015357968;2018-05-07
2018-06-11;2018;24;Agricultural;60224;1.162327311370882;4.317215727948991;18.05401008065368;20.386637007744273;2018-06-11;18.05401008065368;2018-06-11;20.386637007744273;2018-06-11;12.826492980299207;2018-06-04;23.23077345568695;2018-06-04;14.587789776544103;2018-05-28;28.150314122632462;2018-05-28;14.855881930449405;2018-05-21;24.846762234305487;2018-05-21;11.521575176073444;2018-05-14;12.140167982728537;2018-05-14
2018-06-11;2018;24;Industrial;338804;1.2691703757924935;3.6009019964345166;22.580821095925014;19.764752370916757;2018-06-11;22.580821095925014;2018-06-11;19.764752370916757;2018-06-11;22.502148532462655;2018-06-04;23.148455465177243;2018-06-04;20.81787431589038;2018-05-28;25.637874367798787;2018-05-28;19.94688925859214;2018-05-21;18.51681270233467;2018-05-21;24.028043173957204;2018-05-14;12.028898711114111;2018-05-14
2018-06-18;2018;25;Agricultural;60224;0.8302337938363443;2.8227948990435707;15.620814690883895;8.882431102154287;2018-06-18;15.620814690883895;2018-06-18;8.882431102154287;2018-06-18;18.05401008065368;2018-06-11;20.386637007744273;2018-06-11;12.826492980299207;2018-06-04;23.23077345568695;2018-06-04;14.587789776544103;2018-05-28;28.150314122632462;2018-05-28;14.855881930449405;2018-05-21;24.846762234305487;2018-05-21
2018-06-18;2018;25;Industrial;338804;1.2396547856577844;3.5418708161650985;18.98283631028081;9.668156870684031;2018-06-18;18.98283631028081;2018-06-18;9.668156870684031;2018-06-18;22.580821095925014;2018-06-11;19.764752370916757;2018-06-11;22.502148532462655;2018-06-04;23.148455465177243;2018-06-04;20.81787431589038;2018-05-28;25.637874367798787;2018-05-28;19.94688925859214;2018-05-21;18.51681270233467;2018-05-21
2018-06-25;2018;26;Agricultural;60224;1.3283740701381508;2.98884165781084;16.211313695915774;8.995734945561935;2018-06-25;16.211313695915774;2018-06-25;8.995734945561935;2018-06-25;15.620814690883895;2018-06-18;8.882431102154287;2018-06-18;18.05401008065368;2018-06-11;20.386637007744273;2018-06-11;12.826492980299207;2018-06-04;23.23077345568695;2018-06-04;14.587789776544103;2018-05-28;28.150314122632462;2018-05-28
2018-06-25;2018;26;Industrial;338804;0.9444988843106928;3.3352616852221346;19.76459007061274;9.796731413760227;2018-06-25;19.76459007061274;2018-06-25;9.796731413760227;2018-06-25;18.98283631028081;2018-06-18;9.668156870684031;2018-06-18;22.580821095925014;2018-06-11;19.764752370916757;2018-06-11;22.502148532462655;2018-06-04;23.148455465177243;2018-06-04;20.81787431589038;2018-05-28;25.637874367798787;2018-05-28
2018-07-02;2018;27;Agricultural;60224;1.49442082890542;3.6530286928799147;13.299471462793264;13.20399803963818;2018-07-02;13.299471462793264;2018-07-02;13.20399803963818;2018-07-02;16.211313695915774;2018-06-25;8.995734945561935;2018-06-25;15.620814690883895;2018-06-18;8.882431102154287;2018-06-18;18.05401008065368;2018-06-11;20.386637007744273;2018-06-11;12.826492980299207;2018-06-04;23.23077345568695;2018-06-04
2018-07-02;2018;27;Industrial;338804;1.0625612448495296;3.187683734548589;18.800837672011504;13.968986453634542;2018-07-02;18.800837672011504;2018-07-02;13.968986453634542;2018-07-02;19.76459007061274;2018-06-25;9.796731413760227;2018-06-25;18.98283631028081;2018-06-18;9.668156870684031;2018-06-18;22.580821095925014;2018-06-11;19.764752370916757;2018-06-11;22.502148532462655;2018-06-04;23.148455465177243;2018-06-04
2018-07-09;2018;28;Agricultural;60224;1.49442082890542;3.3209351753453773;12.359595633125045;11.309460435758014;2018-07-09;12.359595633125045;2018-07-09;11.309460435758014;2018-07-09;13.299471462793264;2018-07-02;13.20399803963818;2018-07-02;16.211313695915774;2018-06-25;8.995734945561935;2018-06-25;15.620814690883895;2018-06-18;8.882431102154287;2018-06-18;18.05401008065368;2018-06-11;20.386637007744273;2018-06-11
2018-07-09;2018;28;Industrial;338804;1.5643262771395852;3.3647772753568432;19.57503010687942;12.938056393299663;2018-07-09;19.57503010687942;2018-07-09;12.938056393299663;2018-07-09;18.800837672011504;2018-07-02;13.968986453634542;2018-07-02;19.76459007061274;2018-06-25;9.796731413760227;2018-06-25;18.98283631028081;2018-06-18;9.668156870684031;2018-06-18;22.580821095925014;2018-06-11;19.764752370916757;2018-06-11
2018-07-16;2018;29;Agricultural;60224;1.162327311370882;3.154888416578108;13.92043592701032;13.925728058946051;2018-07-16;13.92043592701032;2018-07-16;13.925728058946051;2018-07-16;12.359595633125045;2018-07-09;11.309460435758014;2018-07-09;13.299471462793264;2018-07-02;13.20399803963818;2018-07-02;16.211313695915774;2018-06-25;8.995734945561935;2018-06-25;15.620814690883895;2018-06-18;8.882431102154287;2018-06-18
2018-07-16;2018;29;Industrial;338804;1.3872327363313302;4.073151438589863;20.43936565324142;11.772830185088097;2018-07-16;20.43936565324142;2018-07-16;11.772830185088097;2018-07-16;19.57503010687942;2018-07-09;12.938056393299663;2018-07-09;18.800837672011504;2018-07-02;13.968986453634542;2018-07-02;19.76459007061274;2018-06-25;9.796731413760227;2018-06-25;18.98283631028081;2018-06-18;9.668156870684031;2018-06-18
2018-07-23;2018;30;Agricultural;60224;0.8302337938363443;1.49442082890542;13.2835735199057;12.73061713373132;2018-07-23;13.2835735199057;2018-07-23;12.73061713373132;2018-07-23;13.92043592701032;2018-07-16;13.925728058946051;2018-07-16;12.359595633125045;2018-07-09;11.309460435758014;2018-07-09;13.299471462793264;2018-07-02;13.20399803963818;2018-07-02;16.211313695915774;2018-06-25;8.995734945561935;2018-06-25
2018-07-23;2018;30;Industrial;338804;1.6233574574090035;3.305746095087425;17.740093798501924;10.686950744107097;2018-07-23;17.740093798501924;2018-07-23;10.686950744107097;2018-07-23;20.43936565324142;2018-07-16;11.772830185088097;2018-07-16;19.57503010687942;2018-07-09;12.938056393299663;2018-07-09;18.800837672011504;2018-07-02;13.968986453634542;2018-07-02;19.76459007061274;2018-06-25;9.796731413760227;2018-06-25
2018-07-30;2018;31;Agricultural;60224;0.9962805526036131;3.819075451647184;12.69758313581843;13.786971198735904;2018-07-30;12.69758313581843;2018-07-30;13.786971198735904;2018-07-30;13.2835735199057;2018-07-23;12.73061713373132;2018-07-23;13.92043592701032;2018-07-16;13.925728058946051;2018-07-16;12.359595633125045;2018-07-09;11.309460435758014;2018-07-09;13.299471462793264;2018-07-02;13.20399803963818;2018-07-02
2018-07-30;2018;31;Industrial;338804;1.2101391955230751;3.3352616852221346;17.494639894037626;11.148130605027157;2018-07-30;17.494639894037626;2018-07-30;11.148130605027157;2018-07-30;17.740093798501924;2018-07-23;10.686950744107097;2018-07-23;20.43936565324142;2018-07-16;11.772830185088097;2018-07-16;19.57503010687942;2018-07-09;12.938056393299663;2018-07-09;18.800837672011504;2018-07-02;13.968986453634542;2018-07-02
2018-08-06;2018;32;Agricultural;60224;1.49442082890542;1.9925611052072263;12.356770641891748;17.948730623471107;2018-08-06;12.356770641891748;2018-08-06;17.948730623471107;2018-08-06;12.69758313581843;2018-07-30;13.786971198735904;2018-07-30;13.2835735199057;2018-07-23;12.73061713373132;2018-07-23;13.92043592701032;2018-07-16;13.925728058946051;2018-07-16;12.359595633125045;2018-07-09;11.309460435758014;2018-07-09
2018-08-06;2018;32;Industrial;338804;1.4757795067354578;3.5713864062998075;16.191388221289024;16.321876714059048;2018-08-06;16.191388221289024;2018-08-06;16.321876714059048;2018-08-06;17.494639894037626;2018-07-30;11.148130605027157;2018-07-30;17.740093798501924;2018-07-23;10.686950744107097;2018-07-23;20.43936565324142;2018-07-16;11.772830185088097;2018-07-16;19.57503010687942;2018-07-09;12.938056393299663;2018-07-09
2018-08-13;2018;33;Agricultural;60224;0.9962805526036131;1.8265143464399574;13.844137081680335;9.624132307523311;2018-08-13;13.844137081680335;2018-08-13;9.624132307523311;2018-08-13;12.356770641891748;2018-08-06;17.948730623471107;2018-08-06;12.69758313581843;2018-07-30;13.786971198735904;2018-07-30;13.2835735199057;2018-07-23;12.73061713373132;2018-07-23;13.92043592701032;2018-07-16;13.925728058946051;2018-07-16
2018-08-13;2018;33;Industrial;338804;1.180623605388366;4.102667028724572;14.49579827352619;8.21081174375931;2018-08-13;14.49579827352619;2018-08-13;8.21081174375931;2018-08-13;16.191388221289024;2018-08-06;16.321876714059048;2018-08-06;17.494639894037626;2018-07-30;11.148130605027157;2018-07-30;17.740093798501924;2018-07-23;10.686950744107097;2018-07-23;20.43936565324142;2018-07-16;11.772830185088097;2018-07-16
2018-08-20;2018;34;Agricultural;60224;1.49442082890542;2.6567481402763016;12.790278253081022;10.07999247964646;2018-08-20;12.790278253081022;2018-08-20;10.07999247964646;2018-08-20;13.844137081680335;2018-08-13;9.624132307523311;2018-08-13;12.356770641891748;2018-08-06;17.948730623471107;2018-08-06;12.69758313581843;2018-07-30;13.786971198735904;2018-07-30;13.2835735199057;2018-07-23;12.73061713373132;2018-07-23
2018-08-20;2018;34;Industrial;338804;0.8264365237718563;3.453324045760971;15.055154332362646;9.520919955497188;2018-08-20;15.055154332362646;2018-08-20;9.520919955497188;2018-08-20;14.49579827352619;2018-08-13;8.21081174375931;2018-08-13;16.191388221289024;2018-08-06;16.321876714059048;2018-08-06;17.494639894037626;2018-07-30;11.148130605027157;2018-07-30;17.740093798501924;2018-07-23;10.686950744107097;2018-07-23
2018-08-27;2018;35;Agricultural;60224;1.3283740701381508;3.3209351753453773;12.99612997536873;11.04555728777182;2018-08-27;12.99612997536873;2018-08-27;11.04555728777182;2018-08-27;12.790278253081022;2018-08-20;10.07999247964646;2018-08-20;13.844137081680335;2018-08-13;9.624132307523311;2018-08-13;12.356770641891748;2018-08-06;17.948730623471107;2018-08-06;12.69758313581843;2018-07-30;13.786971198735904;2018-07-30
2018-08-27;2018;35;Industrial;338804;1.0920768349842387;2.8334966529320784;19.98783184615731;8.478562258085168;2018-08-27;19.98783184615731;2018-08-27;8.478562258085168;2018-08-27;15.055154332362646;2018-08-20;9.520919955497188;2018-08-20;14.49579827352619;2018-08-13;8.21081174375931;2018-08-13;16.191388221289024;2018-08-06;16.321876714059048;2018-08-06;17.494639894037626;2018-07-30;11.148130605027157;2018-07-30
2018-09-03;2018;36;Agricultural;60224;1.9925611052072263;2.98884165781084;13.796159761038654;23.607682590381554;2018-09-03;13.796159761038654;2018-09-03;23.607682590381554;2018-09-03;12.99612997536873;2018-08-27;11.04555728777182;2018-08-27;12.790278253081022;2018-08-20;10.07999247964646;2018-08-20;13.844137081680335;2018-08-13;9.624132307523311;2018-08-13;12.356770641891748;2018-08-06;17.948730623471107;2018-08-06
2018-09-03;2018;36;Industrial;338804;1.0625612448495296;3.305746095087425;21.23826549768921;12.053034392784038;2018-09-03;21.23826549768921;2018-09-03;12.053034392784038;2018-09-03;19.98783184615731;2018-08-27;8.478562258085168;2018-08-27;15.055154332362646;2018-08-20;9.520919955497188;2018-08-20;14.49579827352619;2018-08-13;8.21081174375931;2018-08-13;16.191388221289024;2018-08-06;16.321876714059048;2018-08-06
2018-09-10;2018;37;Agricultural;60224;1.162327311370882;1.9925611052072263;17.103579561538037;40.773489486292256;2018-09-10;17.103579561538037;2018-09-10;40.773489486292256;2018-09-10;13.796159761038654;2018-09-03;23.607682590381554;2018-09-03;12.99612997536873;2018-08-27;11.04555728777182;2018-08-27;12.790278253081022;2018-08-20;10.07999247964646;2018-08-20;13.844137081680335;2018-08-13;9.624132307523311;2018-08-13
2018-09-10;2018;37;Industrial;338804;1.4462639166007487;3.7189643569733533;24.041630676833798;22.463772686139244;2018-09-10;24.041630676833798;2018-09-10;22.463772686139244;2018-09-10;21.23826549768921;2018-09-03;12.053034392784038;2018-09-03;19.98783184615731;2018-08-27;8.478562258085168;2018-08-27;15.055154332362646;2018-08-20;9.520919955497188;2018-08-20;14.49579827352619;2018-08-13;8.21081174375931;2018-08-13
2018-09-17;2018;38;Agricultural;60224;1.9925611052072263;2.8227948990435707;18.46342319733323;29.04023600390383;2018-09-17;18.46342319733323;2018-09-17;29.04023600390383;2018-09-17;17.103579561538037;2018-09-10;40.773489486292256;2018-09-10;13.796159761038654;2018-09-03;23.607682590381554;2018-09-03;12.99612997536873;2018-08-27;11.04555728777182;2018-08-27;12.790278253081022;2018-08-20;10.07999247964646;2018-08-20
2018-09-17;2018;38;Industrial;338804;0.9740144744454021;3.866542307646899;25.401148733175184;21.02610906649641;2018-09-17;25.401148733175184;2018-09-17;21.02610906649641;2018-09-17;24.041630676833798;2018-09-10;22.463772686139244;2018-09-10;21.23826549768921;2018-09-03;12.053034392784038;2018-09-03;19.98783184615731;2018-08-27;8.478562258085168;2018-08-27;15.055154332362646;2018-08-20;9.520919955497188;2018-08-20
2018-09-24;2018;39;Agricultural;60224;1.3283740701381508;2.4907013815090333;20.39502114571319;17.746933765964908;2018-09-24;20.39502114571319;2018-09-24;17.746933765964908;2018-09-24;18.46342319733323;2018-09-17;29.04023600390383;2018-09-17;17.103579561538037;2018-09-10;40.773489486292256;2018-09-10;13.796159761038654;2018-09-03;23.607682590381554;2018-09-03;12.99612997536873;2018-08-27;11.04555728777182;2018-08-27
2018-09-24;2018;39;Industrial;338804;1.2691703757924935;3.423808455626262;27.245110270771583;10.652109817438113;2018-09-24;27.245110270771583;2018-09-24;10.652109817438113;2018-09-24;25.401148733175184;2018-09-17;21.02610906649641;2018-09-17;24.041630676833798;2018-09-10;22.463772686139244;2018-09-10;21.23826549768921;2018-09-03;12.053034392784038;2018-09-03;19.98783184615731;2018-08-27;8.478562258085168;2018-08-27
2018-10-01;2018;40;Agricultural;60224;1.49442082890542;2.324654622741764;26.020961295528767;17.216269313155127;2018-10-01;26.020961295528767;2018-10-01;17.216269313155127;2018-10-01;20.39502114571319;2018-09-24;17.746933765964908;2018-09-24;18.46342319733323;2018-09-17;29.04023600390383;2018-09-17;17.103579561538037;2018-09-10;40.773489486292256;2018-09-10;13.796159761038654;2018-09-03;23.607682590381554;2018-09-03
2018-10-01;2018;40;Industrial;338804;1.151108015253657;3.659933176703935;31.771316362742912;18.165870737670453;2018-10-01;31.771316362742912;2018-10-01;18.165870737670453;2018-10-01;27.245110270771583;2018-09-24;10.652109817438113;2018-09-24;25.401148733175184;2018-09-17;21.02610906649641;2018-09-17;24.041630676833798;2018-09-10;22.463772686139244;2018-09-10;21.23826549768921;2018-09-03;12.053034392784038;2018-09-03
2018-10-08;2018;41;Agricultural;60224;0.6641870350690754;3.819075451647184;24.234002349054254;26.369883096526696;2018-10-08;24.234002349054254;2018-10-08;26.369883096526696;2018-10-08;26.020961295528767;2018-10-01;17.216269313155127;2018-10-01;20.39502114571319;2018-09-24;17.746933765964908;2018-09-24;18.46342319733323;2018-09-17;29.04023600390383;2018-09-17;17.103579561538037;2018-09-10;40.773489486292256;2018-09-10
2018-10-08;2018;41;Industrial;338804;1.357717146196621;3.5713864062998075;27.600351376697624;23.78282990824323;2018-10-08;27.600351376697624;2018-10-08;23.78282990824323;2018-10-08;31.771316362742912;2018-10-01;18.165870737670453;2018-10-01;27.245110270771583;2018-09-24;10.652109817438113;2018-09-24;25.401148733175184;2018-09-17;21.02610906649641;2018-09-17;24.041630676833798;2018-09-10;22.463772686139244;2018-09-10
2018-10-15;2018;42;Agricultural;60224;1.49442082890542;3.6530286928799147;27.830197810647636;25.91230338289162;2018-10-15;27.830197810647636;2018-10-15;25.91230338289162;2018-10-15;24.234002349054254;2018-10-08;26.369883096526696;2018-10-08;26.020961295528767;2018-10-01;17.216269313155127;2018-10-01;20.39502114571319;2018-09-24;17.746933765964908;2018-09-24;18.46342319733323;2018-09-17;29.04023600390383;2018-09-17
2018-10-15;2018;42;Industrial;338804;1.7709354080825492;3.7189643569733533;31.608816860198534;23.953812326863815;2018-10-15;31.608816860198534;2018-10-15;23.953812326863815;2018-10-15;27.600351376697624;2018-10-08;23.78282990824323;2018-10-08;31.771316362742912;2018-10-01;18.165870737670453;2018-10-01;27.245110270771583;2018-09-24;10.652109817438113;2018-09-24;25.401148733175184;2018-09-17;21.02610906649641;2018-09-17
2018-10-22;2018;43;Agricultural;60224;0.9962805526036131;3.154888416578108;25.81236781288684;14.29791584808886;2018-10-22;25.81236781288684;2018-10-22;14.29791584808886;2018-10-22;27.830197810647636;2018-10-15;25.91230338289162;2018-10-15;24.234002349054254;2018-10-08;26.369883096526696;2018-10-08;26.020961295528767;2018-10-01;17.216269313155127;2018-10-01;20.39502114571319;2018-09-24;17.746933765964908;2018-09-24
2018-10-22;2018;43;Industrial;338804;1.2986859659272025;4.633947651149337;36.042503689823015;15.707003396540477;2018-10-22;36.042503689823015;2018-10-22;15.707003396540477;2018-10-22;31.608816860198534;2018-10-15;23.953812326863815;2018-10-15;27.600351376697624;2018-10-08;23.78282990824323;2018-10-08;31.771316362742912;2018-10-01;18.165870737670453;2018-10-01;27.245110270771583;2018-09-24;10.652109817438113;2018-09-24
2018-10-29;2018;44;Agricultural;60224;1.3283740701381508;2.324654622741764;19.95089040140943;26.717642411414037;2018-10-29;19.95089040140943;2018-10-29;26.717642411414037;2018-10-29;25.81236781288684;2018-10-22;14.29791584808886;2018-10-22;27.830197810647636;2018-10-15;25.91230338289162;2018-10-15;24.234002349054254;2018-10-08;26.369883096526696;2018-10-08;26.020961295528767;2018-10-01;17.216269313155127;2018-10-01
2018-10-29;2018;44;Industrial;338804;1.4167483264660392;3.5418708161650985;23.239465749964097;21.870899019104026;2018-10-29;23.239465749964097;2018-10-29;21.870899019104026;2018-10-29;36.042503689823015;2018-10-22;15.707003396540477;2018-10-22;31.608816860198534;2018-10-15;23.953812326863815;2018-10-15;27.600351376697624;2018-10-08;23.78282990824323;2018-10-08;31.771316362742912;2018-10-01;18.165870737670453;2018-10-01
2018-11-05;2018;45;Agricultural;60224;0.8302337938363443;2.98884165781084;21.460287885893422;20.835779560693055;2018-11-05;21.460287885893422;2018-11-05;20.835779560693055;2018-11-05;19.95089040140943;2018-10-29;26.717642411414037;2018-10-29;25.81236781288684;2018-10-22;14.29791584808886;2018-10-22;27.830197810647636;2018-10-15;25.91230338289162;2018-10-15;24.234002349054254;2018-10-08;26.369883096526696;2018-10-08
2018-11-05;2018;45;Industrial;338804;1.5643262771395852;3.2171993246832975;25.189032574259308;19.00074488572363;2018-11-05;25.189032574259308;2018-11-05;19.00074488572363;2018-11-05;23.239465749964097;2018-10-29;21.870899019104026;2018-10-29;36.042503689823015;2018-10-22;15.707003396540477;2018-10-22;31.608816860198534;2018-10-15;23.953812326863815;2018-10-15;27.600351376697624;2018-10-08;23.78282990824323;2018-10-08
2018-11-12;2018;46;Agricultural;60224;1.8265143464399574;3.154888416578108;25.658407586262257;22.19757827716305;2018-11-12;25.658407586262257;2018-11-12;22.19757827716305;2018-11-12;21.460287885893422;2018-11-05;20.835779560693055;2018-11-05;19.95089040140943;2018-10-29;26.717642411414037;2018-10-29;25.81236781288684;2018-10-22;14.29791584808886;2018-10-22;27.830197810647636;2018-10-15;25.91230338289162;2018-10-15
2018-11-12;2018;46;Industrial;338804;1.0625612448495296;4.132182618859281;27.609529303164162;24.732693735173658;2018-11-12;27.609529303164162;2018-11-12;24.732693735173658;2018-11-12;25.189032574259308;2018-11-05;19.00074488572363;2018-11-05;23.239465749964097;2018-10-29;21.870899019104026;2018-10-29;36.042503689823015;2018-10-22;15.707003396540477;2018-10-22;31.608816860198534;2018-10-15;23.953812326863815;2018-10-15
2018-11-19;2018;47;Agricultural;60224;1.3283740701381508;3.4869819341126465;25.05243946749137;28.069992099403862;2018-11-19;25.05243946749137;2018-11-19;28.069992099403862;2018-11-19;25.658407586262257;2018-11-12;22.19757827716305;2018-11-12;21.460287885893422;2018-11-05;20.835779560693055;2018-11-05;19.95089040140943;2018-10-29;26.717642411414037;2018-10-29;25.81236781288684;2018-10-22;14.29791584808886;2018-10-22
2018-11-19;2018;47;Industrial;338804;1.5643262771395852;3.5713864062998075;30.32595918095446;28.803470856021637;2018-11-19;30.32595918095446;2018-11-19;28.803470856021637;2018-11-19;27.609529303164162;2018-11-12;24.732693735173658;2018-11-12;25.189032574259308;2018-11-05;19.00074488572363;2018-11-05;23.239465749964097;2018-10-29;21.870899019104026;2018-10-29;36.042503689823015;2018-10-22;15.707003396540477;2018-10-22
2018-11-26;2018;48;Agricultural;60224;1.162327311370882;4.649309245483528;30.573411325314446;34.48268206226684;2018-11-26;30.573411325314446;2018-11-26;34.48268206226684;2018-11-26;25.05243946749137;2018-11-19;28.069992099403862;2018-11-19;25.658407586262257;2018-11-12;22.19757827716305;2018-11-12;21.460287885893422;2018-11-05;20.835779560693055;2018-11-05;19.95089040140943;2018-10-29;26.717642411414037;2018-10-29
2018-11-26;2018;48;Industrial;338804;1.4462639166007487;4.368307339936955;38.529208301539434;35.99234091369188;2018-11-26;38.529208301539434;2018-11-26;35.99234091369188;2018-11-26;30.32595918095446;2018-11-19;28.803470856021637;2018-11-19;27.609529303164162;2018-11-12;24.732693735173658;2018-11-12;25.189032574259308;2018-11-05;19.00074488572363;2018-11-05;23.239465749964097;2018-10-29;21.870899019104026;2018-10-29
2018-12-03;2018;49;Agricultural;60224;0.3320935175345377;4.649309245483528;32.643233371780084;36.904926676552975;2018-12-03;32.643233371780084;2018-12-03;36.904926676552975;2018-12-03;30.573411325314446;2018-11-26;34.48268206226684;2018-11-26;25.05243946749137;2018-11-19;28.069992099403862;2018-11-19;25.658407586262257;2018-11-12;22.19757827716305;2018-11-12;21.460287885893422;2018-11-05;20.835779560693055;2018-11-05
2018-12-03;2018;49;Industrial;338804;1.357717146196621;4.456854110341082;46.748261111428334;39.59933453414795;2018-12-03;46.748261111428334;2018-12-03;39.59933453414795;2018-12-03;38.529208301539434;2018-11-26;35.99234091369188;2018-11-26;30.32595918095446;2018-11-19;28.803470856021637;2018-11-19;27.609529303164162;2018-11-12;24.732693735173658;2018-11-12;25.189032574259308;2018-11-05;19.00074488572363;2018-11-05
2018-12-10;2018;50;Agricultural;60224;0.8302337938363443;2.6567481402763016;35.997743471445894;24.82982876408482;2018-12-10;35.997743471445894;2018-12-10;24.82982876408482;2018-12-10;32.643233371780084;2018-12-03;36.904926676552975;2018-12-03;30.573411325314446;2018-11-26;34.48268206226684;2018-11-26;25.05243946749137;2018-11-19;28.069992099403862;2018-11-19;25.658407586262257;2018-11-12;22.19757827716305;2018-11-12
2018-12-10;2018;50;Industrial;338804;1.6233574574090035;4.043635848455154;51.51386300677751;27.711385331720713;2018-12-10;51.51386300677751;2018-12-10;27.711385331720713;2018-12-10;46.748261111428334;2018-12-03;39.59933453414795;2018-12-03;38.529208301539434;2018-11-26;35.99234091369188;2018-11-26;30.32595918095446;2018-11-19;28.803470856021637;2018-11-19;27.609529303164162;2018-11-12;24.732693735173658;2018-11-12
2018-12-17;2018;51;Agricultural;60224;1.6604675876726886;2.8227948990435707;37.986898952642896;38.009032874084774;2018-12-17;37.986898952642896;2018-12-17;38.009032874084774;2018-12-17;35.997743471445894;2018-12-10;24.82982876408482;2018-12-10;32.643233371780084;2018-12-03;36.904926676552975;2018-12-03;30.573411325314446;2018-11-26;34.48268206226684;2018-11-26;25.05243946749137;2018-11-19;28.069992099403862;2018-11-19
2018-12-17;2018;51;Industrial;338804;2.0956068995643498;3.7484799471080628;49.76487599945323;46.797449480137246;2018-12-17;49.76487599945323;2018-12-17;46.797449480137246;2018-12-17;51.51386300677751;2018-12-10;27.711385331720713;2018-12-10;46.748261111428334;2018-12-03;39.59933453414795;2018-12-03;38.529208301539434;2018-11-26;35.99234091369188;2018-11-26;30.32595918095446;2018-11-19;28.803470856021637;2018-11-19
2018-12-24;2018;52;Agricultural;60224;2.1586078639744954;3.3209351753453773;37.06118927208893;35.06511020697872;2018-12-24;37.06118927208893;2018-12-24;35.06511020697872;2018-12-24;37.986898952642896;2018-12-17;38.009032874084774;2018-12-17;35.997743471445894;2018-12-10;24.82982876408482;2018-12-10;32.643233371780084;2018-12-03;36.904926676552975;2018-12-03;30.573411325314446;2018-11-26;34.48268206226684;2018-11-26
2018-12-24;2018;52;Industrial;338804;2.2136692601031864;4.073151438589863;42.648573167503265;37.9016136595258;2018-12-24;42.648573167503265;2018-12-24;37.9016136595258;2018-12-24;49.76487599945323;2018-12-17;46.797449480137246;2018-12-17;51.51386300677751;2018-12-10;27.711385331720713;2018-12-10;46.748261111428334;2018-12-03;39.59933453414795;2018-12-03;38.529208301539434;2018-11-26;35.99234091369188;2018-11-26
2018-12-31;2018;1;Agricultural;60224;1.6604675876726886;2.6567481402763016;39.27948794392524;26.457143021829047;2018-12-31;39.27948794392524;2018-12-31;26.457143021829047;2018-12-31;37.06118927208893;2018-12-24;35.06511020697872;2018-12-24;37.986898952642896;2018-12-17;38.009032874084774;2018-12-17;35.997743471445894;2018-12-10;24.82982876408482;2018-12-10;32.643233371780084;2018-12-03;36.904926676552975;2018-12-03
2018-12-31;2018;1;Industrial;338804;1.2986859659272025;3.423808455626262;45.562023692778105;30.447657554334093;2018-12-31;45.562023692778105;2018-12-31;30.447657554334093;2018-12-31;42.648573167503265;2018-12-24;37.9016136595258;2018-12-24;49.76487599945323;2018-12-17;46.797449480137246;2018-12-17;51.51386300677751;2018-12-10;27.711385331720713;2018-12-10;46.748261111428334;2018-12-03;39.59933453414795;2018-12-03
2019-01-07;2019;2;Agricultural;60103;1.8301915045837978;3.3276209174250866;41.56897760450912;30.321052776233252;2019-01-07;41.56897760450912;2019-01-07;30.321052776233252;2019-01-07;39.27948794392524;2018-12-31;26.457143021829047;2018-12-31;37.06118927208893;2018-12-24;35.06511020697872;2018-12-24;37.986898952642896;2018-12-17;38.009032874084774;2018-12-17;35.997743471445894;2018-12-10;24.82982876408482;2018-12-10
2019-01-07;2019;2;Industrial;340591;2.055251019551309;3.699451835192357;53.40570200521319;34.80067405159358;2019-01-07;53.40570200521319;2019-01-07;34.80067405159358;2019-01-07;45.562023692778105;2018-12-31;30.447657554334093;2018-12-31;42.648573167503265;2018-12-24;37.9016136595258;2018-12-24;49.76487599945323;2018-12-17;46.797449480137246;2018-12-17;51.51386300677751;2018-12-10;27.711385331720713;2018-12-10
2019-01-14;2019;3;Agricultural;60103;2.495715688068815;3.82676405503885;35.24661890033129;22.987257847301358;2019-01-14;35.24661890033129;2019-01-14;22.987257847301358;2019-01-14;41.56897760450912;2019-01-07;30.321052776233252;2019-01-07;39.27948794392524;2018-12-31;26.457143021829047;2018-12-31;37.06118927208893;2018-12-24;35.06511020697872;2018-12-24;37.986898952642896;2018-12-17;38.009032874084774;2018-12-17
2019-01-14;2019;3;Industrial;340591;2.055251019551309;3.7288125640430896;46.96192584572491;28.537566895621758;2019-01-14;46.96192584572491;2019-01-14;28.537566895621758;2019-01-14;53.40570200521319;2019-01-07;34.80067405159358;2019-01-07;45.562023692778105;2018-12-31;30.447657554334093;2018-12-31;42.648573167503265;2018-12-24;37.9016136595258;2018-12-24;49.76487599945323;2018-12-17;46.797449480137246;2018-12-17
2019-01-21;2019;4;Agricultural;60103;1.9965725504550522;3.6603830091675955;34.229220692731666;36.28039712725451;2019-01-21;34.229220692731666;2019-01-21;36.28039712725451;2019-01-21;35.24661890033129;2019-01-14;22.987257847301358;2019-01-14;41.56897760450912;2019-01-07;30.321052776233252;2019-01-07;39.27948794392524;2018-12-31;26.457143021829047;2018-12-31;37.06118927208893;2018-12-24;35.06511020697872;2018-12-24
2019-01-21;2019;4;Industrial;340591;2.55438341001377;4.286666412207016;38.92268439886173;37.99704554191151;2019-01-21;38.92268439886173;2019-01-21;37.99704554191151;2019-01-21;46.96192584572491;2019-01-14;28.537566895621758;2019-01-14;53.40570200521319;2019-01-07;34.80067405159358;2019-01-07;45.562023692778105;2018-12-31;30.447657554334093;2018-12-31;42.648573167503265;2018-12-24;37.9016136595258;2018-12-24
2019-01-28;2019;5;Agricultural;60103;2.1629535963263065;4.825050330266376;35.21036349067753;24.347575143182727;2019-01-28;35.21036349067753;2019-01-28;24.347575143182727;2019-01-28;34.229220692731666;2019-01-21;36.28039712725451;2019-01-21;35.24661890033129;2019-01-14;22.987257847301358;2019-01-14;41.56897760450912;2019-01-07;30.321052776233252;2019-01-07;39.27948794392524;2018-12-31;26.457143021829047;2018-12-31
2019-01-28;2019;5;Industrial;340591;2.965433613924032;4.374748598759216;41.7723588537855;28.51413461596345;2019-01-28;41.7723588537855;2019-01-28;28.51413461596345;2019-01-28;38.92268439886173;2019-01-21;37.99704554191151;2019-01-21;46.96192584572491;2019-01-14;28.537566895621758;2019-01-14;53.40570200521319;2019-01-07;34.80067405159358;2019-01-07;45.562023692778105;2018-12-31;30.447657554334093;2018-12-31
2019-02-04;2019;6;Agricultural;60103;2.1629535963263065;3.9931451009101044;46.57321737770007;37.09149318071785;2019-02-04;46.57321737770007;2019-02-04;37.09149318071785;2019-02-04;35.21036349067753;2019-01-28;24.347575143182727;2019-01-28;34.229220692731666;2019-01-21;36.28039712725451;2019-01-21;35.24661890033129;2019-01-14;22.987257847301358;2019-01-14;41.56897760450912;2019-01-07;30.321052776233252;2019-01-07
2019-02-04;2019;6;Industrial;340591;2.6718263254167023;3.9930591236996866;51.41841791370798;34.56797962537592;2019-02-04;51.41841791370798;2019-02-04;34.56797962537592;2019-02-04;41.7723588537855;2019-01-28;28.51413461596345;2019-01-28;38.92268439886173;2019-01-21;37.99704554191151;2019-01-21;46.96192584572491;2019-01-14;28.537566895621758;2019-01-14;53.40570200521319;2019-01-07;34.80067405159358;2019-01-07
2019-02-11;2019;7;Agricultural;60103;1.8301915045837978;4.825050330266376;45.40580764782864;34.58322357224253;2019-02-11;45.40580764782864;2019-02-11;34.58322357224253;2019-02-11;46.57321737770007;2019-02-04;37.09149318071785;2019-02-04;35.21036349067753;2019-01-28;24.347575143182727;2019-01-28;34.229220692731666;2019-01-21;36.28039712725451;2019-01-21;35.24661890033129;2019-01-14;22.987257847301358;2019-01-14
2019-02-11;2019;7;Industrial;340591;2.5250226811630374;4.374748598759216;50.63394126686956;30.457452535605285;2019-02-11;50.63394126686956;2019-02-11;30.457452535605285;2019-02-11;51.41841791370798;2019-02-04;34.56797962537592;2019-02-04;41.7723588537855;2019-01-28;28.51413461596345;2019-01-28;38.92268439886173;2019-01-21;37.99704554191151;2019-01-21;46.96192584572491;2019-01-14;28.537566895621758;2019-01-14
2019-02-18;2019;8;Agricultural;60103;2.1629535963263065;3.4940019632963413;39.52740186512811;33.991970350763324;2019-02-18;39.52740186512811;2019-02-18;33.991970350763324;2019-02-18;45.40580764782864;2019-02-11;34.58322357224253;2019-02-11;46.57321737770007;2019-02-04;37.09149318071785;2019-02-04;35.21036349067753;2019-01-28;24.347575143182727;2019-01-28;34.229220692731666;2019-01-21;36.28039712725451;2019-01-21
2019-02-18;2019;8;Industrial;340591;1.8203651887454455;3.7288125640430896;49.1577349097323;42.06674125551784;2019-02-18;49.1577349097323;2019-02-18;42.06674125551784;2019-02-18;50.63394126686956;2019-02-11;30.457452535605285;2019-02-11;51.41841791370798;2019-02-04;34.56797962537592;2019-02-04;41.7723588537855;2019-01-28;28.51413461596345;2019-01-28;38.92268439886173;2019-01-21;37.99704554191151;2019-01-21
2019-02-25;2019;9;Agricultural;60103;2.495715688068815;2.9948588256825786;45.55484009412322;36.247056535242294;2019-02-25;45.55484009412322;2019-02-25;36.247056535242294;2019-02-25;39.52740186512811;2019-02-18;33.991970350763324;2019-02-18;45.40580764782864;2019-02-11;34.58322357224253;2019-02-11;46.57321737770007;2019-02-04;37.09149318071785;2019-02-04;35.21036349067753;2019-01-28;24.347575143182727;2019-01-28
2019-02-25;2019;9;Industrial;340591;1.4386757136859165;3.640730377490891;56.567097458847854;38.991997894771245;2019-02-25;56.567097458847854;2019-02-25;38.991997894771245;2019-02-25;49.1577349097323;2019-02-18;42.06674125551784;2019-02-18;50.63394126686956;2019-02-11;30.457452535605285;2019-02-11;51.41841791370798;2019-02-04;34.56797962537592;2019-02-04;41.7723588537855;2019-01-28;28.51413461596345;2019-01-28
2019-03-04;2019;10;Agricultural;60103;0.9982862752275261;2.1629535963263065;29.59482110880196;21.493047524614322;2019-03-04;29.59482110880196;2019-03-04;21.493047524614322;2019-03-04;45.55484009412322;2019-02-25;36.247056535242294;2019-02-25;39.52740186512811;2019-02-18;33.991970350763324;2019-02-18;45.40580764782864;2019-02-11;34.58322357224253;2019-02-11;46.57321737770007;2019-02-04;37.09149318071785;2019-02-04
2019-03-04;2019;10;Industrial;340591;1.5561186290888487;4.345387869908483;42.9011691415431;22.133861331815183;2019-03-04;42.9011691415431;2019-03-04;22.133861331815183;2019-03-04;56.567097458847854;2019-02-25;38.991997894771245;2019-02-25;49.1577349097323;2019-02-18;42.06674125551784;2019-02-18;50.63394126686956;2019-02-11;30.457452535605285;2019-02-11;51.41841791370798;2019-02-04;34.56797962537592;2019-02-04
2019-03-11;2019;11;Agricultural;60103;1.6638104587125433;4.325907192652613;27.41607896033167;17.98656651099267;2019-03-11;27.41607896033167;2019-03-11;17.98656651099267;2019-03-11;29.59482110880196;2019-03-04;21.493047524614322;2019-03-04;45.55484009412322;2019-02-25;36.247056535242294;2019-02-25;39.52740186512811;2019-02-18;33.991970350763324;2019-02-18;45.40580764782864;2019-02-11;34.58322357224253;2019-02-11
2019-03-11;2019;11;Industrial;340591;1.6735615444917804;3.4939267332372257;37.893371539336734;20.379380195886032;2019-03-11;37.893371539336734;2019-03-11;20.379380195886032;2019-03-11;42.9011691415431;2019-03-04;22.133861331815183;2019-03-04;56.567097458847854;2019-02-25;38.991997894771245;2019-02-25;49.1577349097323;2019-02-18;42.06674125551784;2019-02-18;50.63394126686956;2019-02-11;30.457452535605285;2019-02-11
2019-03-18;2019;12;Agricultural;60103;0.6655241834850174;2.495715688068815;28.66662304412079;23.08217811106624;2019-03-18;28.66662304412079;2019-03-18;23.08217811106624;2019-03-18;27.41607896033167;2019-03-11;17.98656651099267;2019-03-11;29.59482110880196;2019-03-04;21.493047524614322;2019-03-04;45.55484009412322;2019-02-25;36.247056535242294;2019-02-25;39.52740186512811;2019-02-18;33.991970350763324;2019-02-18
2019-03-18;2019;12;Industrial;340591;1.4386757136859165;3.8462554794460218;37.61225680866927;18.726231683520826;2019-03-18;37.61225680866927;2019-03-18;18.726231683520826;2019-03-18;37.893371539336734;2019-03-11;20.379380195886032;2019-03-11;42.9011691415431;2019-03-04;22.133861331815183;2019-03-04;56.567097458847854;2019-02-25;38.991997894771245;2019-02-25;49.1577349097323;2019-02-18;42.06674125551784;2019-02-18
2019-03-25;2019;13;Agricultural;60103;1.3310483669700348;2.9948588256825786;26.942751433941446;22.3480233489853;2019-03-25;26.942751433941446;2019-03-25;22.3480233489853;2019-03-25;28.66662304412079;2019-03-18;23.08217811106624;2019-03-18;27.41607896033167;2019-03-11;17.98656651099267;2019-03-11;29.59482110880196;2019-03-04;21.493047524614322;2019-03-04;45.55484009412322;2019-02-25;36.247056535242294;2019-02-25
2019-03-25;2019;13;Industrial;340591;1.8497259175961784;3.963698394848954;36.16377265077368;19.437766754757188;2019-03-25;36.16377265077368;2019-03-25;19.437766754757188;2019-03-25;37.61225680866927;2019-03-18;18.726231683520826;2019-03-18;37.893371539336734;2019-03-11;20.379380195886032;2019-03-11;42.9011691415431;2019-03-04;22.133861331815183;2019-03-04;56.567097458847854;2019-02-25;38.991997894771245;2019-02-25
2019-04-01;2019;14;Agricultural;60103;2.495715688068815;3.82676405503885;19.369011854197804;19.408152694414554;2019-04-01;19.369011854197804;2019-04-01;19.408152694414554;2019-04-01;26.942751433941446;2019-03-25;22.3480233489853;2019-03-25;28.66662304412079;2019-03-18;23.08217811106624;2019-03-18;27.41607896033167;2019-03-11;17.98656651099267;2019-03-11;29.59482110880196;2019-03-04;21.493047524614322;2019-03-04
2019-04-01;2019;14;Industrial;340591;1.8497259175961784;3.7288125640430896;31.10840805834786;17.62364134056977;2019-04-01;31.10840805834786;2019-04-01;17.62364134056977;2019-04-01;36.16377265077368;2019-03-25;19.437766754757188;2019-03-25;37.61225680866927;2019-03-18;18.726231683520826;2019-03-18;37.893371539336734;2019-03-11;20.379380195886032;2019-03-11;42.9011691415431;2019-03-04;22.133861331815183;2019-03-04
2019-04-08;2019;15;Agricultural;60103;1.6638104587125433;2.495715688068815;15.121614936246953;22.142988221912614;2019-04-08;15.121614936246953;2019-04-08;22.142988221912614;2019-04-08;19.369011854197804;2019-04-01;19.408152694414554;2019-04-01;26.942751433941446;2019-03-25;22.3480233489853;2019-03-25;28.66662304412079;2019-03-18;23.08217811106624;2019-03-18;27.41607896033167;2019-03-11;17.98656651099267;2019-03-11
2019-04-08;2019;15;Industrial;340591;1.6148400867903143;3.904976937147488;29.42102678920795;20.044859518119328;2019-04-08;29.42102678920795;2019-04-08;20.044859518119328;2019-04-08;31.10840805834786;2019-04-01;17.62364134056977;2019-04-01;36.16377265077368;2019-03-25;19.437766754757188;2019-03-25;37.61225680866927;2019-03-18;18.726231683520826;2019-03-18;37.893371539336734;2019-03-11;20.379380195886032;2019-03-11
2019-04-15;2019;16;Agricultural;60103;1.9965725504550522;2.1629535963263065;16.26337693473743;20.16904124127637;2019-04-15;16.26337693473743;2019-04-15;20.16904124127637;2019-04-15;15.121614936246953;2019-04-08;22.142988221912614;2019-04-08;19.369011854197804;2019-04-01;19.408152694414554;2019-04-01;26.942751433941446;2019-03-25;22.3480233489853;2019-03-25;28.66662304412079;2019-03-18;23.08217811106624;2019-03-18
2019-04-15;2019;16;Industrial;340591;1.4386757136859165;3.611369648640158;26.644380552777346;17.304207705584446;2019-04-15;26.644380552777346;2019-04-15;17.304207705584446;2019-04-15;29.42102678920795;2019-04-08;20.044859518119328;2019-04-08;31.10840805834786;2019-04-01;17.62364134056977;2019-04-01;36.16377265077368;2019-03-25;19.437766754757188;2019-03-25;37.61225680866927;2019-03-18;18.726231683520826;2019-03-18
2019-04-22;2019;17;Agricultural;60103;1.6638104587125433;3.4940019632963413;10.237942312530523;12.562491939695178;2019-04-22;10.237942312530523;2019-04-22;12.562491939695178;2019-04-22;16.26337693473743;2019-04-15;20.16904124127637;2019-04-15;15.121614936246953;2019-04-08;22.142988221912614;2019-04-08;19.369011854197804;2019-04-01;19.408152694414554;2019-04-01;26.942751433941446;2019-03-25;22.3480233489853;2019-03-25
2019-04-22;2019;17;Industrial;340591;1.4386757136859165;3.7288125640430896;18.379163008172384;11.266253389392503;2019-04-22;18.379163008172384;2019-04-22;11.266253389392503;2019-04-22;26.644380552777346;2019-04-15;17.304207705584446;2019-04-15;29.42102678920795;2019-04-08;20.044859518119328;2019-04-08;31.10840805834786;2019-04-01;17.62364134056977;2019-04-01;36.16377265077368;2019-03-25;19.437766754757188;2019-03-25
2019-04-29;2019;18;Agricultural;60103;0.3327620917425087;3.9931451009101044;10.847533282452108;13.03707211673647;2019-04-29;10.847533282452108;2019-04-29;13.03707211673647;2019-04-29;10.237942312530523;2019-04-22;12.562491939695178;2019-04-22;16.26337693473743;2019-04-15;20.16904124127637;2019-04-15;15.121614936246953;2019-04-08;22.142988221912614;2019-04-08;19.369011854197804;2019-04-01;19.408152694414554;2019-04-01
2019-04-29;2019;18;Industrial;340591;1.1157076963278536;3.611369648640158;21.77194941775117;11.637946232388703;2019-04-29;21.77194941775117;2019-04-29;11.637946232388703;2019-04-29;18.379163008172384;2019-04-22;11.266253389392503;2019-04-22;26.644380552777346;2019-04-15;17.304207705584446;2019-04-15;29.42102678920795;2019-04-08;20.044859518119328;2019-04-08;31.10840805834786;2019-04-01;17.62364134056977;2019-04-01
2019-05-06;2019;19;Agricultural;60103;2.3293346421975607;3.3276209174250866;11.913238773184608;12.824368864918807;2019-05-06;11.913238773184608;2019-05-06;12.824368864918807;2019-05-06;10.847533282452108;2019-04-29;13.03707211673647;2019-04-29;10.237942312530523;2019-04-22;12.562491939695178;2019-04-22;16.26337693473743;2019-04-15;20.16904124127637;2019-04-15;15.121614936246953;2019-04-08;22.142988221912614;2019-04-08
2019-05-06;2019;19;Industrial;340591;1.2037898828800526;3.582008919789425;24.085667158861355;13.323853927395406;2019-05-06;24.085667158861355;2019-05-06;13.323853927395406;2019-05-06;21.77194941775117;2019-04-29;11.637946232388703;2019-04-29;18.379163008172384;2019-04-22;11.266253389392503;2019-04-22;26.644380552777346;2019-04-15;17.304207705584446;2019-04-15;29.42102678920795;2019-04-08;20.044859518119328;2019-04-08
2019-05-13;2019;20;Agricultural;60103;2.3293346421975607;2.828477779811324;11.132143332832978;11.470745057579647;2019-05-13;11.132143332832978;2019-05-13;11.470745057579647;2019-05-13;11.913238773184608;2019-05-06;12.824368864918807;2019-05-06;10.847533282452108;2019-04-29;13.03707211673647;2019-04-29;10.237942312530523;2019-04-22;12.562491939695178;2019-04-22;16.26337693473743;2019-04-15;20.16904124127637;2019-04-15
2019-05-13;2019;20;Industrial;340591;1.7910044598947126;3.7288125640430896;23.698533520694106;12.279061057653857;2019-05-13;23.698533520694106;2019-05-13;12.279061057653857;2019-05-13;24.085667158861355;2019-05-06;13.323853927395406;2019-05-06;21.77194941775117;2019-04-29;11.637946232388703;2019-04-29;18.379163008172384;2019-04-22;11.266253389392503;2019-04-22;26.644380552777346;2019-04-15;17.304207705584446;2019-04-15
2019-05-20;2019;21;Agricultural;60103;1.4974294128412893;4.159526146781358;11.956768224745613;18.009420778567307;2019-05-20;11.956768224745613;2019-05-20;18.009420778567307;2019-05-20;11.132143332832978;2019-05-13;11.470745057579647;2019-05-13;11.913238773184608;2019-05-06;12.824368864918807;2019-05-06;10.847533282452108;2019-04-29;13.03707211673647;2019-04-29;10.237942312530523;2019-04-22;12.562491939695178;2019-04-22
2019-05-20;2019;21;Industrial;340591;2.1139724772527755;3.523287462087959;22.368279199084295;16.543628028093796;2019-05-20;22.368279199084295;2019-05-20;16.543628028093796;2019-05-20;23.698533520694106;2019-05-13;12.279061057653857;2019-05-13;24.085667158861355;2019-05-06;13.323853927395406;2019-05-06;21.77194941775117;2019-04-29;11.637946232388703;2019-04-29;18.379163008172384;2019-04-22;11.266253389392503;2019-04-22
2019-05-27;2019;22;Agricultural;60103;0.6655241834850174;3.161239871553833;13.100273997509499;14.846174500049683;2019-05-27;13.100273997509499;2019-05-27;14.846174500049683;2019-05-27;11.956768224745613;2019-05-20;18.009420778567307;2019-05-20;11.132143332832978;2019-05-13;11.470745057579647;2019-05-13;11.913238773184608;2019-05-06;12.824368864918807;2019-05-06;10.847533282452108;2019-04-29;13.03707211673647;2019-04-29
2019-05-27;2019;22;Industrial;340591;1.5854793579395814;2.8479906985211003;22.247256752770642;14.355112876552585;2019-05-27;22.247256752770642;2019-05-27;14.355112876552585;2019-05-27;22.368279199084295;2019-05-20;16.543628028093796;2019-05-20;23.698533520694106;2019-05-13;12.279061057653857;2019-05-13;24.085667158861355;2019-05-06;13.323853927395406;2019-05-06;21.77194941775117;2019-04-29;11.637946232388703;2019-04-29
2019-06-03;2019;23;Agricultural;60103;1.9965725504550522;3.9931451009101044;14.446118262906529;16.69519256993173;2019-06-03;14.446118262906529;2019-06-03;16.69519256993173;2019-06-03;13.100273997509499;2019-05-27;14.846174500049683;2019-05-27;11.956768224745613;2019-05-20;18.009420778567307;2019-05-20;11.132143332832978;2019-05-13;11.470745057579647;2019-05-13;11.913238773184608;2019-05-06;12.824368864918807;2019-05-06
2019-06-03;2019;23;Industrial;340591;1.4386757136859165;3.523287462087959;22.12098976710907;20.295349061203854;2019-06-03;22.12098976710907;2019-06-03;20.295349061203854;2019-06-03;22.247256752770642;2019-05-27;14.355112876552585;2019-05-27;22.368279199084295;2019-05-20;16.543628028093796;2019-05-20;23.698533520694106;2019-05-13;12.279061057653857;2019-05-13;24.085667158861355;2019-05-06;13.323853927395406;2019-05-06
2019-06-10;2019;24;Agricultural;60103;1.4974294128412893;3.6603830091675955;14.407143174269605;10.423021710497107;2019-06-10;14.407143174269605;2019-06-10;10.423021710497107;2019-06-10;14.446118262906529;2019-06-03;16.69519256993173;2019-06-03;13.100273997509499;2019-05-27;14.846174500049683;2019-05-27;11.956768224745613;2019-05-20;18.009420778567307;2019-05-20;11.132143332832978;2019-05-13;11.470745057579647;2019-05-13
2019-06-10;2019;24;Industrial;340591;1.3212327982829846;3.8462554794460218;20.764933149527142;14.450736099083347;2019-06-10;20.764933149527142;2019-06-10;14.450736099083347;2019-06-10;22.12098976710907;2019-06-03;20.295349061203854;2019-06-03;22.247256752770642;2019-05-27;14.355112876552585;2019-05-27;22.368279199084295;2019-05-20;16.543628028093796;2019-05-20;23.698533520694106;2019-05-13;12.279061057653857;2019-05-13
2019-06-17;2019;25;Agricultural;60103;1.9965725504550522;4.325907192652613;18.855284705822662;10.39194117510259;2019-06-17;18.855284705822662;2019-06-17;10.39194117510259;2019-06-17;14.407143174269605;2019-06-10;10.423021710497107;2019-06-10;14.446118262906529;2019-06-03;16.69519256993173;2019-06-03;13.100273997509499;2019-05-27;14.846174500049683;2019-05-27;11.956768224745613;2019-05-20;18.009420778567307;2019-05-20
2019-06-17;2019;25;Industrial;340591;1.5854793579395814;3.464566004386493;21.78080728815061;12.741792574768729;2019-06-17;21.78080728815061;2019-06-17;12.741792574768729;2019-06-17;20.764933149527142;2019-06-10;14.450736099083347;2019-06-10;22.12098976710907;2019-06-03;20.295349061203854;2019-06-03;22.247256752770642;2019-05-27;14.355112876552585;2019-05-27;22.368279199084295;2019-05-20;16.543628028093796;2019-05-20
2019-06-24;2019;26;Agricultural;60103;1.8301915045837978;2.6620967339400696;21.187321061232947;11.111165609929872;2019-06-24;21.187321061232947;2019-06-24;11.111165609929872;2019-06-24;18.855284705822662;2019-06-17;10.39194117510259;2019-06-17;14.407143174269605;2019-06-10;10.423021710497107;2019-06-10;14.446118262906529;2019-06-03;16.69519256993173;2019-06-03;13.100273997509499;2019-05-27;14.846174500049683;2019-05-27
2019-06-24;2019;26;Industrial;340591;1.9084473752976443;4.02241985255042;21.71829579668031;11.633957649470812;2019-06-24;21.71829579668031;2019-06-24;11.633957649470812;2019-06-24;21.78080728815061;2019-06-17;12.741792574768729;2019-06-17;20.764933149527142;2019-06-10;14.450736099083347;2019-06-10;22.12098976710907;2019-06-03;20.295349061203854;2019-06-03;22.247256752770642;2019-05-27;14.355112876552585;2019-05-27
2019-07-01;2019;27;Agricultural;60103;0.9982862752275261;3.82676405503885;18.78202525597414;10.015737943369619;2019-07-01;18.78202525597414;2019-07-01;10.015737943369619;2019-07-01;21.187321061232947;2019-06-24;11.111165609929872;2019-06-24;18.855284705822662;2019-06-17;10.39194117510259;2019-06-17;14.407143174269605;2019-06-10;10.423021710497107;2019-06-10;14.446118262906529;2019-06-03;16.69519256993173;2019-06-03
2019-07-01;2019;27;Industrial;340591;1.4973971713873826;4.1398627679533515;24.388027414412736;14.026432316637413;2019-07-01;24.388027414412736;2019-07-01;14.026432316637413;2019-07-01;21.71829579668031;2019-06-24;11.633957649470812;2019-06-24;21.78080728815061;2019-06-17;12.741792574768729;2019-06-17;20.764933149527142;2019-06-10;14.450736099083347;2019-06-10;22.12098976710907;2019-06-03;20.295349061203854;2019-06-03
2019-07-08;2019;28;Agricultural;60103;1.3310483669700348;2.9948588256825786;13.164532544603876;9.63371860709476;2019-07-08;13.164532544603876;2019-07-08;9.63371860709476;2019-07-08;18.78202525597414;2019-07-01;10.015737943369619;2019-07-01;21.187321061232947;2019-06-24;11.111165609929872;2019-06-24;18.855284705822662;2019-06-17;10.39194117510259;2019-06-17;14.407143174269605;2019-06-10;10.423021710497107;2019-06-10
2019-07-08;2019;28;Industrial;340591;1.3799542559844504;3.523287462087959;19.972849471843855;10.715162892935187;2019-07-08;19.972849471843855;2019-07-08;10.715162892935187;2019-07-08;24.388027414412736;2019-07-01;14.026432316637413;2019-07-01;21.71829579668031;2019-06-24;11.633957649470812;2019-06-24;21.78080728815061;2019-06-17;12.741792574768729;2019-06-17;20.764933149527142;2019-06-10;14.450736099083347;2019-06-10
2019-07-15;2019;29;Agricultural;60103;1.4974294128412893;3.161239871553833;19.623095072484602;13.394023640741908;2019-07-15;19.623095072484602;2019-07-15;13.394023640741908;2019-07-15;13.164532544603876;2019-07-08;9.63371860709476;2019-07-08;18.78202525597414;2019-07-01;10.015737943369619;2019-07-01;21.187321061232947;2019-06-24;11.111165609929872;2019-06-24;18.855284705822662;2019-06-17;10.39194117510259;2019-06-17
2019-07-15;2019;29;Industrial;340591;1.6442008156410475;3.464566004386493;21.035910360941813;13.125205212505128;2019-07-15;21.035910360941813;2019-07-15;13.125205212505128;2019-07-15;19.972849471843855;2019-07-08;10.715162892935187;2019-07-08;24.388027414412736;2019-07-01;14.026432316637413;2019-07-01;21.71829579668031;2019-06-24;11.633957649470812;2019-06-24;21.78080728815061;2019-06-17;12.741792574768729;2019-06-17
2019-07-22;2019;30;Agricultural;60103;0.9982862752275261;3.161239871553833;16.125376270885436;14.03243149533718;2019-07-22;16.125376270885436;2019-07-22;14.03243149533718;2019-07-22;19.623095072484602;2019-07-15;13.394023640741908;2019-07-15;13.164532544603876;2019-07-08;9.63371860709476;2019-07-08;18.78202525597414;2019-07-01;10.015737943369619;2019-07-01;21.187321061232947;2019-06-24;11.111165609929872;2019-06-24
2019-07-22;2019;30;Industrial;340591;2.2020546638049745;3.14159798702843;21.733590395409774;19.34942755493331;2019-07-22;21.733590395409774;2019-07-22;19.34942755493331;2019-07-22;21.035910360941813;2019-07-15;13.125205212505128;2019-07-15;19.972849471843855;2019-07-08;10.715162892935187;2019-07-08;24.388027414412736;2019-07-01;14.026432316637413;2019-07-01;21.71829579668031;2019-06-24;11.633957649470812;2019-06-24
2019-07-29;2019;31;Agricultural;60103;0.9982862752275261;2.3293346421975607;15.694077340871084;11.024146030524507;2019-07-29;15.694077340871084;2019-07-29;11.024146030524507;2019-07-29;16.125376270885436;2019-07-22;14.03243149533718;2019-07-22;19.623095072484602;2019-07-15;13.394023640741908;2019-07-15;13.164532544603876;2019-07-08;9.63371860709476;2019-07-08;18.78202525597414;2019-07-01;10.015737943369619;2019-07-01
2019-07-29;2019;31;Industrial;340591;1.6442008156410475;3.317762360132828;20.041001609020835;11.69764468932826;2019-07-29;20.041001609020835;2019-07-29;11.69764468932826;2019-07-29;21.733590395409774;2019-07-22;19.34942755493331;2019-07-22;21.035910360941813;2019-07-15;13.125205212505128;2019-07-15;19.972849471843855;2019-07-08;10.715162892935187;2019-07-08;24.388027414412736;2019-07-01;14.026432316637413;2019-07-01
2019-08-05;2019;32;Agricultural;60103;0.9982862752275261;2.9948588256825786;13.281949145554835;10.047736032152425;2019-08-05;13.281949145554835;2019-08-05;10.047736032152425;2019-08-05;15.694077340871084;2019-07-29;11.024146030524507;2019-07-29;16.125376270885436;2019-07-22;14.03243149533718;2019-07-22;19.623095072484602;2019-07-15;13.394023640741908;2019-07-15;13.164532544603876;2019-07-08;9.63371860709476;2019-07-08
2019-08-05;2019;32;Industrial;340591;1.4973971713873826;3.640730377490891;17.545287873693155;11.72095012207403;2019-08-05;17.545287873693155;2019-08-05;11.72095012207403;2019-08-05;20.041001609020835;2019-07-29;11.69764468932826;2019-07-29;21.733590395409774;2019-07-22;19.34942755493331;2019-07-22;21.035910360941813;2019-07-15;13.125205212505128;2019-07-15;19.972849471843855;2019-07-08;10.715162892935187;2019-07-08
2019-08-12;2019;33;Agricultural;60103;1.4974294128412893;3.4940019632963413;12.08407960304188;6.938811451235421;2019-08-12;12.08407960304188;2019-08-12;6.938811451235421;2019-08-12;13.281949145554835;2019-08-05;10.047736032152425;2019-08-05;15.694077340871084;2019-07-29;11.024146030524507;2019-07-29;16.125376270885436;2019-07-22;14.03243149533718;2019-07-22;19.623095072484602;2019-07-15;13.394023640741908;2019-07-15
2019-08-12;2019;33;Industrial;340591;1.1744291540293197;2.9067121562225657;14.708029796554753;8.311126667176922;2019-08-12;14.708029796554753;2019-08-12;8.311126667176922;2019-08-12;17.545287873693155;2019-08-05;11.72095012207403;2019-08-05;20.041001609020835;2019-07-29;11.69764468932826;2019-07-29;21.733590395409774;2019-07-22;19.34942755493331;2019-07-22;21.035910360941813;2019-07-15;13.125205212505128;2019-07-15
2019-08-19;2019;34;Agricultural;60103;1.3310483669700348;2.9948588256825786;12.77600534464278;8.938792423630593;2019-08-19;12.77600534464278;2019-08-19;8.938792423630593;2019-08-19;12.08407960304188;2019-08-12;6.938811451235421;2019-08-12;13.281949145554835;2019-08-05;10.047736032152425;2019-08-05;15.694077340871084;2019-07-29;11.024146030524507;2019-07-29;16.125376270885436;2019-07-22;14.03243149533718;2019-07-22
2019-08-19;2019;34;Industrial;340591;1.4386757136859165;3.14159798702843;14.063451104600114;9.98921844242311;2019-08-19;14.063451104600114;2019-08-19;9.98921844242311;2019-08-19;14.708029796554753;2019-08-12;8.311126667176922;2019-08-12;17.545287873693155;2019-08-05;11.72095012207403;2019-08-05;20.041001609020835;2019-07-29;11.69764468932826;2019-07-29;21.733590395409774;2019-07-22;19.34942755493331;2019-07-22
2019-08-26;2019;35;Agricultural;60103;1.3310483669700348;3.6603830091675955;13.984484891024678;15.14468802127709;2019-08-26;13.984484891024678;2019-08-26;15.14468802127709;2019-08-26;12.77600534464278;2019-08-19;8.938792423630593;2019-08-19;12.08407960304188;2019-08-12;6.938811451235421;2019-08-12;13.281949145554835;2019-08-05;10.047736032152425;2019-08-05;15.694077340871084;2019-07-29;11.024146030524507;2019-07-29
2019-08-26;2019;35;Industrial;340591;1.1450684251785868;3.1122372581776974;21.420383051876517;13.823545194909956;2019-08-26;21.420383051876517;2019-08-26;13.823545194909956;2019-08-26;14.063451104600114;2019-08-19;9.98921844242311;2019-08-19;14.708029796554753;2019-08-12;8.311126667176922;2019-08-12;17.545287873693155;2019-08-05;11.72095012207403;2019-08-05;20.041001609020835;2019-07-29;11.69764468932826;2019-07-29
2019-09-02;2019;36;Agricultural;60103;1.6638104587125433;4.159526146781358;14.437951403497275;11.464990264208865;2019-09-02;14.437951403497275;2019-09-02;11.464990264208865;2019-09-02;13.984484891024678;2019-08-26;15.14468802127709;2019-08-26;12.77600534464278;2019-08-19;8.938792423630593;2019-08-19;12.08407960304188;2019-08-12;6.938811451235421;2019-08-12;13.281949145554835;2019-08-05;10.047736032152425;2019-08-05
2019-09-02;2019;36;Industrial;340591;1.3799542559844504;3.347123088983561;22.49052973850616;11.672573719555666;2019-09-02;22.49052973850616;2019-09-02;11.672573719555666;2019-09-02;21.420383051876517;2019-08-26;13.823545194909956;2019-08-26;14.063451104600114;2019-08-19;9.98921844242311;2019-08-19;14.708029796554753;2019-08-12;8.311126667176922;2019-08-12;17.545287873693155;2019-08-05;11.72095012207403;2019-08-05
2019-09-09;2019;37;Agricultural;60103;0.8319052293562716;4.658669284395121;17.59682704118631;14.218728660012642;2019-09-09;17.59682704118631;2019-09-09;14.218728660012642;2019-09-09;14.437951403497275;2019-09-02;11.464990264208865;2019-09-02;13.984484891024678;2019-08-26;15.14468802127709;2019-08-26;12.77600534464278;2019-08-19;8.938792423630593;2019-08-19;12.08407960304188;2019-08-12;6.938811451235421;2019-08-12
2019-09-09;2019;37;Industrial;340591;1.1450684251785868;2.965433613924032;27.70670723474591;12.607832345360716;2019-09-09;27.70670723474591;2019-09-09;12.607832345360716;2019-09-09;22.49052973850616;2019-09-02;11.672573719555666;2019-09-02;21.420383051876517;2019-08-26;13.823545194909956;2019-08-26;14.063451104600114;2019-08-19;9.98921844242311;2019-08-19;14.708029796554753;2019-08-12;8.311126667176922;2019-08-12
2019-09-16;2019;38;Agricultural;60103;0.8319052293562716;2.9948588256825786;16.020496113083173;14.214367110150803;2019-09-16;16.020496113083173;2019-09-16;14.214367110150803;2019-09-16;17.59682704118631;2019-09-09;14.218728660012642;2019-09-09;14.437951403497275;2019-09-02;11.464990264208865;2019-09-02;13.984484891024678;2019-08-26;15.14468802127709;2019-08-26;12.77600534464278;2019-08-19;8.938792423630593;2019-08-19
2019-09-16;2019;38;Industrial;340591;1.4680364425366494;3.4058445466850267;27.681431675953007;16.87889086779628;2019-09-16;27.681431675953007;2019-09-16;16.87889086779628;2019-09-16;27.70670723474591;2019-09-09;12.607832345360716;2019-09-09;22.49052973850616;2019-09-02;11.672573719555666;2019-09-02;21.420383051876517;2019-08-26;13.823545194909956;2019-08-26;14.063451104600114;2019-08-19;9.98921844242311;2019-08-19
2019-09-23;2019;39;Agricultural;60103;1.3310483669700348;2.9948588256825786;18.35854984281084;19.02501495781157;2019-09-23;18.35854984281084;2019-09-23;19.02501495781157;2019-09-23;16.020496113083173;2019-09-16;14.214367110150803;2019-09-16;17.59682704118631;2019-09-09;14.218728660012642;2019-09-09;14.437951403497275;2019-09-02;11.464990264208865;2019-09-02;13.984484891024678;2019-08-26;15.14468802127709;2019-08-26
2019-09-23;2019;39;Industrial;340591;1.4386757136859165;3.758173292893823;29.270664480026557;18.431867728339494;2019-09-23;29.270664480026557;2019-09-23;18.431867728339494;2019-09-23;27.681431675953007;2019-09-16;16.87889086779628;2019-09-16;27.70670723474591;2019-09-09;12.607832345360716;2019-09-09;22.49052973850616;2019-09-02;11.672573719555666;2019-09-02;21.420383051876517;2019-08-26;13.823545194909956;2019-08-26
2019-09-30;2019;40;Agricultural;60103;0.8319052293562716;2.6620967339400696;20.583065008868978;14.416332450311526;2019-09-30;20.583065008868978;2019-09-30;14.416332450311526;2019-09-30;18.35854984281084;2019-09-23;19.02501495781157;2019-09-23;16.020496113083173;2019-09-16;14.214367110150803;2019-09-16;17.59682704118631;2019-09-09;14.218728660012642;2019-09-09;14.437951403497275;2019-09-02;11.464990264208865;2019-09-02
2019-09-30;2019;40;Industrial;340591;1.3505935271337175;3.8756162082967545;26.98063357237885;14.857832990345017;2019-09-30;26.98063357237885;2019-09-30;14.857832990345017;2019-09-30;29.270664480026557;2019-09-23;18.431867728339494;2019-09-23;27.681431675953007;2019-09-16;16.87889086779628;2019-09-16;27.70670723474591;2019-09-09;12.607832345360716;2019-09-09;22.49052973850616;2019-09-02;11.672573719555666;2019-09-02
2019-10-07;2019;41;Agricultural;60103;2.1629535963263065;4.159526146781358;21.019105195170372;21.081027998063412;2019-10-07;21.019105195170372;2019-10-07;21.081027998063412;2019-10-07;20.583065008868978;2019-09-30;14.416332450311526;2019-09-30;18.35854984281084;2019-09-23;19.02501495781157;2019-09-23;16.020496113083173;2019-09-16;14.214367110150803;2019-09-16;17.59682704118631;2019-09-09;14.218728660012642;2019-09-09
2019-10-07;2019;41;Industrial;340591;1.4680364425366494;3.4058445466850267;26.92777801188319;20.28519528834668;2019-10-07;26.92777801188319;2019-10-07;20.28519528834668;2019-10-07;26.98063357237885;2019-09-30;14.857832990345017;2019-09-30;29.270664480026557;2019-09-23;18.431867728339494;2019-09-23;27.681431675953007;2019-09-16;16.87889086779628;2019-09-16;27.70670723474591;2019-09-09;12.607832345360716;2019-09-09
2019-10-14;2019;42;Agricultural;60103;1.3310483669700348;2.6620967339400696;19.178584007932397;16.886335431302946;2019-10-14;19.178584007932397;2019-10-14;16.886335431302946;2019-10-14;21.019105195170372;2019-10-07;21.081027998063412;2019-10-07;20.583065008868978;2019-09-30;14.416332450311526;2019-09-30;18.35854984281084;2019-09-23;19.02501495781157;2019-09-23;16.020496113083173;2019-09-16;14.214367110150803;2019-09-16
2019-10-14;2019;42;Industrial;340591;2.143333206103508;3.7288125640430896;25.096625485135693;16.697720367486255;2019-10-14;25.096625485135693;2019-10-14;16.697720367486255;2019-10-14;26.92777801188319;2019-10-07;20.28519528834668;2019-10-07;26.98063357237885;2019-09-30;14.857832990345017;2019-09-30;29.270664480026557;2019-09-23;18.431867728339494;2019-09-23;27.681431675953007;2019-09-16;16.87889086779628;2019-09-16
2019-10-21;2019;43;Agricultural;60103;0.8319052293562716;5.490574513751393;19.399450736474016;17.742370459009255;2019-10-21;19.399450736474016;2019-10-21;17.742370459009255;2019-10-21;19.178584007932397;2019-10-14;16.886335431302946;2019-10-14;21.019105195170372;2019-10-07;21.081027998063412;2019-10-07;20.583065008868978;2019-09-30;14.416332450311526;2019-09-30;18.35854984281084;2019-09-23;19.02501495781157;2019-09-23
2019-10-21;2019;43;Industrial;340591;1.7616437310439794;3.611369648640158;23.71733924196285;14.680352230226717;2019-10-21;23.71733924196285;2019-10-21;14.680352230226717;2019-10-21;25.096625485135693;2019-10-14;16.697720367486255;2019-10-14;26.92777801188319;2019-10-07;20.28519528834668;2019-10-07;26.98063357237885;2019-09-30;14.857832990345017;2019-09-30;29.270664480026557;2019-09-23;18.431867728339494;2019-09-23
2019-10-28;2019;44;Agricultural;60103;1.6638104587125433;4.825050330266376;20.13536005513777;23.112954204783538;2019-10-28;20.13536005513777;2019-10-28;23.112954204783538;2019-10-28;19.399450736474016;2019-10-21;17.742370459009255;2019-10-21;19.178584007932397;2019-10-14;16.886335431302946;2019-10-14;21.019105195170372;2019-10-07;21.081027998063412;2019-10-07;20.583065008868978;2019-09-30;14.416332450311526;2019-09-30
2019-10-28;2019;44;Industrial;340591;1.5561186290888487;2.7892692408196345;35.37108638575737;21.288849769396613;2019-10-28;35.37108638575737;2019-10-28;21.288849769396613;2019-10-28;23.71733924196285;2019-10-21;14.680352230226717;2019-10-21;25.096625485135693;2019-10-14;16.697720367486255;2019-10-14;26.92777801188319;2019-10-07;20.28519528834668;2019-10-07;26.98063357237885;2019-09-30;14.857832990345017;2019-09-30
2019-11-04;2019;45;Agricultural;60103;1.6638104587125433;4.159526146781358;26.271896861925125;15.211857580492055;2019-11-04;26.271896861925125;2019-11-04;15.211857580492055;2019-11-04;20.13536005513777;2019-10-28;23.112954204783538;2019-10-28;19.399450736474016;2019-10-21;17.742370459009255;2019-10-21;19.178584007932397;2019-10-14;16.886335431302946;2019-10-14;21.019105195170372;2019-10-07;21.081027998063412;2019-10-07
2019-11-04;2019;45;Industrial;340591;1.5854793579395814;3.376483817834294;33.350770928235605;14.447569226165035;2019-11-04;33.350770928235605;2019-11-04;14.447569226165035;2019-11-04;35.37108638575737;2019-10-28;21.288849769396613;2019-10-28;23.71733924196285;2019-10-21;14.680352230226717;2019-10-21;25.096625485135693;2019-10-14;16.697720367486255;2019-10-14;26.92777801188319;2019-10-07;20.28519528834668;2019-10-07
2019-11-11;2019;46;Agricultural;60103;1.6638104587125433;3.3276209174250866;27.004331317111944;13.051962274602165;2019-11-11;27.004331317111944;2019-11-11;13.051962274602165;2019-11-11;26.271896861925125;2019-11-04;15.211857580492055;2019-11-04;20.13536005513777;2019-10-28;23.112954204783538;2019-10-28;19.399450736474016;2019-10-21;17.742370459009255;2019-10-21;19.178584007932397;2019-10-14;16.886335431302946;2019-10-14
2019-11-11;2019;46;Industrial;340591;1.6442008156410475;3.758173292893823;33.6990877772035;14.02283588417458;2019-11-11;33.6990877772035;2019-11-11;14.02283588417458;2019-11-11;33.350770928235605;2019-11-04;14.447569226165035;2019-11-04;35.37108638575737;2019-10-28;21.288849769396613;2019-10-28;23.71733924196285;2019-10-21;14.680352230226717;2019-10-21;25.096625485135693;2019-10-14;16.697720367486255;2019-10-14
2019-11-18;2019;47;Agricultural;60103;2.1629535963263065;2.828477779811324;24.73553172641687;12.190233764696183;2019-11-18;24.73553172641687;2019-11-18;12.190233764696183;2019-11-18;27.004331317111944;2019-11-11;13.051962274602165;2019-11-11;26.271896861925125;2019-11-04;15.211857580492055;2019-11-04;20.13536005513777;2019-10-28;23.112954204783538;2019-10-28;19.399450736474016;2019-10-21;17.742370459009255;2019-10-21
2019-11-18;2019;47;Industrial;340591;1.6735615444917804;3.4058445466850267;28.152523307582694;12.775698539497549;2019-11-18;28.152523307582694;2019-11-18;12.775698539497549;2019-11-18;33.6990877772035;2019-11-11;14.02283588417458;2019-11-11;33.350770928235605;2019-11-04;14.447569226165035;2019-11-04;35.37108638575737;2019-10-28;21.288849769396613;2019-10-28;23.71733924196285;2019-10-21;14.680352230226717;2019-10-21
2019-11-25;2019;48;Agricultural;60103;1.3310483669700348;3.161239871553833;36.4799197457912;19.08444239604057;2019-11-25;36.4799197457912;2019-11-25;19.08444239604057;2019-11-25;24.73553172641687;2019-11-18;12.190233764696183;2019-11-18;27.004331317111944;2019-11-11;13.051962274602165;2019-11-11;26.271896861925125;2019-11-04;15.211857580492055;2019-11-04;20.13536005513777;2019-10-28;23.112954204783538;2019-10-28
2019-11-25;2019;48;Industrial;340591;1.5267579002381155;3.4352052755357603;37.06200547978663;23.244513978529763;2019-11-25;37.06200547978663;2019-11-25;23.244513978529763;2019-11-25;28.152523307582694;2019-11-18;12.775698539497549;2019-11-18;33.6990877772035;2019-11-11;14.02283588417458;2019-11-11;33.350770928235605;2019-11-04;14.447569226165035;2019-11-04;35.37108638575737;2019-10-28;21.288849769396613;2019-10-28
2019-12-02;2019;49;Agricultural;60103;1.6638104587125433;1.8301915045837978;42.790481757812415;26.918957202688393;2019-12-02;42.790481757812415;2019-12-02;26.918957202688393;2019-12-02;36.4799197457912;2019-11-25;19.08444239604057;2019-11-25;24.73553172641687;2019-11-18;12.190233764696183;2019-11-18;27.004331317111944;2019-11-11;13.051962274602165;2019-11-11;26.271896861925125;2019-11-04;15.211857580492055;2019-11-04
2019-12-02;2019;49;Industrial;340591;1.2918720694322514;3.904976937147488;42.37130550842392;29.472780802515267;2019-12-02;42.37130550842392;2019-12-02;29.472780802515267;2019-12-02;37.06200547978663;2019-11-25;23.244513978529763;2019-11-25;28.152523307582694;2019-11-18;12.775698539497549;2019-11-18;33.6990877772035;2019-11-11;14.02283588417458;2019-11-11;33.350770928235605;2019-11-04;14.447569226165035;2019-11-04
2019-12-09;2019;50;Agricultural;60103;1.3310483669700348;3.4940019632963413;44.99390862944163;21.387837554995063;2019-12-09;44.99390862944163;2019-12-09;21.387837554995063;2019-12-09;42.790481757812415;2019-12-02;26.918957202688393;2019-12-02;36.4799197457912;2019-11-25;19.08444239604057;2019-11-25;24.73553172641687;2019-11-18;12.190233764696183;2019-11-18;27.004331317111944;2019-11-11;13.051962274602165;2019-11-11
2019-12-09;2019;50;Industrial;340591;1.9965295618498433;3.523287462087959;46.56649839742901;27.203426758592695;2019-12-09;46.56649839742901;2019-12-09;27.203426758592695;2019-12-09;42.37130550842392;2019-12-02;29.472780802515267;2019-12-02;37.06200547978663;2019-11-25;23.244513978529763;2019-11-25;28.152523307582694;2019-11-18;12.775698539497549;2019-11-18;33.6990877772035;2019-11-11;14.02283588417458;2019-11-11
2019-12-16;2019;51;Agricultural;60103;1.6638104587125433;4.658669284395121;34.98119396106107;20.975020983219768;2019-12-16;34.98119396106107;2019-12-16;20.975020983219768;2019-12-16;44.99390862944163;2019-12-09;21.387837554995063;2019-12-09;42.790481757812415;2019-12-02;26.918957202688393;2019-12-02;36.4799197457912;2019-11-25;19.08444239604057;2019-11-25;24.73553172641687;2019-11-18;12.190233764696183;2019-11-18
2019-12-16;2019;51;Industrial;340591;1.7616437310439794;3.787534021744556;33.639296012535056;26.12988865851005;2019-12-16;33.639296012535056;2019-12-16;26.12988865851005;2019-12-16;46.56649839742901;2019-12-09;27.203426758592695;2019-12-09;42.37130550842392;2019-12-02;29.472780802515267;2019-12-02;37.06200547978663;2019-11-25;23.244513978529763;2019-11-25;28.152523307582694;2019-11-18;12.775698539497549;2019-11-18
2019-12-23;2019;52;Agricultural;60103;1.4974294128412893;4.99143137613763;39.5205872341685;21.795607583134775;2019-12-23;39.5205872341685;2019-12-23;21.795607583134775;2019-12-23;34.98119396106107;2019-12-16;20.975020983219768;2019-12-16;44.99390862944163;2019-12-09;21.387837554995063;2019-12-09;42.790481757812415;2019-12-02;26.918957202688393;2019-12-02;36.4799197457912;2019-11-25;19.08444239604057;2019-11-25
2019-12-23;2019;52;Industrial;340591;2.0846117484020423;3.170958715879163;35.7089988209687;23.40944506410714;2019-12-23;35.7089988209687;2019-12-23;23.40944506410714;2019-12-23;33.639296012535056;2019-12-16;26.12988865851005;2019-12-16;46.56649839742901;2019-12-09;27.203426758592695;2019-12-09;42.37130550842392;2019-12-02;29.472780802515267;2019-12-02;37.06200547978663;2019-11-25;23.244513978529763;2019-11-25
2019-12-30;2019;1;Agricultural;60103;0.16638104587125435;0.8319052293562716;34.38529768687751;34.540549940063045;2019-12-30;34.38529768687751;2019-12-30;34.540549940063045;2019-12-30;39.5205872341685;2019-12-23;21.795607583134775;2019-12-23;34.98119396106107;2019-12-16;20.975020983219768;2019-12-16;44.99390862944163;2019-12-09;21.387837554995063;2019-12-09;42.790481757812415;2019-12-02;26.918957202688393;2019-12-02
2019-12-30;2019;1;Industrial;340591;0.6752967635668587;1.0863469674771207;37.51611409428294;40.89775579862386;2019-12-30;37.51611409428294;2019-12-30;40.89775579862386;2019-12-30;35.7089988209687;2019-12-23;23.40944506410714;2019-12-23;33.639296012535056;2019-12-16;26.12988865851005;2019-12-16;46.56649839742901;2019-12-09;27.203426758592695;2019-12-09;42.37130550842392;2019-12-02;29.472780802515267;2019-12-02
2023-01-02;2023;1;Agricultural;59596;2.5169474461373245;5.70508087791127;16.358034160613098;25.968008685693892;2023-01-02;16.358034160613098;2023-01-02;25.968008685693892;2023-01-02;;;;;;;;;;;;;;;;
2023-01-02;2023;1;Industrial;341484;2.5769875016106174;3.5726417635965375;18.80133394837745;28.346804285645696;2023-01-02;18.80133394837745;2023-01-02;28.346804285645696;2023-01-02;;;;;;;;;;;;;;;;
2023-01-09;2023;2;Agricultural;59596;2.01355795690986;3.5237264245922546;33.33618564608347;36.13669556940375;2023-01-09;33.33618564608347;2023-01-09;36.13669556940375;2023-01-09;16.358034160613098;2023-01-02;25.968008685693892;2023-01-02;;;;;;;;;;;;
2023-01-09;2023;2;Industrial;341484;2.049876421735718;4.216888638999192;29.835589533503903;22.69736056904156;2023-01-09;29.835589533503903;2023-01-09;22.69736056904156;2023-01-09;18.80133394837745;2023-01-02;28.346804285645696;2023-01-02;;;;;;;;;;;;
2023-01-16;2023;3;Agricultural;59596;2.3491509497281697;3.1881334317739447;29.374148162470068;25.95598511873777;2023-01-16;29.374148162470068;2023-01-16;25.95598511873777;2023-01-16;33.33618564608347;2023-01-09;36.13669556940375;2023-01-09;16.358034160613098;2023-01-02;25.968008685693892;2023-01-02;;;;;;;;
2023-01-16;2023;3;Industrial;341484;1.8741727284440852;3.7483454568881704;31.131358504413914;19.73035688563609;2023-01-16;31.131358504413914;2023-01-16;19.73035688563609;2023-01-16;29.835589533503903;2023-01-09;22.69736056904156;2023-01-09;18.80133394837745;2023-01-02;28.346804285645696;2023-01-02;;;;;;;;
2023-01-23;2023;4;Agricultural;59596;2.01355795690986;5.872877374320424;29.432982690227956;27.258809456527977;2023-01-23;29.432982690227956;2023-01-23;27.258809456527977;2023-01-23;29.374148162470068;2023-01-16;25.95598511873777;2023-01-16;33.33618564608347;2023-01-09;36.13669556940375;2023-01-09;16.358034160613098;2023-01-02;25.968008685693892;2023-01-02;;;;
2023-01-23;2023;4;Industrial;341484;2.079160370617657;4.099752843471436;30.330063910857472;20.04314926023225;2023-01-23;30.330063910857472;2023-01-23;20.04314926023225;2023-01-23;31.131358504413914;2023-01-16;19.73035688563609;2023-01-16;29.835589533503903;2023-01-09;22.69736056904156;2023-01-09;18.80133394837745;2023-01-02;28.346804285645696;2023-01-02;;;;
2023-01-30;2023;5;Agricultural;59596;1.6779649640915497;4.6983018994563395;30.170339247735622;38.95600849022328;2023-01-30;30.170339247735622;2023-01-30;38.95600849022328;2023-01-30;29.432982690227956;2023-01-23;27.258809456527977;2023-01-23;29.374148162470068;2023-01-16;25.95598511873777;2023-01-16;33.33618564608347;2023-01-09;36.13669556940375;2023-01-09;16.358034160613098;2023-01-02;25.968008685693892;2023-01-02
2023-01-30;2023;5;Industrial;341484;2.108444319499596;3.9826170479436813;38.596573472621394;35.45315876026312;2023-01-30;38.596573472621394;2023-01-30;35.45315876026312;2023-01-30;30.330063910857472;2023-01-23;20.04314926023225;2023-01-23;31.131358504413914;2023-01-16;19.73035688563609;2023-01-16;29.835589533503903;2023-01-09;22.69736056904156;2023-01-09;18.80133394837745;2023-01-02;28.346804285645696;2023-01-02
2023-02-06;2023;6;Agricultural;59596;2.5169474461373245;4.866098395865494;29.392847263092815;34.258713845905426;2023-02-06;29.392847263092815;2023-02-06;34.258713845905426;2023-02-06;30.170339247735622;2023-01-30;38.95600849022328;2023-01-30;29.432982690227956;2023-01-23;27.258809456527977;2023-01-23;29.374148162470068;2023-01-16;25.95598511873777;2023-01-16;33.33618564608347;2023-01-09;36.13669556940375;2023-01-09
2023-02-06;2023;6;Industrial;341484;2.1962961661454123;3.367654121422966;34.31215759590915;26.33205737401313;2023-02-06;34.31215759590915;2023-02-06;26.33205737401313;2023-02-06;38.596573472621394;2023-01-30;35.45315876026312;2023-01-30;30.330063910857472;2023-01-23;20.04314926023225;2023-01-23;31.131358504413914;2023-01-16;19.73035688563609;2023-01-16;29.835589533503903;2023-01-09;22.69736056904156;2023-01-09
2023-02-13;2023;7;Agricultural;59596;3.0203369353647895;4.6983018994563395;36.16465530245889;55.54743880388986;2023-02-13;36.16465530245889;2023-02-13;55.54743880388986;2023-02-13;29.392847263092815;2023-02-06;34.258713845905426;2023-02-06;30.170339247735622;2023-01-30;38.95600849022328;2023-01-30;29.432982690227956;2023-01-23;27.258809456527977;2023-01-23;29.374148162470068;2023-01-16;25.95598511873777;2023-01-16
2023-02-13;2023;7;Industrial;341484;2.108444319499596;3.7190615080062317;43.91197201091989;50.4397841229448;2023-02-13;43.91197201091989;2023-02-13;50.4397841229448;2023-02-13;34.31215759590915;2023-02-06;26.33205737401313;2023-02-06;38.596573472621394;2023-01-30;35.45315876026312;2023-01-30;30.330063910857472;2023-01-23;20.04314926023225;2023-01-23;31.131358504413914;2023-01-16;19.73035688563609;2023-01-16
2023-02-20;2023;8;Agricultural;59596;2.3491509497281697;1.6779649640915497;26.021285474196816;52.44911496433724;2023-02-20;26.021285474196816;2023-02-20;52.44911496433724;2023-02-20;36.16465530245889;2023-02-13;55.54743880388986;2023-02-13;29.392847263092815;2023-02-06;34.258713845905426;2023-02-06;30.170339247735622;2023-01-30;38.95600849022328;2023-01-30;29.432982690227956;2023-01-23;27.258809456527977;2023-01-23
2023-02-20;2023;8;Industrial;341484;1.8448887795621463;3.5433578147145988;33.504034126374414;51.67513752752266;2023-02-20;33.504034126374414;2023-02-20;51.67513752752266;2023-02-20;43.91197201091989;2023-02-13;50.4397841229448;2023-02-13;34.31215759590915;2023-02-06;26.33205737401313;2023-02-06;38.596573472621394;2023-01-30;35.45315876026312;2023-01-30;30.330063910857472;2023-01-23;20.04314926023225;2023-01-23
2023-02-27;2023;9;Agricultural;59596;1.8457614605007047;3.3559299281830994;23.767195995402194;30.176692679838272;2023-02-27;23.767195995402194;2023-02-27;30.176692679838272;2023-02-27;26.021285474196816;2023-02-20;52.44911496433724;2023-02-20;36.16465530245889;2023-02-13;55.54743880388986;2023-02-13;29.392847263092815;2023-02-06;34.258713845905426;2023-02-06;30.170339247735622;2023-01-30;38.95600849022328;2023-01-30
2023-02-27;2023;9;Industrial;341484;1.9327406262079627;3.6019257124784763;30.516998753335297;25.440586652628117;2023-02-27;30.516998753335297;2023-02-27;25.440586652628117;2023-02-27;33.504034126374414;2023-02-20;51.67513752752266;2023-02-20;43.91197201091989;2023-02-13;50.4397841229448;2023-02-13;34.31215759590915;2023-02-06;26.33205737401313;2023-02-06;38.596573472621394;2023-01-30;35.45315876026312;2023-01-30
2023-03-06;2023;10;Agricultural;59596;1.3423719712732398;2.01355795690986;21.86183670130604;24.01273108556301;2023-03-06;21.86183670130604;2023-03-06;24.01273108556301;2023-03-06;23.767195995402194;2023-02-27;30.176692679838272;2023-02-27;26.021285474196816;2023-02-20;52.44911496433724;2023-02-20;36.16465530245889;2023-02-13;55.54743880388986;2023-02-13;29.392847263092815;2023-02-06;34.258713845905426;2023-02-06
2023-03-06;2023;10;Industrial;341484;2.1670122172634736;3.953333099061742;30.6075316038933;20.03945642332412;2023-03-06;30.6075316038933;2023-03-06;20.03945642332412;2023-03-06;30.516998753335297;2023-02-27;25.440586652628117;2023-02-27;33.504034126374414;2023-02-20;51.67513752752266;2023-02-20;43.91197201091989;2023-02-13;50.4397841229448;2023-02-13;34.31215759590915;2023-02-06;26.33205737401313;2023-02-06
2023-03-13;2023;11;Agricultural;59596;2.3491509497281697;3.3559299281830994;21.336089185588715;20.744209714464187;2023-03-13;21.336089185588715;2023-03-13;20.744209714464187;2023-03-13;21.86183670130604;2023-03-06;24.01273108556301;2023-03-06;23.767195995402194;2023-02-27;30.176692679838272;2023-02-27;26.021285474196816;2023-02-20;52.44911496433724;2023-02-20;36.16465530245889;2023-02-13;55.54743880388986;2023-02-13
2023-03-13;2023;11;Industrial;341484;1.3470616485691862;3.7483454568881704;24.020210243914153;17.856846195529155;2023-03-13;24.020210243914153;2023-03-13;17.856846195529155;2023-03-13;30.6075316038933;2023-03-06;20.03945642332412;2023-03-06;30.516998753335297;2023-02-27;25.440586652628117;2023-02-27;33.504034126374414;2023-02-20;51.67513752752266;2023-02-20;43.91197201091989;2023-02-13;50.4397841229448;2023-02-13
2023-03-20;2023;12;Agricultural;59596;1.8457614605007047;2.5169474461373245;21.79869650851253;28.600863895091777;2023-03-20;21.79869650851253;2023-03-20;28.600863895091777;2023-03-20;21.336089185588715;2023-03-13;20.744209714464187;2023-03-13;21.86183670130604;2023-03-06;24.01273108556301;2023-03-06;23.767195995402194;2023-02-27;30.176692679838272;2023-02-27;26.021285474196816;2023-02-20;52.44911496433724;2023-02-20
2023-03-20;2023;12;Industrial;341484;1.6691850862705133;3.0455306837216383;26.729167109658476;25.832498508117897;2023-03-20;26.729167109658476;2023-03-20;25.832498508117897;2023-03-20;24.020210243914153;2023-03-13;17.856846195529155;2023-03-13;30.6075316038933;2023-03-06;20.03945642332412;2023-03-06;30.516998753335297;2023-02-27;25.440586652628117;2023-02-27;33.504034126374414;2023-02-20;51.67513752752266;2023-02-20
2023-03-27;2023;13;Agricultural;59596;1.1745754748640849;4.194912410228874;21.46433808766007;15.82656020600902;2023-03-27;21.46433808766007;2023-03-27;15.82656020600902;2023-03-27;21.79869650851253;2023-03-20;28.600863895091777;2023-03-20;21.336089185588715;2023-03-13;20.744209714464187;2023-03-13;21.86183670130604;2023-03-06;24.01273108556301;2023-03-06;23.767195995402194;2023-02-27;30.176692679838272;2023-02-27
2023-03-27;2023;13;Industrial;341484;1.7863208817982688;3.6897775591242925;25.96354384590058;14.341427936949975;2023-03-27;25.96354384590058;2023-03-27;14.341427936949975;2023-03-27;26.729167109658476;2023-03-20;25.832498508117897;2023-03-20;24.020210243914153;2023-03-13;17.856846195529155;2023-03-13;30.6075316038933;2023-03-06;20.03945642332412;2023-03-06;30.516998753335297;2023-02-27;25.440586652628117;2023-02-27
2023-04-03;2023;14;Agricultural;59596;1.3423719712732398;0.8389824820457749;18.30628756700711;18.15262217444052;2023-04-03;18.30628756700711;2023-04-03;18.15262217444052;2023-04-03;21.46433808766007;2023-03-27;15.82656020600902;2023-03-27;21.79869650851253;2023-03-20;28.600863895091777;2023-03-20;21.336089185588715;2023-03-13;20.744209714464187;2023-03-13;21.86183670130604;2023-03-06;24.01273108556301;2023-03-06
2023-04-03;2023;14;Industrial;341484;1.9913085239718407;3.777629405770109;19.208112623380366;14.23771512254011;2023-04-03;19.208112623380366;2023-04-03;14.23771512254011;2023-04-03;25.96354384590058;2023-03-27;14.341427936949975;2023-03-27;26.729167109658476;2023-03-20;25.832498508117897;2023-03-20;24.020210243914153;2023-03-13;17.856846195529155;2023-03-13;30.6075316038933;2023-03-06;20.03945642332412;2023-03-06
2023-04-10;2023;15;Agricultural;59596;3.0203369353647895;3.8593194174105645;15.706938569112669;12.316660257213822;2023-04-10;15.706938569112669;2023-04-10;12.316660257213822;2023-04-10;18.30628756700711;2023-04-03;18.15262217444052;2023-04-03;21.46433808766007;2023-03-27;15.82656020600902;2023-03-27;21.79869650851253;2023-03-20;28.600863895091777;2023-03-20;21.336089185588715;2023-03-13;20.744209714464187;2023-03-13
2023-04-10;2023;15;Industrial;341484;2.284148012791229;4.01190099682562;20.656107242315947;10.556873718181757;2023-04-10;20.656107242315947;2023-04-10;10.556873718181757;2023-04-10;19.208112623380366;2023-04-03;14.23771512254011;2023-04-03;25.96354384590058;2023-03-27;14.341427936949975;2023-03-27;26.729167109658476;2023-03-20;25.832498508117897;2023-03-20;24.020210243914153;2023-03-13;17.856846195529155;2023-03-13
2023-04-17;2023;16;Agricultural;59596;1.8457614605007047;3.0203369353647895;17.08082114652009;13.509230674437331;2023-04-17;17.08082114652009;2023-04-17;13.509230674437331;2023-04-17;15.706938569112669;2023-04-10;12.316660257213822;2023-04-10;18.30628756700711;2023-04-03;18.15262217444052;2023-04-03;21.46433808766007;2023-03-27;15.82656020600902;2023-03-27;21.79869650851253;2023-03-20;28.600863895091777;2023-03-20
2023-04-17;2023;16;Industrial;341484;1.6984690351524523;3.309086223659088;19.09664407980026;8.453963433455199;2023-04-17;19.09664407980026;2023-04-17;8.453963433455199;2023-04-17;20.656107242315947;2023-04-10;10.556873718181757;2023-04-10;19.208112623380366;2023-04-03;14.23771512254011;2023-04-03;25.96354384590058;2023-03-27;14.341427936949975;2023-03-27;26.729167109658476;2023-03-20;25.832498508117897;2023-03-20
2023-04-24;2023;17;Agricultural;59596;1.00677897845493;4.02711591381972;12.500041856205872;12.116086168542406;2023-04-24;12.500041856205872;2023-04-24;12.116086168542406;2023-04-24;17.08082114652009;2023-04-17;13.509230674437331;2023-04-17;15.706938569112669;2023-04-10;12.316660257213822;2023-04-10;18.30628756700711;2023-04-03;18.15262217444052;2023-04-03;21.46433808766007;2023-03-27;15.82656020600902;2023-03-27
2023-04-24;2023;17;Industrial;341484;1.3763455974511252;3.2212343770132716;16.8262077385811;9.369146506252187;2023-04-24;16.8262077385811;2023-04-24;9.369146506252187;2023-04-24;19.09664407980026;2023-04-17;8.453963433455199;2023-04-17;20.656107242315947;2023-04-10;10.556873718181757;2023-04-10;19.208112623380366;2023-04-03;14.23771512254011;2023-04-03;25.96354384590058;2023-03-27;14.341427936949975;2023-03-27
2023-05-01;2023;18;Agricultural;59596;1.3423719712732398;4.6983018994563395;13.672165410626377;14.603596234216282;2023-05-01;13.672165410626377;2023-05-01;14.603596234216282;2023-05-01;12.500041856205872;2023-04-24;12.116086168542406;2023-04-24;17.08082114652009;2023-04-17;13.509230674437331;2023-04-17;15.706938569112669;2023-04-10;12.316660257213822;2023-04-10;18.30628756700711;2023-04-03;18.15262217444052;2023-04-03
2023-05-01;2023;18;Industrial;341484;1.4349134952150027;3.484789916950721;17.58462954166638;11.834928389659028;2023-05-01;17.58462954166638;2023-05-01;11.834928389659028;2023-05-01;16.8262077385811;2023-04-24;9.369146506252187;2023-04-24;19.09664407980026;2023-04-17;8.453963433455199;2023-04-17;20.656107242315947;2023-04-10;10.556873718181757;2023-04-10;19.208112623380366;2023-04-03;14.23771512254011;2023-04-03
2023-05-08;2023;19;Agricultural;59596;2.181354453319015;3.0203369353647895;9.498774059350826;8.360702759322567;2023-05-08;9.498774059350826;2023-05-08;8.360702759322567;2023-05-08;13.672165410626377;2023-05-01;14.603596234216282;2023-05-01;12.500041856205872;2023-04-24;12.116086168542406;2023-04-24;17.08082114652009;2023-04-17;13.509230674437331;2023-04-17;15.706938569112669;2023-04-10;12.316660257213822;2023-04-10
2023-05-08;2023;19;Industrial;341484;1.6106171885066358;3.6604936102423538;16.984337724382495;6.416700248304056;2023-05-08;16.984337724382495;2023-05-08;6.416700248304056;2023-05-08;17.58462954166638;2023-05-01;11.834928389659028;2023-05-01;16.8262077385811;2023-04-24;9.369146506252187;2023-04-24;19.09664407980026;2023-04-17;8.453963433455199;2023-04-17;20.656107242315947;2023-04-10;10.556873718181757;2023-04-10
2023-05-15;2023;20;Agricultural;59596;1.3423719712732398;4.530505403047184;12.874667646852604;9.645490684338343;2023-05-15;12.874667646852604;2023-05-15;9.645490684338343;2023-05-15;9.498774059350826;2023-05-08;8.360702759322567;2023-05-08;13.672165410626377;2023-05-01;14.603596234216282;2023-05-01;12.500041856205872;2023-04-24;12.116086168542406;2023-04-24;17.08082114652009;2023-04-17;13.509230674437331;2023-04-17
2023-05-15;2023;20;Industrial;341484;1.6106171885066358;3.6897775591242925;20.43169966526967;8.290551327603591;2023-05-15;20.43169966526967;2023-05-15;8.290551327603591;2023-05-15;16.984337724382495;2023-05-08;6.416700248304056;2023-05-08;17.58462954166638;2023-05-01;11.834928389659028;2023-05-01;16.8262077385811;2023-04-24;9.369146506252187;2023-04-24;19.09664407980026;2023-04-17;8.453963433455199;2023-04-17
2023-05-22;2023;21;Agricultural;59596;2.01355795690986;3.1881334317739447;14.482424217958226;13.51476971650388;2023-05-22;14.482424217958226;2023-05-22;13.51476971650388;2023-05-22;12.874667646852604;2023-05-15;9.645490684338343;2023-05-15;9.498774059350826;2023-05-08;8.360702759322567;2023-05-08;13.672165410626377;2023-05-01;14.603596234216282;2023-05-01;12.500041856205872;2023-04-24;12.116086168542406;2023-04-24
2023-05-22;2023;21;Industrial;341484;1.6691850862705133;3.6897775591242925;17.485098241293922;9.363221848013225;2023-05-22;17.485098241293922;2023-05-22;9.363221848013225;2023-05-22;20.43169966526967;2023-05-15;8.290551327603591;2023-05-15;16.984337724382495;2023-05-08;6.416700248304056;2023-05-08;17.58462954166638;2023-05-01;11.834928389659028;2023-05-01;16.8262077385811;2023-04-24;9.369146506252187;2023-04-24
2023-05-29;2023;22;Agricultural;59596;1.6779649640915497;4.866098395865494;15.768495025060606;14.645756269400989;2023-05-29;15.768495025060606;2023-05-29;14.645756269400989;2023-05-29;14.482424217958226;2023-05-22;13.51476971650388;2023-05-22;12.874667646852604;2023-05-15;9.645490684338343;2023-05-15;9.498774059350826;2023-05-08;8.360702759322567;2023-05-08;13.672165410626377;2023-05-01;14.603596234216282;2023-05-01
2023-05-29;2023;22;Industrial;341484;1.4934813929788806;3.8654812524159254;16.003029549554494;10.452826945105597;2023-05-29;16.003029549554494;2023-05-29;10.452826945105597;2023-05-29;17.485098241293922;2023-05-22;9.363221848013225;2023-05-22;20.43169966526967;2023-05-15;8.290551327603591;2023-05-15;16.984337724382495;2023-05-08;6.416700248304056;2023-05-08;17.58462954166638;2023-05-01;11.834928389659028;2023-05-01
2023-06-05;2023;23;Agricultural;59596;1.6779649640915497;2.01355795690986;15.165535345122477;12.600283857314954;2023-06-05;15.165535345122477;2023-06-05;12.600283857314954;2023-06-05;15.768495025060606;2023-05-29;14.645756269400989;2023-05-29;14.482424217958226;2023-05-22;13.51476971650388;2023-05-22;12.874667646852604;2023-05-15;9.645490684338343;2023-05-15;9.498774059350826;2023-05-08;8.360702759322567;2023-05-08
2023-06-05;2023;23;Industrial;341484;1.4641974440969416;3.9240491501798034;16.041481353188512;10.571221937183187;2023-06-05;16.041481353188512;2023-06-05;10.571221937183187;2023-06-05;16.003029549554494;2023-05-29;10.452826945105597;2023-05-29;17.485098241293922;2023-05-22;9.363221848013225;2023-05-22;20.43169966526967;2023-05-15;8.290551327603591;2023-05-15;16.984337724382495;2023-05-08;6.416700248304056;2023-05-08
2023-06-12;2023;24;Agricultural;59596;0.8389824820457749;3.1881334317739447;15.0554031687485;10.97104272944956;2023-06-12;15.0554031687485;2023-06-12;10.97104272944956;2023-06-12;15.165535345122477;2023-06-05;12.600283857314954;2023-06-05;15.768495025060606;2023-05-29;14.645756269400989;2023-05-29;14.482424217958226;2023-05-22;13.51476971650388;2023-05-22;12.874667646852604;2023-05-15;9.645490684338343;2023-05-15
2023-06-12;2023;24;Industrial;341484;1.4934813929788806;4.158320741235314;14.481517424154086;9.042015344093176;2023-06-12;14.481517424154086;2023-06-12;9.042015344093176;2023-06-12;16.041481353188512;2023-06-05;10.571221937183187;2023-06-05;16.003029549554494;2023-05-29;10.452826945105597;2023-05-29;17.485098241293922;2023-05-22;9.363221848013225;2023-05-22;20.43169966526967;2023-05-15;8.290551327603591;2023-05-15
2023-06-19;2023;25;Agricultural;59596;1.00677897845493;4.02711591381972;17.977452040649386;16.213434779744997;2023-06-19;17.977452040649386;2023-06-19;16.213434779744997;2023-06-19;15.0554031687485;2023-06-12;10.97104272944956;2023-06-12;15.165535345122477;2023-06-05;12.600283857314954;2023-06-05;15.768495025060606;2023-05-29;14.645756269400989;2023-05-29;14.482424217958226;2023-05-22;13.51476971650388;2023-05-22
2023-06-19;2023;25;Industrial;341484;1.6984690351524523;3.455505968068782;18.771400748684748;12.727262087674651;2023-06-19;18.771400748684748;2023-06-19;12.727262087674651;2023-06-19;14.481517424154086;2023-06-12;9.042015344093176;2023-06-12;16.041481353188512;2023-06-05;10.571221937183187;2023-06-05;16.003029549554494;2023-05-29;10.452826945105597;2023-05-29;17.485098241293922;2023-05-22;9.363221848013225;2023-05-22
2023-06-26;2023;26;Agricultural;59596;1.8457614605007047;4.02711591381972;14.819034162737779;17.437539704966866;2023-06-26;14.819034162737779;2023-06-26;17.437539704966866;2023-06-26;17.977452040649386;2023-06-19;16.213434779744997;2023-06-19;15.0554031687485;2023-06-12;10.97104272944956;2023-06-12;15.165535345122477;2023-06-05;12.600283857314954;2023-06-05;15.768495025060606;2023-05-29;14.645756269400989;2023-05-29
2023-06-26;2023;26;Industrial;341484;1.3177776996872472;4.275456536763069;14.684044278031951;11.960333512816467;2023-06-26;14.684044278031951;2023-06-26;11.960333512816467;2023-06-26;18.771400748684748;2023-06-19;12.727262087674651;2023-06-19;14.481517424154086;2023-06-12;9.042015344093176;2023-06-12;16.041481353188512;2023-06-05;10.571221937183187;2023-06-05;16.003029549554494;2023-05-29;10.452826945105597;2023-05-29
2023-07-03;2023;27;Agricultural;59596;1.5101684676823948;2.5169474461373245;12.484070632878582;12.415071208666998;2023-07-03;12.484070632878582;2023-07-03;12.415071208666998;2023-07-03;14.819034162737779;2023-06-26;17.437539704966866;2023-06-26;17.977452040649386;2023-06-19;16.213434779744997;2023-06-19;15.0554031687485;2023-06-12;10.97104272944956;2023-06-12;15.165535345122477;2023-06-05;12.600283857314954;2023-06-05
2023-07-03;2023;27;Industrial;341484;1.1127900575136755;4.099752843471436;12.538822802131849;8.5968051430492;2023-07-03;12.538822802131849;2023-07-03;8.5968051430492;2023-07-03;14.684044278031951;2023-06-26;11.960333512816467;2023-06-26;18.771400748684748;2023-06-19;12.727262087674651;2023-06-19;14.481517424154086;2023-06-12;9.042015344093176;2023-06-12;16.041481353188512;2023-06-05;10.571221937183187;2023-06-05
2023-07-10;2023;28;Agricultural;59596;1.8457614605007047;2.181354453319015;15.376273055439288;18.161367359383334;2023-07-10;15.376273055439288;2023-07-10;18.161367359383334;2023-07-10;12.484070632878582;2023-07-03;12.415071208666998;2023-07-03;14.819034162737779;2023-06-26;17.437539704966866;2023-06-26;17.977452040649386;2023-06-19;16.213434779744997;2023-06-19;15.0554031687485;2023-06-12;10.97104272944956;2023-06-12
2023-07-10;2023;28;Industrial;341484;1.1420740063956145;4.890419463283784;14.980374462408;13.881525698097935;2023-07-10;14.980374462408;2023-07-10;13.881525698097935;2023-07-10;12.538822802131849;2023-07-03;8.5968051430492;2023-07-03;14.684044278031951;2023-06-26;11.960333512816467;2023-06-26;18.771400748684748;2023-06-19;12.727262087674651;2023-06-19;14.481517424154086;2023-06-12;9.042015344093176;2023-06-12
2023-07-17;2023;29;Agricultural;59596;1.3423719712732398;4.36270890663803;11.21242640637914;16.218793223968945;2023-07-17;11.21242640637914;2023-07-17;16.218793223968945;2023-07-17;15.376273055439288;2023-07-10;18.161367359383334;2023-07-10;12.484070632878582;2023-07-03;12.415071208666998;2023-07-03;14.819034162737779;2023-06-26;17.437539704966866;2023-06-26;17.977452040649386;2023-06-19;16.213434779744997;2023-06-19
2023-07-17;2023;29;Industrial;341484;1.7863208817982688;3.777629405770109;14.1714893184671;14.990881513694449;2023-07-17;14.1714893184671;2023-07-17;14.990881513694449;2023-07-17;14.980374462408;2023-07-10;13.881525698097935;2023-07-10;12.538822802131849;2023-07-03;8.5968051430492;2023-07-03;14.684044278031951;2023-06-26;11.960333512816467;2023-06-26;18.771400748684748;2023-06-19;12.727262087674651;2023-06-19
2023-07-24;2023;30;Agricultural;59596;0.8389824820457749;3.1881334317739447;10.688953148670269;10.676714988983532;2023-07-24;10.688953148670269;2023-07-24;10.676714988983532;2023-07-24;11.21242640637914;2023-07-17;16.218793223968945;2023-07-17;15.376273055439288;2023-07-10;18.161367359383334;2023-07-10;12.484070632878582;2023-07-03;12.415071208666998;2023-07-03;14.819034162737779;2023-06-26;17.437539704966866;2023-06-26
2023-07-24;2023;30;Industrial;341484;1.6106171885066358;3.6604936102423538;13.874698279705601;7.392449447489179;2023-07-24;13.874698279705601;2023-07-24;7.392449447489179;2023-07-24;14.1714893184671;2023-07-17;14.990881513694449;2023-07-17;14.980374462408;2023-07-10;13.881525698097935;2023-07-10;12.538822802131849;2023-07-03;8.5968051430492;2023-07-03;14.684044278031951;2023-06-26;11.960333512816467;2023-06-26
2023-07-31;2023;31;Agricultural;59596;1.1745754748640849;3.1881334317739447;9.728169439020606;9.70841097269998;2023-07-31;9.728169439020606;2023-07-31;9.70841097269998;2023-07-31;10.688953148670269;2023-07-24;10.676714988983532;2023-07-24;11.21242640637914;2023-07-17;16.218793223968945;2023-07-17;15.376273055439288;2023-07-10;18.161367359383334;2023-07-10;12.484070632878582;2023-07-03;12.415071208666998;2023-07-03
2023-07-31;2023;31;Industrial;341484;1.4349134952150027;3.5140738658326596;11.265744071912149;7.841307043055374;2023-07-31;11.265744071912149;2023-07-31;7.841307043055374;2023-07-31;13.874698279705601;2023-07-24;7.392449447489179;2023-07-24;14.1714893184671;2023-07-17;14.990881513694449;2023-07-17;14.980374462408;2023-07-10;13.881525698097935;2023-07-10;12.538822802131849;2023-07-03;8.5968051430492;2023-07-03
2023-08-07;2023;32;Agricultural;59596;1.00677897845493;2.5169474461373245;12.278814598254787;10.390730868845598;2023-08-07;12.278814598254787;2023-08-07;10.390730868845598;2023-08-07;9.728169439020606;2023-07-31;9.70841097269998;2023-07-31;10.688953148670269;2023-07-24;10.676714988983532;2023-07-24;11.21242640637914;2023-07-17;16.218793223968945;2023-07-17;15.376273055439288;2023-07-10;18.161367359383334;2023-07-10
2023-08-07;2023;32;Industrial;341484;1.2592098019233697;3.5140738658326596;11.428210590305168;6.73157011159964;2023-08-07;11.428210590305168;2023-08-07;6.73157011159964;2023-08-07;11.265744071912149;2023-07-31;7.841307043055374;2023-07-31;13.874698279705601;2023-07-24;7.392449447489179;2023-07-24;14.1714893184671;2023-07-17;14.990881513694449;2023-07-17;14.980374462408;2023-07-10;13.881525698097935;2023-07-10
2023-08-14;2023;33;Agricultural;59596;2.181354453319015;5.369487885092959;11.77339092633945;18.041809462902016;2023-08-14;11.77339092633945;2023-08-14;18.041809462902016;2023-08-14;12.278814598254787;2023-08-07;10.390730868845598;2023-08-07;9.728169439020606;2023-07-31;9.70841097269998;2023-07-31;10.688953148670269;2023-07-24;10.676714988983532;2023-07-24;11.21242640637914;2023-07-17;16.218793223968945;2023-07-17
2023-08-14;2023;33;Industrial;341484;1.6106171885066358;3.191950428131333;10.241846607082838;13.039222780868242;2023-08-14;10.241846607082838;2023-08-14;13.039222780868242;2023-08-14;11.428210590305168;2023-08-07;6.73157011159964;2023-08-07;11.265744071912149;2023-07-31;7.841307043055374;2023-07-31;13.874698279705601;2023-07-24;7.392449447489179;2023-07-24;14.1714893184671;2023-07-17;14.990881513694449;2023-07-17
2023-08-21;2023;34;Agricultural;59596;1.6779649640915497;3.1881334317739447;15.350035163462294;22.588759590276613;2023-08-21;15.350035163462294;2023-08-21;22.588759590276613;2023-08-21;11.77339092633945;2023-08-14;18.041809462902016;2023-08-14;12.278814598254787;2023-08-07;10.390730868845598;2023-08-07;9.728169439020606;2023-07-31;9.70841097269998;2023-07-31;10.688953148670269;2023-07-24;10.676714988983532;2023-07-24
2023-08-21;2023;34;Industrial;341484;2.079160370617657;4.421876281172763;14.260926964654399;14.974916231677286;2023-08-21;14.260926964654399;2023-08-21;14.974916231677286;2023-08-21;10.241846607082838;2023-08-14;13.039222780868242;2023-08-14;11.428210590305168;2023-08-07;6.73157011159964;2023-08-07;11.265744071912149;2023-07-31;7.841307043055374;2023-07-31;13.874698279705601;2023-07-24;7.392449447489179;2023-07-24
2023-08-28;2023;35;Agricultural;59596;2.181354453319015;2.6847439425464796;14.048640310713276;12.691039584922418;2023-08-28;14.048640310713276;2023-08-28;12.691039584922418;2023-08-28;15.350035163462294;2023-08-21;22.588759590276613;2023-08-21;11.77339092633945;2023-08-14;18.041809462902016;2023-08-14;12.278814598254787;2023-08-07;10.390730868845598;2023-08-07;9.728169439020606;2023-07-31;9.70841097269998;2023-07-31
2023-08-28;2023;35;Industrial;341484;1.3763455974511252;3.279802274777149;16.518025108204323;8.050269996364609;2023-08-28;16.518025108204323;2023-08-28;8.050269996364609;2023-08-28;14.260926964654399;2023-08-21;14.974916231677286;2023-08-21;10.241846607082838;2023-08-14;13.039222780868242;2023-08-14;11.428210590305168;2023-08-07;6.73157011159964;2023-08-07;11.265744071912149;2023-07-31;7.841307043055374;2023-07-31
2023-09-04;2023;36;Agricultural;59596;1.8457614605007047;2.3491509497281697;18.1756579604342;20.178830108422442;2023-09-04;18.1756579604342;2023-09-04;20.178830108422442;2023-09-04;14.048640310713276;2023-08-28;12.691039584922418;2023-08-28;15.350035163462294;2023-08-21;22.588759590276613;2023-08-21;11.77339092633945;2023-08-14;18.041809462902016;2023-08-14;12.278814598254787;2023-08-07;10.390730868845598;2023-08-07
2023-09-04;2023;36;Industrial;341484;1.5227653418608191;2.5769875016106174;17.9763502390441;11.931395287024397;2023-09-04;17.9763502390441;2023-09-04;11.931395287024397;2023-09-04;16.518025108204323;2023-08-28;8.050269996364609;2023-08-28;14.260926964654399;2023-08-21;14.974916231677286;2023-08-21;10.241846607082838;2023-08-14;13.039222780868242;2023-08-14;11.428210590305168;2023-08-07;6.73157011159964;2023-08-07
2023-09-11;2023;37;Agricultural;59596;1.00677897845493;3.1881334317739447;18.390788447687182;25.09459714995358;2023-09-11;18.390788447687182;2023-09-11;25.09459714995358;2023-09-11;18.1756579604342;2023-09-04;20.178830108422442;2023-09-04;14.048640310713276;2023-08-28;12.691039584922418;2023-08-28;15.350035163462294;2023-08-21;22.588759590276613;2023-08-21;11.77339092633945;2023-08-14;18.041809462902016;2023-08-14
2023-09-11;2023;37;Industrial;341484;1.7863208817982688;3.8654812524159254;19.354751773110454;17.925066791733258;2023-09-11;19.354751773110454;2023-09-11;17.925066791733258;2023-09-11;17.9763502390441;2023-09-04;11.931395287024397;2023-09-04;16.518025108204323;2023-08-28;8.050269996364609;2023-08-28;14.260926964654399;2023-08-21;14.974916231677286;2023-08-21;10.241846607082838;2023-08-14;13.039222780868242;2023-08-14
2023-09-18;2023;38;Agricultural;59596;2.01355795690986;4.194912410228874;14.47927437911524;13.188476157897757;2023-09-18;14.47927437911524;2023-09-18;13.188476157897757;2023-09-18;18.390788447687182;2023-09-11;25.09459714995358;2023-09-11;18.1756579604342;2023-09-04;20.178830108422442;2023-09-04;14.048640310713276;2023-08-28;12.691039584922418;2023-08-28;15.350035163462294;2023-08-21;22.588759590276613;2023-08-21
2023-09-18;2023;38;Industrial;341484;1.4349134952150027;3.6019257124784763;14.505961698070502;7.661450366625741;2023-09-18;14.505961698070502;2023-09-18;7.661450366625741;2023-09-18;19.354751773110454;2023-09-11;17.925066791733258;2023-09-11;17.9763502390441;2023-09-04;11.931395287024397;2023-09-04;16.518025108204323;2023-08-28;8.050269996364609;2023-08-28;14.260926964654399;2023-08-21;14.974916231677286;2023-08-21
2023-09-25;2023;39;Agricultural;59596;1.1745754748640849;3.0203369353647895;23.890526899517486;23.843523655130358;2023-09-25;23.890526899517486;2023-09-25;23.843523655130358;2023-09-25;14.47927437911524;2023-09-18;13.188476157897757;2023-09-18;18.390788447687182;2023-09-11;25.09459714995358;2023-09-11;18.1756579604342;2023-09-04;20.178830108422442;2023-09-04;14.048640310713276;2023-08-28;12.691039584922418;2023-08-28
2023-09-25;2023;39;Industrial;341484;1.581333239624697;4.919703412165724;20.302812969428423;13.297474432227398;2023-09-25;20.302812969428423;2023-09-25;13.297474432227398;2023-09-25;14.505961698070502;2023-09-18;7.661450366625741;2023-09-18;19.354751773110454;2023-09-11;17.925066791733258;2023-09-11;17.9763502390441;2023-09-04;11.931395287024397;2023-09-04;16.518025108204323;2023-08-28;8.050269996364609;2023-08-28
2023-10-02;2023;40;Agricultural;59596;1.1745754748640849;4.194912410228874;23.80016530014299;34.74230600073514;2023-10-02;23.80016530014299;2023-10-02;34.74230600073514;2023-10-02;23.890526899517486;2023-09-25;23.843523655130358;2023-09-25;14.47927437911524;2023-09-18;13.188476157897757;2023-09-18;18.390788447687182;2023-09-11;25.09459714995358;2023-09-11;18.1756579604342;2023-09-04;20.178830108422442;2023-09-04
2023-10-02;2023;40;Industrial;341484;1.8741727284440852;4.099752843471436;23.21163813799395;22.792170105426333;2023-10-02;23.21163813799395;2023-10-02;22.792170105426333;2023-10-02;20.302812969428423;2023-09-25;13.297474432227398;2023-09-25;14.505961698070502;2023-09-18;7.661450366625741;2023-09-18;19.354751773110454;2023-09-11;17.925066791733258;2023-09-11;17.9763502390441;2023-09-04;11.931395287024397;2023-09-04
2023-10-09;2023;41;Agricultural;59596;1.8457614605007047;2.181354453319015;24.344580258743594;27.655215346992197;2023-10-09;24.344580258743594;2023-10-09;27.655215346992197;2023-10-09;23.80016530014299;2023-10-02;34.74230600073514;2023-10-02;23.890526899517486;2023-09-25;23.843523655130358;2023-09-25;14.47927437911524;2023-09-18;13.188476157897757;2023-09-18;18.390788447687182;2023-09-11;25.09459714995358;2023-09-11
2023-10-09;2023;41;Industrial;341484;1.6984690351524523;3.5726417635965375;27.455478165362273;20.024861272112435;2023-10-09;27.455478165362273;2023-10-09;20.024861272112435;2023-10-09;23.21163813799395;2023-10-02;22.792170105426333;2023-10-02;20.302812969428423;2023-09-25;13.297474432227398;2023-09-25;14.505961698070502;2023-09-18;7.661450366625741;2023-09-18;19.354751773110454;2023-09-11;17.925066791733258;2023-09-11
2023-10-16;2023;42;Agricultural;59596;2.01355795690986;1.3423719712732398;20.776392462483454;13.779611140974676;2023-10-16;20.776392462483454;2023-10-16;13.779611140974676;2023-10-16;24.344580258743594;2023-10-09;27.655215346992197;2023-10-09;23.80016530014299;2023-10-02;34.74230600073514;2023-10-02;23.890526899517486;2023-09-25;23.843523655130358;2023-09-25;14.47927437911524;2023-09-18;13.188476157897757;2023-09-18
2023-10-16;2023;42;Industrial;341484;1.6984690351524523;4.129036792353375;22.82169509530897;8.85790080184376;2023-10-16;22.82169509530897;2023-10-16;8.85790080184376;2023-10-16;27.455478165362273;2023-10-09;20.024861272112435;2023-10-09;23.21163813799395;2023-10-02;22.792170105426333;2023-10-02;20.302812969428423;2023-09-25;13.297474432227398;2023-09-25;14.505961698070502;2023-09-18;7.661450366625741;2023-09-18
2023-10-23;2023;43;Agricultural;59596;2.3491509497281697;2.181354453319015;19.2498634892778;15.776235023658318;2023-10-23;19.2498634892778;2023-10-23;15.776235023658318;2023-10-23;20.776392462483454;2023-10-16;13.779611140974676;2023-10-16;24.344580258743594;2023-10-09;27.655215346992197;2023-10-09;23.80016530014299;2023-10-02;34.74230600073514;2023-10-02;23.890526899517486;2023-09-25;23.843523655130358;2023-09-25
2023-10-23;2023;43;Industrial;341484;1.6691850862705133;3.9240491501798034;22.68142538188752;10.031007569158167;2023-10-23;22.68142538188752;2023-10-23;10.031007569158167;2023-10-23;22.82169509530897;2023-10-16;8.85790080184376;2023-10-16;27.455478165362273;2023-10-09;20.024861272112435;2023-10-09;23.21163813799395;2023-10-02;22.792170105426333;2023-10-02;20.302812969428423;2023-09-25;13.297474432227398;2023-09-25
2023-10-30;2023;44;Agricultural;59596;2.852540438955635;3.1881334317739447;15.37832804642002;8.404749510792316;2023-10-30;15.37832804642002;2023-10-30;8.404749510792316;2023-10-30;19.2498634892778;2023-10-23;15.776235023658318;2023-10-23;20.776392462483454;2023-10-16;13.779611140974676;2023-10-16;24.344580258743594;2023-10-09;27.655215346992197;2023-10-09;23.80016530014299;2023-10-02;34.74230600073514;2023-10-02
2023-10-30;2023;44;Industrial;341484;1.727752984034391;4.597579974464397;19.647748586999022;5.567206716556119;2023-10-30;19.647748586999022;2023-10-30;5.567206716556119;2023-10-30;22.68142538188752;2023-10-23;10.031007569158167;2023-10-23;22.82169509530897;2023-10-16;8.85790080184376;2023-10-16;27.455478165362273;2023-10-09;20.024861272112435;2023-10-09;23.21163813799395;2023-10-02;22.792170105426333;2023-10-02
2023-11-06;2023;45;Agricultural;59596;1.1745754748640849;3.3559299281830994;26.419046273416637;21.654087141646077;2023-11-06;26.419046273416637;2023-11-06;21.654087141646077;2023-11-06;15.37832804642002;2023-10-30;8.404749510792316;2023-10-30;19.2498634892778;2023-10-23;15.776235023658318;2023-10-23;20.776392462483454;2023-10-16;13.779611140974676;2023-10-16;24.344580258743594;2023-10-09;27.655215346992197;2023-10-09
2023-11-06;2023;45;Industrial;341484;1.7863208817982688;4.861135514401846;27.644809536384773;10.145495802152425;2023-11-06;27.644809536384773;2023-11-06;10.145495802152425;2023-11-06;19.647748586999022;2023-10-30;5.567206716556119;2023-10-30;22.68142538188752;2023-10-23;10.031007569158167;2023-10-23;22.82169509530897;2023-10-16;8.85790080184376;2023-10-16;27.455478165362273;2023-10-09;20.024861272112435;2023-10-09
2023-11-13;2023;46;Agricultural;59596;2.01355795690986;4.36270890663803;33.17840772193882;27.646735747112025;2023-11-13;33.17840772193882;2023-11-13;27.646735747112025;2023-11-13;26.419046273416637;2023-11-06;21.654087141646077;2023-11-06;15.37832804642002;2023-10-30;8.404749510792316;2023-10-30;19.2498634892778;2023-10-23;15.776235023658318;2023-10-23;20.776392462483454;2023-10-16;13.779611140974676;2023-10-16
2023-11-13;2023;46;Industrial;341484;1.6691850862705133;4.480444178936641;34.6215386191688;18.154719320387684;2023-11-13;34.6215386191688;2023-11-13;18.154719320387684;2023-11-13;27.644809536384773;2023-11-06;10.145495802152425;2023-11-06;19.647748586999022;2023-10-30;5.567206716556119;2023-10-30;22.68142538188752;2023-10-23;10.031007569158167;2023-10-23;22.82169509530897;2023-10-16;8.85790080184376;2023-10-16
2023-11-20;2023;47;Agricultural;59596;1.5101684676823948;3.6915229210014093;35.219874261407945;28.666002349896633;2023-11-20;35.219874261407945;2023-11-20;28.666002349896633;2023-11-20;33.17840772193882;2023-11-13;27.646735747112025;2023-11-13;26.419046273416637;2023-11-06;21.654087141646077;2023-11-06;15.37832804642002;2023-10-30;8.404749510792316;2023-10-30;19.2498634892778;2023-10-23;15.776235023658318;2023-10-23
2023-11-20;2023;47;Industrial;341484;1.552049290742758;4.626863923346336;33.53190424174663;18.665606630129844;2023-11-20;33.53190424174663;2023-11-20;18.665606630129844;2023-11-20;34.6215386191688;2023-11-13;18.154719320387684;2023-11-13;27.644809536384773;2023-11-06;10.145495802152425;2023-11-06;19.647748586999022;2023-10-30;5.567206716556119;2023-10-30;22.68142538188752;2023-10-23;10.031007569158167;2023-10-23
2023-11-27;2023;48;Agricultural;59596;2.5169474461373245;4.194912410228874;32.13543117203751;22.794588013827422;2023-11-27;32.13543117203751;2023-11-27;22.794588013827422;2023-11-27;35.219874261407945;2023-11-20;28.666002349896633;2023-11-20;33.17840772193882;2023-11-13;27.646735747112025;2023-11-13;26.419046273416637;2023-11-06;21.654087141646077;2023-11-06;15.37832804642002;2023-10-30;8.404749510792316;2023-10-30
2023-11-27;2023;48;Industrial;341484;1.7863208817982688;4.919703412165724;36.26893374157172;18.83645585400819;2023-11-27;36.26893374157172;2023-11-27;18.83645585400819;2023-11-27;33.53190424174663;2023-11-20;18.665606630129844;2023-11-20;34.6215386191688;2023-11-13;18.154719320387684;2023-11-13;27.644809536384773;2023-11-06;10.145495802152425;2023-11-06;19.647748586999022;2023-10-30;5.567206716556119;2023-10-30
2023-12-04;2023;49;Agricultural;59596;1.1745754748640849;3.3559299281830994;32.02598654227371;31.447077395736617;2023-12-04;32.02598654227371;2023-12-04;31.447077395736617;2023-12-04;32.13543117203751;2023-11-27;22.794588013827422;2023-11-27;35.219874261407945;2023-11-20;28.666002349896633;2023-11-20;33.17840772193882;2023-11-13;27.646735747112025;2023-11-13;26.419046273416637;2023-11-06;21.654087141646077;2023-11-06
2023-12-04;2023;49;Industrial;341484;2.079160370617657;4.392592332290825;33.66567573685258;25.4739627989766;2023-12-04;33.66567573685258;2023-12-04;25.4739627989766;2023-12-04;36.26893374157172;2023-11-27;18.83645585400819;2023-11-27;33.53190424174663;2023-11-20;18.665606630129844;2023-11-20;34.6215386191688;2023-11-13;18.154719320387684;2023-11-13;27.644809536384773;2023-11-06;10.145495802152425;2023-11-06
2023-12-11;2023;50;Agricultural;59596;1.5101684676823948;3.5237264245922546;31.786587741868317;34.07118742019169;2023-12-11;31.786587741868317;2023-12-11;34.07118742019169;2023-12-11;32.02598654227371;2023-12-04;31.447077395736617;2023-12-04;32.13543117203751;2023-11-27;22.794588013827422;2023-11-27;35.219874261407945;2023-11-20;28.666002349896633;2023-11-20;33.17840772193882;2023-11-13;27.646735747112025;2023-11-13
2023-12-11;2023;50;Industrial;341484;2.108444319499596;4.480444178936641;35.490764692466506;25.19457829465872;2023-12-11;35.490764692466506;2023-12-11;25.19457829465872;2023-12-11;33.66567573685258;2023-12-04;25.4739627989766;2023-12-04;36.26893374157172;2023-11-27;18.83645585400819;2023-11-27;33.53190424174663;2023-11-20;18.665606630129844;2023-11-20;34.6215386191688;2023-11-13;18.154719320387684;2023-11-13
2023-12-18;2023;51;Agricultural;59596;3.3559299281830994;5.369487885092959;33.28754682264655;34.693916402321;2023-12-18;33.28754682264655;2023-12-18;34.693916402321;2023-12-18;31.786587741868317;2023-12-11;34.07118742019169;2023-12-11;32.02598654227371;2023-12-04;31.447077395736617;2023-12-04;32.13543117203751;2023-11-27;22.794588013827422;2023-11-27;35.219874261407945;2023-11-20;28.666002349896633;2023-11-20
2023-12-18;2023;51;Industrial;341484;3.0455306837216383;5.1832589521031736;38.625774492588604;22.78327711624334;2023-12-18;38.625774492588604;2023-12-18;22.78327711624334;2023-12-18;35.490764692466506;2023-12-11;25.19457829465872;2023-12-11;33.66567573685258;2023-12-04;25.4739627989766;2023-12-04;36.26893374157172;2023-11-27;18.83645585400819;2023-11-27;33.53190424174663;2023-11-20;18.665606630129844;2023-11-20
2023-12-25;2023;52;Agricultural;59596;2.5169474461373245;4.866098395865494;26.574128402941408;42.643278891936625;2023-12-25;26.574128402941408;2023-12-25;42.643278891936625;2023-12-25;33.28754682264655;2023-12-18;34.693916402321;2023-12-18;31.786587741868317;2023-12-11;34.07118742019169;2023-12-11;32.02598654227371;2023-12-04;31.447077395736617;2023-12-04;32.13543117203751;2023-11-27;22.794588013827422;2023-11-27
2023-12-25;2023;52;Industrial;341484;3.836197303533987;4.392592332290825;28.79923309543244;36.147771351062154;2023-12-25;28.79923309543244;2023-12-25;36.147771351062154;2023-12-25;38.625774492588604;2023-12-18;22.78327711624334;2023-12-18;35.490764692466506;2023-12-11;25.19457829465872;2023-12-11;33.66567573685258;2023-12-04;25.4739627989766;2023-12-04;36.26893374157172;2023-11-27;18.83645585400819;2023-11-27
